mode: set
github.com/modu-ai/moai-adk/internal/cli/astedit.go:35.37,58.55 2 1
github.com/modu-ai/moai-adk/internal/cli/astedit.go:58.55,60.21 2 1
github.com/modu-ai/moai-adk/internal/cli/astedit.go:60.21,62.5 1 1
github.com/modu-ai/moai-adk/internal/cli/astedit.go:63.4,63.39 1 1
github.com/modu-ai/moai-adk/internal/cli/astedit.go:67.2,75.12 8 1
github.com/modu-ai/moai-adk/internal/cli/astedit.go:79.77,80.52 1 1
github.com/modu-ai/moai-adk/internal/cli/astedit.go:80.52,82.3 1 1
github.com/modu-ai/moai-adk/internal/cli/astedit.go:88.2,88.25 1 1
github.com/modu-ai/moai-adk/internal/cli/astedit.go:88.25,90.3 1 1
github.com/modu-ai/moai-adk/internal/cli/astedit.go:92.2,96.34 4 1
github.com/modu-ai/moai-adk/internal/cli/astedit.go:96.34,99.3 2 0
github.com/modu-ai/moai-adk/internal/cli/astedit.go:101.2,105.25 2 1
github.com/modu-ai/moai-adk/internal/cli/astedit.go:105.25,107.3 1 1
github.com/modu-ai/moai-adk/internal/cli/astedit.go:107.8,109.3 1 1
github.com/modu-ai/moai-adk/internal/cli/astedit.go:110.2,110.16 1 1
github.com/modu-ai/moai-adk/internal/cli/astedit.go:110.16,112.3 1 0
github.com/modu-ai/moai-adk/internal/cli/astedit.go:114.2,114.48 1 1
github.com/modu-ai/moai-adk/internal/cli/astedit.go:118.54,119.48 1 1
github.com/modu-ai/moai-adk/internal/cli/astedit.go:119.48,121.3 1 1
github.com/modu-ai/moai-adk/internal/cli/astedit.go:122.2,122.48 1 1
github.com/modu-ai/moai-adk/internal/cli/astedit.go:122.48,124.3 1 0
github.com/modu-ai/moai-adk/internal/cli/astedit.go:125.2,125.45 1 1
github.com/modu-ai/moai-adk/internal/cli/astedit.go:125.45,127.3 1 0
github.com/modu-ai/moai-adk/internal/cli/astedit.go:128.2,128.54 1 1
github.com/modu-ai/moai-adk/internal/cli/astedit.go:128.54,130.3 1 0
github.com/modu-ai/moai-adk/internal/cli/astedit.go:131.2,131.12 1 1
github.com/modu-ai/moai-adk/internal/cli/astedit.go:135.140,137.16 2 1
github.com/modu-ai/moai-adk/internal/cli/astedit.go:137.16,139.3 1 0
github.com/modu-ai/moai-adk/internal/cli/astedit.go:140.2,140.20 1 1
github.com/modu-ai/moai-adk/internal/cli/astedit.go:149.158,152.16 3 1
github.com/modu-ai/moai-adk/internal/cli/astedit.go:152.16,154.3 1 0
github.com/modu-ai/moai-adk/internal/cli/astedit.go:156.2,163.29 3 1
github.com/modu-ai/moai-adk/internal/cli/astedit.go:163.29,164.48 1 1
github.com/modu-ai/moai-adk/internal/cli/astedit.go:164.48,165.12 1 1
github.com/modu-ai/moai-adk/internal/cli/astedit.go:175.3,175.25 1 1
github.com/modu-ai/moai-adk/internal/cli/astedit.go:175.25,177.12 2 1
github.com/modu-ai/moai-adk/internal/cli/astedit.go:179.3,179.21 1 1
github.com/modu-ai/moai-adk/internal/cli/astedit.go:179.21,181.12 2 1
github.com/modu-ai/moai-adk/internal/cli/astedit.go:184.3,185.17 2 1
github.com/modu-ai/moai-adk/internal/cli/astedit.go:185.17,187.4 1 0
github.com/modu-ai/moai-adk/internal/cli/astedit.go:189.3,190.17 2 1
github.com/modu-ai/moai-adk/internal/cli/astedit.go:190.17,192.4 1 0
github.com/modu-ai/moai-adk/internal/cli/astedit.go:194.3,196.67 3 1
github.com/modu-ai/moai-adk/internal/cli/astedit.go:199.2,199.28 1 1
github.com/modu-ai/moai-adk/internal/cli/astedit.go:199.28,201.23 2 1
github.com/modu-ai/moai-adk/internal/cli/astedit.go:201.23,203.4 1 1
github.com/modu-ai/moai-adk/internal/cli/astedit.go:204.3,204.35 1 1
github.com/modu-ai/moai-adk/internal/cli/astedit.go:204.35,206.4 1 1
github.com/modu-ai/moai-adk/internal/cli/astedit.go:209.2,209.23 1 1
github.com/modu-ai/moai-adk/internal/cli/astedit.go:213.104,216.28 2 1
github.com/modu-ai/moai-adk/internal/cli/astedit.go:216.28,219.48 3 0
github.com/modu-ai/moai-adk/internal/cli/astedit.go:219.48,221.4 1 0
github.com/modu-ai/moai-adk/internal/cli/astedit.go:222.3,222.13 1 0
github.com/modu-ai/moai-adk/internal/cli/astedit.go:225.2,225.19 1 1
github.com/modu-ai/moai-adk/internal/cli/astedit.go:225.19,228.3 1 1
github.com/modu-ai/moai-adk/internal/cli/astedit.go:228.8,231.3 1 1
github.com/modu-ai/moai-adk/internal/cli/astedit.go:233.2,233.40 1 1
github.com/modu-ai/moai-adk/internal/cli/astedit.go:233.40,235.3 1 1
github.com/modu-ai/moai-adk/internal/cli/astedit.go:237.2,237.12 1 1
github.com/modu-ai/moai-adk/internal/cli/astgrep.go:34.37,55.55 2 1
github.com/modu-ai/moai-adk/internal/cli/astgrep.go:55.55,57.21 2 1
github.com/modu-ai/moai-adk/internal/cli/astgrep.go:57.21,59.5 1 1
github.com/modu-ai/moai-adk/internal/cli/astgrep.go:60.4,60.39 1 1
github.com/modu-ai/moai-adk/internal/cli/astgrep.go:65.2,71.12 6 1
github.com/modu-ai/moai-adk/internal/cli/astgrep.go:83.59,84.21 1 1
github.com/modu-ai/moai-adk/internal/cli/astgrep.go:84.21,86.3 1 1
github.com/modu-ai/moai-adk/internal/cli/astgrep.go:87.2,88.42 2 1
github.com/modu-ai/moai-adk/internal/cli/astgrep.go:88.42,90.3 1 0
github.com/modu-ai/moai-adk/internal/cli/astgrep.go:94.2,94.74 1 1
github.com/modu-ai/moai-adk/internal/cli/astgrep.go:98.77,100.20 2 1
github.com/modu-ai/moai-adk/internal/cli/astgrep.go:100.20,106.3 1 0
github.com/modu-ai/moai-adk/internal/cli/astgrep.go:107.2,114.15 2 1
github.com/modu-ai/moai-adk/internal/cli/astgrep.go:114.15,116.3 1 1
github.com/modu-ai/moai-adk/internal/cli/astgrep.go:118.2,120.16 3 1
github.com/modu-ai/moai-adk/internal/cli/astgrep.go:120.16,122.3 1 0
github.com/modu-ai/moai-adk/internal/cli/astgrep.go:124.2,125.16 2 1
github.com/modu-ai/moai-adk/internal/cli/astgrep.go:125.16,132.52 1 0
github.com/modu-ai/moai-adk/internal/cli/astgrep.go:132.52,139.4 2 0
github.com/modu-ai/moai-adk/internal/cli/astgrep.go:140.3,140.46 1 0
github.com/modu-ai/moai-adk/internal/cli/astgrep.go:144.2,144.22 1 1
github.com/modu-ai/moai-adk/internal/cli/astgrep.go:144.22,146.3 1 0
github.com/modu-ai/moai-adk/internal/cli/astgrep.go:149.2,149.26 1 1
github.com/modu-ai/moai-adk/internal/cli/astgrep.go:149.26,151.3 1 0
github.com/modu-ai/moai-adk/internal/cli/astgrep.go:155.2,155.39 1 1
github.com/modu-ai/moai-adk/internal/cli/astgrep.go:156.14,157.51 1 1
github.com/modu-ai/moai-adk/internal/cli/astgrep.go:157.51,159.4 1 0
github.com/modu-ai/moai-adk/internal/cli/astgrep.go:160.15,161.52 1 1
github.com/modu-ai/moai-adk/internal/cli/astgrep.go:161.52,163.4 1 0
github.com/modu-ai/moai-adk/internal/cli/astgrep.go:164.10,165.28 1 1
github.com/modu-ai/moai-adk/internal/cli/astgrep.go:172.2,172.33 1 1
github.com/modu-ai/moai-adk/internal/cli/astgrep.go:172.33,174.3 1 1
github.com/modu-ai/moai-adk/internal/cli/astgrep.go:176.2,176.12 1 1
github.com/modu-ai/moai-adk/internal/cli/astgrep.go:180.92,183.16 3 1
github.com/modu-ai/moai-adk/internal/cli/astgrep.go:183.16,186.3 2 0
github.com/modu-ai/moai-adk/internal/cli/astgrep.go:188.2,188.21 1 1
github.com/modu-ai/moai-adk/internal/cli/astgrep.go:188.21,191.3 2 0
github.com/modu-ai/moai-adk/internal/cli/astgrep.go:193.2,194.26 2 1
github.com/modu-ai/moai-adk/internal/cli/astgrep.go:194.26,196.17 2 1
github.com/modu-ai/moai-adk/internal/cli/astgrep.go:196.17,198.4 1 0
github.com/modu-ai/moai-adk/internal/cli/astgrep.go:199.3,199.80 1 1
github.com/modu-ai/moai-adk/internal/cli/astgrep.go:199.80,200.12 1 0
github.com/modu-ai/moai-adk/internal/cli/astgrep.go:202.3,202.100 1 1
github.com/modu-ai/moai-adk/internal/cli/astgrep.go:205.2,205.12 1 1
github.com/modu-ai/moai-adk/internal/cli/astgrep.go:209.65,211.24 2 1
github.com/modu-ai/moai-adk/internal/cli/astgrep.go:211.24,214.3 2 1
github.com/modu-ai/moai-adk/internal/cli/astgrep.go:216.2,217.29 2 1
github.com/modu-ai/moai-adk/internal/cli/astgrep.go:217.29,219.19 2 1
github.com/modu-ai/moai-adk/internal/cli/astgrep.go:219.19,221.4 1 1
github.com/modu-ai/moai-adk/internal/cli/astgrep.go:226.71,227.21 1 1
github.com/modu-ai/moai-adk/internal/cli/astgrep.go:227.21,229.3 1 1
github.com/modu-ai/moai-adk/internal/cli/astgrep.go:231.2,233.45 3 1
github.com/modu-ai/moai-adk/internal/cli/astgrep.go:233.45,235.3 1 0
github.com/modu-ai/moai-adk/internal/cli/astgrep.go:237.2,237.12 1 1
github.com/modu-ai/moai-adk/internal/cli/astgrep.go:241.72,246.16 3 1
github.com/modu-ai/moai-adk/internal/cli/astgrep.go:246.16,248.3 1 0
github.com/modu-ai/moai-adk/internal/cli/astgrep.go:250.2,251.12 2 1
github.com/modu-ai/moai-adk/internal/cli/astgrep.go:265.59,270.16 5 1
github.com/modu-ai/moai-adk/internal/cli/astgrep.go:270.16,272.3 1 0
github.com/modu-ai/moai-adk/internal/cli/astgrep.go:273.2,273.25 1 1
github.com/modu-ai/moai-adk/internal/cli/astgrep.go:280.31,281.26 1 1
github.com/modu-ai/moai-adk/internal/cli/astgrep.go:281.26,283.17 2 1
github.com/modu-ai/moai-adk/internal/cli/astgrep.go:283.17,286.4 2 1
github.com/modu-ai/moai-adk/internal/cli/astgrep.go:287.3,288.14 2 1
github.com/modu-ai/moai-adk/internal/cli/astgrep.go:288.14,291.4 2 1
github.com/modu-ai/moai-adk/internal/cli/astgrep.go:292.3,292.22 1 1
github.com/modu-ai/moai-adk/internal/cli/astgrep.go:294.2,294.24 1 1
github.com/modu-ai/moai-adk/internal/cli/astgrep.go:304.78,305.16 1 1
github.com/modu-ai/moai-adk/internal/cli/astgrep.go:305.16,307.3 1 1
github.com/modu-ai/moai-adk/internal/cli/astgrep.go:308.2,310.29 3 1
github.com/modu-ai/moai-adk/internal/cli/astgrep.go:310.29,313.31 2 1
github.com/modu-ai/moai-adk/internal/cli/astgrep.go:313.31,315.4 1 1
github.com/modu-ai/moai-adk/internal/cli/astgrep.go:317.2,317.12 1 1
github.com/modu-ai/moai-adk/internal/cli/astgrep.go:321.89,323.29 2 1
github.com/modu-ai/moai-adk/internal/cli/astgrep.go:323.29,324.39 1 1
github.com/modu-ai/moai-adk/internal/cli/astgrep.go:325.16,326.19 1 1
github.com/modu-ai/moai-adk/internal/cli/astgrep.go:326.19,328.5 1 1
github.com/modu-ai/moai-adk/internal/cli/astgrep.go:329.18,330.36 1 1
github.com/modu-ai/moai-adk/internal/cli/astgrep.go:330.36,332.5 1 1
github.com/modu-ai/moai-adk/internal/cli/astgrep.go:333.11,334.34 1 1
github.com/modu-ai/moai-adk/internal/cli/astgrep.go:337.2,337.17 1 1
github.com/modu-ai/moai-adk/internal/cli/audit_pin.go:30.78,33.57 2 1
github.com/modu-ai/moai-adk/internal/cli/audit_pin.go:33.57,35.3 1 1
github.com/modu-ai/moai-adk/internal/cli/audit_pin.go:37.2,38.16 2 1
github.com/modu-ai/moai-adk/internal/cli/audit_pin.go:38.16,40.3 1 0
github.com/modu-ai/moai-adk/internal/cli/audit_pin.go:42.2,47.55 2 1
github.com/modu-ai/moai-adk/internal/cli/audit_pin.go:47.55,49.3 1 1
github.com/modu-ai/moai-adk/internal/cli/audit_pin.go:51.2,51.36 1 1
github.com/modu-ai/moai-adk/internal/cli/audit_pin.go:58.62,60.16 2 1
github.com/modu-ai/moai-adk/internal/cli/audit_pin.go:60.16,62.3 1 0
github.com/modu-ai/moai-adk/internal/cli/audit_pin.go:63.2,63.14 1 1
github.com/modu-ai/moai-adk/internal/cli/branch_protection.go:38.56,40.2 1 1
github.com/modu-ai/moai-adk/internal/cli/branch_protection.go:47.33,47.59 1 0
github.com/modu-ai/moai-adk/internal/cli/branch_protection.go:50.81,53.2 2 0
github.com/modu-ai/moai-adk/internal/cli/branch_protection.go:56.104,60.2 3 0
github.com/modu-ai/moai-adk/internal/cli/branch_protection.go:64.90,66.16 2 0
github.com/modu-ai/moai-adk/internal/cli/branch_protection.go:66.16,68.3 1 0
github.com/modu-ai/moai-adk/internal/cli/branch_protection.go:69.2,71.57 3 0
github.com/modu-ai/moai-adk/internal/cli/branch_protection.go:71.57,73.3 1 0
github.com/modu-ai/moai-adk/internal/cli/branch_protection.go:74.2,74.32 1 0
github.com/modu-ai/moai-adk/internal/cli/branch_protection.go:100.95,102.9 2 1
github.com/modu-ai/moai-adk/internal/cli/branch_protection.go:102.9,105.3 1 1
github.com/modu-ai/moai-adk/internal/cli/branch_protection.go:107.2,108.16 2 1
github.com/modu-ai/moai-adk/internal/cli/branch_protection.go:108.16,110.3 1 0
github.com/modu-ai/moai-adk/internal/cli/branch_protection.go:112.2,113.47 2 1
github.com/modu-ai/moai-adk/internal/cli/branch_protection.go:113.47,115.3 1 0
github.com/modu-ai/moai-adk/internal/cli/branch_protection.go:116.2,116.26 1 1
github.com/modu-ai/moai-adk/internal/cli/branch_protection.go:121.58,123.16 2 1
github.com/modu-ai/moai-adk/internal/cli/branch_protection.go:123.16,125.3 1 1
github.com/modu-ai/moai-adk/internal/cli/branch_protection.go:126.2,126.12 1 1
github.com/modu-ai/moai-adk/internal/cli/branch_protection.go:132.127,134.45 1 1
github.com/modu-ai/moai-adk/internal/cli/branch_protection.go:134.45,136.23 2 1
github.com/modu-ai/moai-adk/internal/cli/branch_protection.go:136.23,138.4 1 0
github.com/modu-ai/moai-adk/internal/cli/branch_protection.go:139.3,142.4 1 1
github.com/modu-ai/moai-adk/internal/cli/branch_protection.go:146.2,147.16 2 1
github.com/modu-ai/moai-adk/internal/cli/branch_protection.go:147.16,149.3 1 0
github.com/modu-ai/moai-adk/internal/cli/branch_protection.go:154.2,159.16 4 1
github.com/modu-ai/moai-adk/internal/cli/branch_protection.go:159.16,164.3 1 0
github.com/modu-ai/moai-adk/internal/cli/branch_protection.go:166.2,166.12 1 1
github.com/modu-ai/moai-adk/internal/cli/branch_protection.go:170.57,172.33 2 1
github.com/modu-ai/moai-adk/internal/cli/branch_protection.go:172.33,174.3 1 1
github.com/modu-ai/moai-adk/internal/cli/branch_protection.go:175.2,175.13 1 1
github.com/modu-ai/moai-adk/internal/cli/cc.go:110.13,112.2 1 1
github.com/modu-ai/moai-adk/internal/cli/cc.go:115.53,116.27 1 1
github.com/modu-ai/moai-adk/internal/cli/cc.go:116.27,117.37 1 1
github.com/modu-ai/moai-adk/internal/cli/cc.go:117.37,119.4 1 1
github.com/modu-ai/moai-adk/internal/cli/cc.go:120.3,120.18 1 1
github.com/modu-ai/moai-adk/internal/cli/cc.go:120.18,121.9 1 0
github.com/modu-ai/moai-adk/internal/cli/cc.go:129.2,129.53 1 1
github.com/modu-ai/moai-adk/internal/cli/cc.go:129.53,131.3 1 1
github.com/modu-ai/moai-adk/internal/cli/cc.go:133.2,134.16 2 1
github.com/modu-ai/moai-adk/internal/cli/cc.go:134.16,136.3 1 0
github.com/modu-ai/moai-adk/internal/cli/cc.go:146.2,147.16 2 1
github.com/modu-ai/moai-adk/internal/cli/cc.go:147.16,149.3 1 1
github.com/modu-ai/moai-adk/internal/cli/cc.go:150.2,153.67 4 1
github.com/modu-ai/moai-adk/internal/cli/cc.go:154.25,166.28 8 1
github.com/modu-ai/moai-adk/internal/cli/cc.go:166.28,168.4 1 1
github.com/modu-ai/moai-adk/internal/cli/cc.go:169.3,169.26 1 1
github.com/modu-ai/moai-adk/internal/cli/cc.go:170.27,179.28 6 1
github.com/modu-ai/moai-adk/internal/cli/cc.go:179.28,181.4 1 1
github.com/modu-ai/moai-adk/internal/cli/cc.go:182.3,182.26 1 1
github.com/modu-ai/moai-adk/internal/cli/cc.go:184.2,184.27 1 1
github.com/modu-ai/moai-adk/internal/cli/cc.go:184.27,185.64 1 1
github.com/modu-ai/moai-adk/internal/cli/cc.go:186.25,201.29 8 1
github.com/modu-ai/moai-adk/internal/cli/cc.go:201.29,203.5 1 1
github.com/modu-ai/moai-adk/internal/cli/cc.go:204.4,204.27 1 1
github.com/modu-ai/moai-adk/internal/cli/cc.go:205.30,214.29 6 0
github.com/modu-ai/moai-adk/internal/cli/cc.go:214.29,216.5 1 0
github.com/modu-ai/moai-adk/internal/cli/cc.go:217.4,217.27 1 0
github.com/modu-ai/moai-adk/internal/cli/cc.go:225.2,225.60 1 1
github.com/modu-ai/moai-adk/internal/cli/cc.go:225.60,227.3 1 0
github.com/modu-ai/moai-adk/internal/cli/cc.go:228.2,229.59 2 1
github.com/modu-ai/moai-adk/internal/cli/cg.go:55.13,57.2 1 1
github.com/modu-ai/moai-adk/internal/cli/cg.go:60.53,63.27 1 1
github.com/modu-ai/moai-adk/internal/cli/cg.go:63.27,64.37 1 1
github.com/modu-ai/moai-adk/internal/cli/cg.go:64.37,66.4 1 1
github.com/modu-ai/moai-adk/internal/cli/cg.go:67.3,67.18 1 1
github.com/modu-ai/moai-adk/internal/cli/cg.go:67.18,68.9 1 0
github.com/modu-ai/moai-adk/internal/cli/cg.go:78.2,78.48 1 1
github.com/modu-ai/moai-adk/internal/cli/cg.go:78.48,80.3 1 0
github.com/modu-ai/moai-adk/internal/cli/cg.go:84.2,84.47 1 1
github.com/modu-ai/moai-adk/internal/cli/cg.go:84.47,86.3 1 1
github.com/modu-ai/moai-adk/internal/cli/cg.go:90.2,90.53 1 1
github.com/modu-ai/moai-adk/internal/cli/cg.go:90.53,92.3 1 0
github.com/modu-ai/moai-adk/internal/cli/cg.go:94.2,95.16 2 1
github.com/modu-ai/moai-adk/internal/cli/cg.go:95.16,97.3 1 0
github.com/modu-ai/moai-adk/internal/cli/cg.go:99.2,99.60 1 1
github.com/modu-ai/moai-adk/internal/cli/cg.go:99.60,101.3 1 0
github.com/modu-ai/moai-adk/internal/cli/cg.go:102.2,103.63 2 1
github.com/modu-ai/moai-adk/internal/cli/chain.go:40.35,59.2 7 1
github.com/modu-ai/moai-adk/internal/cli/chain.go:64.48,66.16 2 1
github.com/modu-ai/moai-adk/internal/cli/chain.go:66.16,68.3 1 0
github.com/modu-ai/moai-adk/internal/cli/chain.go:69.2,69.53 1 1
github.com/modu-ai/moai-adk/internal/cli/chain.go:69.53,71.3 1 0
github.com/modu-ai/moai-adk/internal/cli/chain.go:72.2,73.34 2 1
github.com/modu-ai/moai-adk/internal/cli/chain.go:77.40,79.2 1 1
github.com/modu-ai/moai-adk/internal/cli/chain.go:92.58,94.16 2 1
github.com/modu-ai/moai-adk/internal/cli/chain.go:94.16,96.3 1 0
github.com/modu-ai/moai-adk/internal/cli/chain.go:97.2,104.60 4 1
github.com/modu-ai/moai-adk/internal/cli/chain.go:121.77,123.32 2 1
github.com/modu-ai/moai-adk/internal/cli/chain.go:123.32,125.3 1 1
github.com/modu-ai/moai-adk/internal/cli/chain.go:126.2,126.62 1 1
github.com/modu-ai/moai-adk/internal/cli/chain.go:126.62,129.3 2 1
github.com/modu-ai/moai-adk/internal/cli/chain.go:130.2,130.98 1 1
github.com/modu-ai/moai-adk/internal/cli/chain.go:130.98,133.3 2 1
github.com/modu-ai/moai-adk/internal/cli/chain.go:134.2,134.18 1 1
github.com/modu-ai/moai-adk/internal/cli/chain.go:140.54,142.16 2 1
github.com/modu-ai/moai-adk/internal/cli/chain.go:142.16,144.3 1 0
github.com/modu-ai/moai-adk/internal/cli/chain.go:145.2,145.62 1 1
github.com/modu-ai/moai-adk/internal/cli/chain.go:145.62,147.3 1 0
github.com/modu-ai/moai-adk/internal/cli/chain.go:148.2,148.55 1 1
github.com/modu-ai/moai-adk/internal/cli/chain.go:148.55,150.3 1 0
github.com/modu-ai/moai-adk/internal/cli/chain.go:151.2,151.39 1 1
github.com/modu-ai/moai-adk/internal/cli/chain.go:151.39,153.3 1 0
github.com/modu-ai/moai-adk/internal/cli/chain.go:154.2,154.12 1 1
github.com/modu-ai/moai-adk/internal/cli/chain.go:158.38,161.2 2 1
github.com/modu-ai/moai-adk/internal/cli/chain.go:165.26,166.61 1 1
github.com/modu-ai/moai-adk/internal/cli/chain.go:166.61,168.3 1 1
github.com/modu-ai/moai-adk/internal/cli/chain.go:169.2,170.16 2 0
github.com/modu-ai/moai-adk/internal/cli/chain.go:170.16,172.3 1 0
github.com/modu-ai/moai-adk/internal/cli/chain.go:173.2,173.12 1 0
github.com/modu-ai/moai-adk/internal/cli/chain.go:179.35,180.15 1 1
github.com/modu-ai/moai-adk/internal/cli/chain.go:180.15,182.3 1 1
github.com/modu-ai/moai-adk/internal/cli/chain.go:185.2,185.70 1 1
github.com/modu-ai/moai-adk/internal/cli/chain.go:185.70,187.3 1 1
github.com/modu-ai/moai-adk/internal/cli/chain.go:189.2,189.62 1 1
github.com/modu-ai/moai-adk/internal/cli/chain.go:189.62,191.65 1 1
github.com/modu-ai/moai-adk/internal/cli/chain.go:191.65,193.4 1 0
github.com/modu-ai/moai-adk/internal/cli/chain.go:195.2,195.14 1 1
github.com/modu-ai/moai-adk/internal/cli/chain.go:200.41,204.55 1 1
github.com/modu-ai/moai-adk/internal/cli/chain.go:204.55,206.4 1 0
github.com/modu-ai/moai-adk/internal/cli/chain.go:210.72,213.22 2 1
github.com/modu-ai/moai-adk/internal/cli/chain.go:213.22,217.3 3 1
github.com/modu-ai/moai-adk/internal/cli/chain.go:219.2,220.16 2 1
github.com/modu-ai/moai-adk/internal/cli/chain.go:220.16,223.3 2 0
github.com/modu-ai/moai-adk/internal/cli/chain.go:225.2,227.16 3 1
github.com/modu-ai/moai-adk/internal/cli/chain.go:227.16,230.3 2 1
github.com/modu-ai/moai-adk/internal/cli/chain.go:232.2,234.29 3 1
github.com/modu-ai/moai-adk/internal/cli/chain.go:234.29,236.3 1 0
github.com/modu-ai/moai-adk/internal/cli/chain.go:237.2,237.23 1 1
github.com/modu-ai/moai-adk/internal/cli/chain.go:237.23,239.3 1 1
github.com/modu-ai/moai-adk/internal/cli/chain.go:240.2,240.26 1 1
github.com/modu-ai/moai-adk/internal/cli/chain.go:240.26,242.3 1 1
github.com/modu-ai/moai-adk/internal/cli/chain.go:243.2,243.39 1 1
github.com/modu-ai/moai-adk/internal/cli/chain.go:243.39,245.3 1 0
github.com/modu-ai/moai-adk/internal/cli/chain.go:246.2,246.29 1 1
github.com/modu-ai/moai-adk/internal/cli/chain.go:246.29,248.3 1 1
github.com/modu-ai/moai-adk/internal/cli/chain.go:249.2,249.26 1 1
github.com/modu-ai/moai-adk/internal/cli/chain.go:249.26,251.3 1 0
github.com/modu-ai/moai-adk/internal/cli/chain.go:252.2,254.12 2 1
github.com/modu-ai/moai-adk/internal/cli/chain.go:259.42,263.55 1 1
github.com/modu-ai/moai-adk/internal/cli/chain.go:263.55,265.4 1 0
github.com/modu-ai/moai-adk/internal/cli/chain.go:269.73,272.16 3 1
github.com/modu-ai/moai-adk/internal/cli/chain.go:272.16,275.3 2 0
github.com/modu-ai/moai-adk/internal/cli/chain.go:277.2,279.16 3 1
github.com/modu-ai/moai-adk/internal/cli/chain.go:279.16,282.3 2 0
github.com/modu-ai/moai-adk/internal/cli/chain.go:284.2,284.32 1 1
github.com/modu-ai/moai-adk/internal/cli/chain.go:284.32,287.3 2 0
github.com/modu-ai/moai-adk/internal/cli/chain.go:289.2,291.23 3 1
github.com/modu-ai/moai-adk/internal/cli/chain.go:291.23,293.3 1 1
github.com/modu-ai/moai-adk/internal/cli/chain.go:295.2,296.38 2 1
github.com/modu-ai/moai-adk/internal/cli/chain.go:296.38,299.24 3 1
github.com/modu-ai/moai-adk/internal/cli/chain.go:299.24,301.4 1 1
github.com/modu-ai/moai-adk/internal/cli/chain.go:302.3,302.15 1 1
github.com/modu-ai/moai-adk/internal/cli/chain.go:302.15,304.28 2 1
github.com/modu-ai/moai-adk/internal/cli/chain.go:304.28,306.5 1 1
github.com/modu-ai/moai-adk/internal/cli/chain.go:307.4,307.22 1 1
github.com/modu-ai/moai-adk/internal/cli/chain.go:307.22,309.5 1 1
github.com/modu-ai/moai-adk/internal/cli/chain.go:310.4,310.25 1 1
github.com/modu-ai/moai-adk/internal/cli/chain.go:310.25,312.5 1 0
github.com/modu-ai/moai-adk/internal/cli/chain.go:313.4,313.25 1 1
github.com/modu-ai/moai-adk/internal/cli/chain.go:313.25,315.5 1 0
github.com/modu-ai/moai-adk/internal/cli/chain.go:316.9,318.4 1 0
github.com/modu-ai/moai-adk/internal/cli/chain.go:319.3,319.8 1 1
github.com/modu-ai/moai-adk/internal/cli/chain.go:322.2,322.12 1 1
github.com/modu-ai/moai-adk/internal/cli/chain.go:327.39,331.55 1 1
github.com/modu-ai/moai-adk/internal/cli/chain.go:331.55,333.4 1 0
github.com/modu-ai/moai-adk/internal/cli/chain.go:337.70,340.16 3 1
github.com/modu-ai/moai-adk/internal/cli/chain.go:340.16,343.3 2 0
github.com/modu-ai/moai-adk/internal/cli/chain.go:345.2,347.16 3 1
github.com/modu-ai/moai-adk/internal/cli/chain.go:347.16,350.3 2 0
github.com/modu-ai/moai-adk/internal/cli/chain.go:352.2,352.29 1 1
github.com/modu-ai/moai-adk/internal/cli/chain.go:352.29,355.3 2 1
github.com/modu-ai/moai-adk/internal/cli/chain.go:357.2,358.26 2 1
github.com/modu-ai/moai-adk/internal/cli/chain.go:358.26,359.36 1 1
github.com/modu-ai/moai-adk/internal/cli/chain.go:359.36,361.28 2 1
github.com/modu-ai/moai-adk/internal/cli/chain.go:361.28,363.5 1 1
github.com/modu-ai/moai-adk/internal/cli/chain.go:364.4,364.29 1 1
github.com/modu-ai/moai-adk/internal/cli/chain.go:364.29,366.5 1 1
github.com/modu-ai/moai-adk/internal/cli/chain.go:367.4,367.28 1 1
github.com/modu-ai/moai-adk/internal/cli/chain.go:367.28,369.5 1 1
github.com/modu-ai/moai-adk/internal/cli/chain.go:370.4,370.14 1 1
github.com/modu-ai/moai-adk/internal/cli/chain.go:374.2,375.12 2 0
github.com/modu-ai/moai-adk/internal/cli/chain.go:390.39,394.55 1 1
github.com/modu-ai/moai-adk/internal/cli/chain.go:394.55,396.4 1 0
github.com/modu-ai/moai-adk/internal/cli/chain.go:400.70,402.16 2 1
github.com/modu-ai/moai-adk/internal/cli/chain.go:402.16,405.3 2 0
github.com/modu-ai/moai-adk/internal/cli/chain.go:407.2,408.21 2 1
github.com/modu-ai/moai-adk/internal/cli/chain.go:408.21,411.3 2 0
github.com/modu-ai/moai-adk/internal/cli/chain.go:414.2,417.26 3 1
github.com/modu-ai/moai-adk/internal/cli/chain.go:417.26,420.17 3 1
github.com/modu-ai/moai-adk/internal/cli/chain.go:420.17,422.4 1 1
github.com/modu-ai/moai-adk/internal/cli/chain.go:423.3,424.19 2 1
github.com/modu-ai/moai-adk/internal/cli/chain.go:424.19,426.4 1 0
github.com/modu-ai/moai-adk/internal/cli/chain.go:427.3,427.106 1 1
github.com/modu-ai/moai-adk/internal/cli/chain.go:430.2,430.12 1 1
github.com/modu-ai/moai-adk/internal/cli/chain.go:435.47,437.16 2 1
github.com/modu-ai/moai-adk/internal/cli/chain.go:437.16,439.3 1 1
github.com/modu-ai/moai-adk/internal/cli/chain.go:440.2,444.16 5 1
github.com/modu-ai/moai-adk/internal/cli/chain.go:444.16,446.3 1 0
github.com/modu-ai/moai-adk/internal/cli/chain.go:447.2,447.16 1 1
github.com/modu-ai/moai-adk/internal/cli/chain.go:451.81,452.21 1 1
github.com/modu-ai/moai-adk/internal/cli/chain.go:452.21,454.3 1 1
github.com/modu-ai/moai-adk/internal/cli/chain.go:455.2,455.28 1 1
github.com/modu-ai/moai-adk/internal/cli/chain.go:455.28,456.31 1 0
github.com/modu-ai/moai-adk/internal/cli/chain.go:456.31,458.33 2 0
github.com/modu-ai/moai-adk/internal/cli/chain.go:458.33,460.5 1 0
github.com/modu-ai/moai-adk/internal/cli/chain.go:461.4,461.26 1 0
github.com/modu-ai/moai-adk/internal/cli/chain.go:464.2,464.24 1 1
github.com/modu-ai/moai-adk/internal/cli/chain.go:470.34,470.61 1 0
github.com/modu-ai/moai-adk/internal/cli/chain.go:474.40,479.55 2 1
github.com/modu-ai/moai-adk/internal/cli/chain.go:479.55,481.4 1 0
github.com/modu-ai/moai-adk/internal/cli/chain.go:483.2,484.12 2 1
github.com/modu-ai/moai-adk/internal/cli/chain.go:487.84,489.16 2 1
github.com/modu-ai/moai-adk/internal/cli/chain.go:489.16,492.3 2 0
github.com/modu-ai/moai-adk/internal/cli/chain.go:494.2,496.16 3 1
github.com/modu-ai/moai-adk/internal/cli/chain.go:496.16,499.3 2 0
github.com/modu-ai/moai-adk/internal/cli/chain.go:501.2,501.31 1 1
github.com/modu-ai/moai-adk/internal/cli/chain.go:501.31,504.3 2 0
github.com/modu-ai/moai-adk/internal/cli/chain.go:506.2,506.12 1 1
github.com/modu-ai/moai-adk/internal/cli/chain.go:506.12,509.3 1 1
github.com/modu-ai/moai-adk/internal/cli/chain.go:509.8,514.32 3 0
github.com/modu-ai/moai-adk/internal/cli/chain.go:514.32,516.4 1 0
github.com/modu-ai/moai-adk/internal/cli/chain.go:519.2,519.44 1 1
github.com/modu-ai/moai-adk/internal/cli/chain.go:519.44,521.3 1 1
github.com/modu-ai/moai-adk/internal/cli/chain.go:523.2,523.12 1 1
github.com/modu-ai/moai-adk/internal/cli/chain.go:527.35,528.19 1 1
github.com/modu-ai/moai-adk/internal/cli/chain.go:528.19,530.3 1 1
github.com/modu-ai/moai-adk/internal/cli/chain.go:531.2,531.40 1 1
github.com/modu-ai/moai-adk/internal/cli/clean.go:19.35,38.55 3 1
github.com/modu-ai/moai-adk/internal/cli/clean.go:38.55,42.12 2 1
github.com/modu-ai/moai-adk/internal/cli/clean.go:42.12,44.5 1 1
github.com/modu-ai/moai-adk/internal/cli/clean.go:45.4,45.29 1 0
github.com/modu-ai/moai-adk/internal/cli/clean.go:49.2,52.12 3 1
github.com/modu-ai/moai-adk/internal/cli/clean.go:69.52,72.16 2 1
github.com/modu-ai/moai-adk/internal/cli/clean.go:72.16,74.3 1 0
github.com/modu-ai/moai-adk/internal/cli/clean.go:79.2,83.16 3 1
github.com/modu-ai/moai-adk/internal/cli/clean.go:83.16,85.3 1 0
github.com/modu-ai/moai-adk/internal/cli/clean.go:87.2,87.24 1 1
github.com/modu-ai/moai-adk/internal/cli/clean.go:87.24,90.3 2 0
github.com/modu-ai/moai-adk/internal/cli/clean.go:93.2,95.16 3 1
github.com/modu-ai/moai-adk/internal/cli/clean.go:95.16,96.25 1 0
github.com/modu-ai/moai-adk/internal/cli/clean.go:96.25,99.4 2 0
github.com/modu-ai/moai-adk/internal/cli/clean.go:100.3,100.46 1 0
github.com/modu-ai/moai-adk/internal/cli/clean.go:103.2,106.32 3 1
github.com/modu-ai/moai-adk/internal/cli/clean.go:106.32,107.21 1 1
github.com/modu-ai/moai-adk/internal/cli/clean.go:107.21,108.12 1 0
github.com/modu-ai/moai-adk/internal/cli/clean.go:110.3,111.17 2 1
github.com/modu-ai/moai-adk/internal/cli/clean.go:111.17,112.12 1 0
github.com/modu-ai/moai-adk/internal/cli/clean.go:114.3,114.36 1 1
github.com/modu-ai/moai-adk/internal/cli/clean.go:114.36,116.4 1 1
github.com/modu-ai/moai-adk/internal/cli/clean.go:119.2,119.24 1 1
github.com/modu-ai/moai-adk/internal/cli/clean.go:119.24,122.3 2 0
github.com/modu-ai/moai-adk/internal/cli/clean.go:125.2,125.32 1 1
github.com/modu-ai/moai-adk/internal/cli/clean.go:125.32,126.12 1 1
github.com/modu-ai/moai-adk/internal/cli/clean.go:126.12,127.45 1 1
github.com/modu-ai/moai-adk/internal/cli/clean.go:127.45,129.5 1 0
github.com/modu-ai/moai-adk/internal/cli/clean.go:129.10,131.5 1 1
github.com/modu-ai/moai-adk/internal/cli/clean.go:132.9,134.4 1 1
github.com/modu-ai/moai-adk/internal/cli/clean.go:137.2,137.12 1 1
github.com/modu-ai/moai-adk/internal/cli/clean.go:137.12,139.3 1 1
github.com/modu-ai/moai-adk/internal/cli/clean.go:141.2,141.12 1 1
github.com/modu-ai/moai-adk/internal/cli/clean.go:145.54,151.16 4 1
github.com/modu-ai/moai-adk/internal/cli/clean.go:151.16,152.25 1 0
github.com/modu-ai/moai-adk/internal/cli/clean.go:152.25,154.4 1 0
github.com/modu-ai/moai-adk/internal/cli/clean.go:155.3,155.51 1 0
github.com/modu-ai/moai-adk/internal/cli/clean.go:158.2,159.55 2 1
github.com/modu-ai/moai-adk/internal/cli/clean.go:159.55,161.3 1 0
github.com/modu-ai/moai-adk/internal/cli/clean.go:163.2,163.41 1 1
github.com/modu-ai/moai-adk/internal/cli/clean_home.go:63.39,65.37 2 1
github.com/modu-ai/moai-adk/internal/cli/clean_home.go:65.37,67.3 1 1
github.com/modu-ai/moai-adk/internal/cli/clean_home.go:68.2,68.50 1 1
github.com/modu-ai/moai-adk/internal/cli/clean_home.go:68.50,69.16 1 1
github.com/modu-ai/moai-adk/internal/cli/clean_home.go:69.16,70.12 1 0
github.com/modu-ai/moai-adk/internal/cli/clean_home.go:72.3,72.54 1 1
github.com/modu-ai/moai-adk/internal/cli/clean_home.go:72.54,74.4 1 1
github.com/modu-ai/moai-adk/internal/cli/clean_home.go:75.3,75.44 1 1
github.com/modu-ai/moai-adk/internal/cli/clean_home.go:75.44,77.4 1 1
github.com/modu-ai/moai-adk/internal/cli/clean_home.go:79.2,79.14 1 1
github.com/modu-ai/moai-adk/internal/cli/clean_home.go:100.43,102.16 2 1
github.com/modu-ai/moai-adk/internal/cli/clean_home.go:102.16,104.3 1 0
github.com/modu-ai/moai-adk/internal/cli/clean_home.go:105.2,106.16 2 1
github.com/modu-ai/moai-adk/internal/cli/clean_home.go:106.16,107.25 1 1
github.com/modu-ai/moai-adk/internal/cli/clean_home.go:107.25,109.4 1 1
github.com/modu-ai/moai-adk/internal/cli/clean_home.go:110.3,110.56 1 0
github.com/modu-ai/moai-adk/internal/cli/clean_home.go:112.2,113.55 2 1
github.com/modu-ai/moai-adk/internal/cli/clean_home.go:113.55,115.3 1 0
github.com/modu-ai/moai-adk/internal/cli/clean_home.go:116.2,116.44 1 1
github.com/modu-ai/moai-adk/internal/cli/clean_home.go:116.44,118.3 1 1
github.com/modu-ai/moai-adk/internal/cli/clean_home.go:119.2,119.46 1 1
github.com/modu-ai/moai-adk/internal/cli/clean_home.go:143.128,145.24 2 1
github.com/modu-ai/moai-adk/internal/cli/clean_home.go:145.24,147.3 1 0
github.com/modu-ai/moai-adk/internal/cli/clean_home.go:148.2,150.48 2 1
github.com/modu-ai/moai-adk/internal/cli/clean_home.go:150.48,152.20 2 1
github.com/modu-ai/moai-adk/internal/cli/clean_home.go:152.20,154.4 1 0
github.com/modu-ai/moai-adk/internal/cli/clean_home.go:155.3,155.27 1 1
github.com/modu-ai/moai-adk/internal/cli/clean_home.go:155.27,157.4 1 0
github.com/modu-ai/moai-adk/internal/cli/clean_home.go:158.3,163.5 1 1
github.com/modu-ai/moai-adk/internal/cli/clean_home.go:167.2,168.58 2 1
github.com/modu-ai/moai-adk/internal/cli/clean_home.go:168.58,169.30 1 1
github.com/modu-ai/moai-adk/internal/cli/clean_home.go:169.30,170.18 1 1
github.com/modu-ai/moai-adk/internal/cli/clean_home.go:170.18,171.13 1 1
github.com/modu-ai/moai-adk/internal/cli/clean_home.go:173.4,175.18 3 1
github.com/modu-ai/moai-adk/internal/cli/clean_home.go:175.18,176.13 1 1
github.com/modu-ai/moai-adk/internal/cli/clean_home.go:178.4,178.30 1 1
github.com/modu-ai/moai-adk/internal/cli/clean_home.go:178.30,180.53 2 1
github.com/modu-ai/moai-adk/internal/cli/clean_home.go:180.53,181.14 1 1
github.com/modu-ai/moai-adk/internal/cli/clean_home.go:183.5,185.18 3 1
github.com/modu-ai/moai-adk/internal/cli/clean_home.go:185.18,187.24 2 0
github.com/modu-ai/moai-adk/internal/cli/clean_home.go:187.24,188.15 1 0
github.com/modu-ai/moai-adk/internal/cli/clean_home.go:190.6,190.21 1 0
github.com/modu-ai/moai-adk/internal/cli/clean_home.go:192.5,192.28 1 1
github.com/modu-ai/moai-adk/internal/cli/clean_home.go:198.2,203.53 4 1
github.com/modu-ai/moai-adk/internal/cli/clean_home.go:203.53,204.29 1 1
github.com/modu-ai/moai-adk/internal/cli/clean_home.go:204.29,205.17 1 1
github.com/modu-ai/moai-adk/internal/cli/clean_home.go:205.17,206.13 1 0
github.com/modu-ai/moai-adk/internal/cli/clean_home.go:208.4,209.52 2 1
github.com/modu-ai/moai-adk/internal/cli/clean_home.go:209.52,210.13 1 1
github.com/modu-ai/moai-adk/internal/cli/clean_home.go:212.4,212.62 1 1
github.com/modu-ai/moai-adk/internal/cli/clean_home.go:217.2,218.56 2 1
github.com/modu-ai/moai-adk/internal/cli/clean_home.go:218.56,219.29 1 1
github.com/modu-ai/moai-adk/internal/cli/clean_home.go:219.29,220.62 1 1
github.com/modu-ai/moai-adk/internal/cli/clean_home.go:220.62,221.13 1 1
github.com/modu-ai/moai-adk/internal/cli/clean_home.go:223.4,224.52 2 1
github.com/modu-ai/moai-adk/internal/cli/clean_home.go:224.52,225.13 1 1
github.com/modu-ai/moai-adk/internal/cli/clean_home.go:227.4,228.43 2 1
github.com/modu-ai/moai-adk/internal/cli/clean_home.go:228.43,229.13 1 1
github.com/modu-ai/moai-adk/internal/cli/clean_home.go:231.4,232.22 2 1
github.com/modu-ai/moai-adk/internal/cli/clean_home.go:232.22,233.13 1 0
github.com/modu-ai/moai-adk/internal/cli/clean_home.go:235.4,235.29 1 1
github.com/modu-ai/moai-adk/internal/cli/clean_home.go:239.2,239.19 1 1
github.com/modu-ai/moai-adk/internal/cli/clean_home.go:246.115,248.16 2 1
github.com/modu-ai/moai-adk/internal/cli/clean_home.go:248.16,250.3 1 1
github.com/modu-ai/moai-adk/internal/cli/clean_home.go:251.2,259.28 5 1
github.com/modu-ai/moai-adk/internal/cli/clean_home.go:259.28,260.16 1 1
github.com/modu-ai/moai-adk/internal/cli/clean_home.go:260.16,261.12 1 0
github.com/modu-ai/moai-adk/internal/cli/clean_home.go:263.3,264.78 2 1
github.com/modu-ai/moai-adk/internal/cli/clean_home.go:264.78,265.12 1 1
github.com/modu-ai/moai-adk/internal/cli/clean_home.go:267.3,268.17 2 1
github.com/modu-ai/moai-adk/internal/cli/clean_home.go:268.17,269.12 1 0
github.com/modu-ai/moai-adk/internal/cli/clean_home.go:272.3,272.45 1 1
github.com/modu-ai/moai-adk/internal/cli/clean_home.go:272.45,274.12 2 1
github.com/modu-ai/moai-adk/internal/cli/clean_home.go:276.3,276.85 1 1
github.com/modu-ai/moai-adk/internal/cli/clean_home.go:278.2,278.39 1 1
github.com/modu-ai/moai-adk/internal/cli/clean_home.go:278.39,278.84 1 1
github.com/modu-ai/moai-adk/internal/cli/clean_home.go:279.2,280.16 2 1
github.com/modu-ai/moai-adk/internal/cli/clean_home.go:280.16,282.3 1 1
github.com/modu-ai/moai-adk/internal/cli/clean_home.go:283.2,286.45 3 1
github.com/modu-ai/moai-adk/internal/cli/clean_home.go:286.45,289.44 3 1
github.com/modu-ai/moai-adk/internal/cli/clean_home.go:289.44,291.4 1 0
github.com/modu-ai/moai-adk/internal/cli/clean_home.go:292.3,297.5 1 1
github.com/modu-ai/moai-adk/internal/cli/clean_home.go:299.2,299.26 1 1
github.com/modu-ai/moai-adk/internal/cli/clean_home.go:299.26,301.102 2 1
github.com/modu-ai/moai-adk/internal/cli/clean_home.go:301.102,303.4 1 1
github.com/modu-ai/moai-adk/internal/cli/clean_home.go:305.2,305.19 1 1
github.com/modu-ai/moai-adk/internal/cli/clean_home.go:313.54,315.75 2 1
github.com/modu-ai/moai-adk/internal/cli/clean_home.go:315.75,316.17 1 1
github.com/modu-ai/moai-adk/internal/cli/clean_home.go:316.17,319.4 2 0
github.com/modu-ai/moai-adk/internal/cli/clean_home.go:320.3,321.44 2 1
github.com/modu-ai/moai-adk/internal/cli/clean_home.go:321.44,324.4 2 1
github.com/modu-ai/moai-adk/internal/cli/clean_home.go:325.3,325.13 1 1
github.com/modu-ai/moai-adk/internal/cli/clean_home.go:327.2,327.14 1 1
github.com/modu-ai/moai-adk/internal/cli/clean_home.go:332.56,334.16 2 1
github.com/modu-ai/moai-adk/internal/cli/clean_home.go:334.16,336.3 1 0
github.com/modu-ai/moai-adk/internal/cli/clean_home.go:337.2,337.35 1 1
github.com/modu-ai/moai-adk/internal/cli/clean_home.go:342.52,345.79 3 1
github.com/modu-ai/moai-adk/internal/cli/clean_home.go:345.79,346.17 1 1
github.com/modu-ai/moai-adk/internal/cli/clean_home.go:346.17,348.4 1 0
github.com/modu-ai/moai-adk/internal/cli/clean_home.go:349.3,349.27 1 1
github.com/modu-ai/moai-adk/internal/cli/clean_home.go:349.27,350.49 1 1
github.com/modu-ai/moai-adk/internal/cli/clean_home.go:350.49,353.5 2 1
github.com/modu-ai/moai-adk/internal/cli/clean_home.go:355.3,355.13 1 1
github.com/modu-ai/moai-adk/internal/cli/clean_home.go:357.2,357.26 1 1
github.com/modu-ai/moai-adk/internal/cli/clean_home.go:368.56,370.16 2 1
github.com/modu-ai/moai-adk/internal/cli/clean_home.go:370.16,372.3 1 0
github.com/modu-ai/moai-adk/internal/cli/clean_home.go:373.2,373.49 1 1
github.com/modu-ai/moai-adk/internal/cli/clean_home.go:373.49,376.3 2 1
github.com/modu-ai/moai-adk/internal/cli/clean_home.go:377.2,378.16 2 1
github.com/modu-ai/moai-adk/internal/cli/clean_home.go:378.16,380.3 1 0
github.com/modu-ai/moai-adk/internal/cli/clean_home.go:381.2,381.20 1 1
github.com/modu-ai/moai-adk/internal/cli/clean_home.go:381.20,384.3 2 1
github.com/modu-ai/moai-adk/internal/cli/clean_home.go:385.2,386.26 2 1
github.com/modu-ai/moai-adk/internal/cli/clean_home.go:386.26,389.3 2 0
github.com/modu-ai/moai-adk/internal/cli/clean_home.go:390.2,391.31 2 1
github.com/modu-ai/moai-adk/internal/cli/clean_home.go:391.31,393.12 2 1
github.com/modu-ai/moai-adk/internal/cli/clean_home.go:393.12,394.50 1 1
github.com/modu-ai/moai-adk/internal/cli/clean_home.go:394.50,396.5 1 0
github.com/modu-ai/moai-adk/internal/cli/clean_home.go:396.10,398.5 1 1
github.com/modu-ai/moai-adk/internal/cli/clean_home.go:399.9,401.4 1 1
github.com/modu-ai/moai-adk/internal/cli/clean_home.go:403.2,403.11 1 1
github.com/modu-ai/moai-adk/internal/cli/clean_home.go:403.11,405.3 1 1
github.com/modu-ai/moai-adk/internal/cli/clean_home.go:405.8,407.3 1 1
github.com/modu-ai/moai-adk/internal/cli/clean_home.go:408.2,408.12 1 1
github.com/modu-ai/moai-adk/internal/cli/codex_contract.go:56.49,58.2 1 1
github.com/modu-ai/moai-adk/internal/cli/codex_contract.go:78.46,80.2 1 1
github.com/modu-ai/moai-adk/internal/cli/codex_contract.go:94.71,96.16 2 1
github.com/modu-ai/moai-adk/internal/cli/codex_contract.go:96.16,98.3 1 0
github.com/modu-ai/moai-adk/internal/cli/codex_contract.go:99.2,99.83 1 1
github.com/modu-ai/moai-adk/internal/cli/codex_contract.go:99.83,101.3 1 1
github.com/modu-ai/moai-adk/internal/cli/codex_contract.go:103.2,106.29 4 1
github.com/modu-ai/moai-adk/internal/cli/codex_contract.go:106.29,107.15 1 1
github.com/modu-ai/moai-adk/internal/cli/codex_contract.go:108.16,109.12 1 0
github.com/modu-ai/moai-adk/internal/cli/codex_contract.go:110.13,112.12 2 1
github.com/modu-ai/moai-adk/internal/cli/codex_contract.go:114.3,116.18 3 1
github.com/modu-ai/moai-adk/internal/cli/codex_contract.go:116.18,117.27 1 1
github.com/modu-ai/moai-adk/internal/cli/codex_contract.go:117.27,119.10 2 1
github.com/modu-ai/moai-adk/internal/cli/codex_contract.go:121.4,121.97 1 0
github.com/modu-ai/moai-adk/internal/cli/codex_contract.go:123.3,124.10 2 1
github.com/modu-ai/moai-adk/internal/cli/codex_contract.go:125.43,126.115 1 1
github.com/modu-ai/moai-adk/internal/cli/codex_contract.go:127.40,128.150 1 1
github.com/modu-ai/moai-adk/internal/cli/codex_contract.go:130.3,131.16 2 1
github.com/modu-ai/moai-adk/internal/cli/codex_contract.go:137.2,138.132 2 1
github.com/modu-ai/moai-adk/internal/cli/codex_contract.go:138.132,140.3 1 1
github.com/modu-ai/moai-adk/internal/cli/codex_contract.go:141.2,141.20 1 1
github.com/modu-ai/moai-adk/internal/cli/codex_contract.go:146.42,147.9 1 1
github.com/modu-ai/moai-adk/internal/cli/codex_contract.go:148.17,149.21 1 1
github.com/modu-ai/moai-adk/internal/cli/codex_contract.go:150.29,151.19 1 1
github.com/modu-ai/moai-adk/internal/cli/codex_contract.go:152.31,153.22 1 1
github.com/modu-ai/moai-adk/internal/cli/codex_contract.go:154.28,155.18 1 1
github.com/modu-ai/moai-adk/internal/cli/codex_contract.go:156.56,157.28 1 1
github.com/modu-ai/moai-adk/internal/cli/codex_contract.go:158.28,159.18 1 1
github.com/modu-ai/moai-adk/internal/cli/codex_contract.go:160.31,161.21 1 1
github.com/modu-ai/moai-adk/internal/cli/codex_contract.go:162.10,163.20 1 0
github.com/modu-ai/moai-adk/internal/cli/codex_contract.go:173.71,177.59 4 1
github.com/modu-ai/moai-adk/internal/cli/codex_contract.go:177.59,178.69 1 1
github.com/modu-ai/moai-adk/internal/cli/codex_contract.go:178.69,180.12 2 1
github.com/modu-ai/moai-adk/internal/cli/codex_contract.go:182.3,182.14 1 1
github.com/modu-ai/moai-adk/internal/cli/codex_contract.go:182.14,183.12 1 1
github.com/modu-ai/moai-adk/internal/cli/codex_contract.go:185.3,186.16 2 1
github.com/modu-ai/moai-adk/internal/cli/codex_contract.go:186.16,187.40 1 0
github.com/modu-ai/moai-adk/internal/cli/codex_contract.go:187.40,189.5 1 0
github.com/modu-ai/moai-adk/internal/cli/codex_contract.go:190.4,190.12 1 0
github.com/modu-ai/moai-adk/internal/cli/codex_contract.go:192.3,192.54 1 1
github.com/modu-ai/moai-adk/internal/cli/codex_contract.go:192.54,194.12 2 0
github.com/modu-ai/moai-adk/internal/cli/codex_contract.go:196.3,196.34 1 1
github.com/modu-ai/moai-adk/internal/cli/codex_contract.go:196.34,197.12 1 1
github.com/modu-ai/moai-adk/internal/cli/codex_contract.go:199.3,199.82 1 1
github.com/modu-ai/moai-adk/internal/cli/codex_contract.go:199.82,201.4 1 1
github.com/modu-ai/moai-adk/internal/cli/codex_contract.go:203.2,203.14 1 1
github.com/modu-ai/moai-adk/internal/cli/codex_contract.go:210.58,212.45 2 1
github.com/modu-ai/moai-adk/internal/cli/codex_contract.go:212.45,214.3 1 0
github.com/modu-ai/moai-adk/internal/cli/codex_contract.go:215.2,215.42 1 1
github.com/modu-ai/moai-adk/internal/cli/codex_contract.go:224.69,227.20 3 1
github.com/modu-ai/moai-adk/internal/cli/codex_contract.go:227.20,229.3 1 0
github.com/modu-ai/moai-adk/internal/cli/codex_contract.go:232.2,233.27 2 1
github.com/modu-ai/moai-adk/internal/cli/codex_contract.go:233.27,235.18 2 1
github.com/modu-ai/moai-adk/internal/cli/codex_contract.go:235.18,237.4 1 1
github.com/modu-ai/moai-adk/internal/cli/codex_contract.go:238.3,238.17 1 1
github.com/modu-ai/moai-adk/internal/cli/codex_contract.go:242.2,251.53 6 1
github.com/modu-ai/moai-adk/internal/cli/codex_contract.go:251.53,253.3 1 0
github.com/modu-ai/moai-adk/internal/cli/codex_contract.go:254.2,254.9 1 1
github.com/modu-ai/moai-adk/internal/cli/codex_contract.go:255.21,257.18 2 1
github.com/modu-ai/moai-adk/internal/cli/codex_contract.go:257.18,259.4 1 1
github.com/modu-ai/moai-adk/internal/cli/codex_contract.go:260.3,260.80 1 1
github.com/modu-ai/moai-adk/internal/cli/codex_contract.go:261.92,262.121 1 1
github.com/modu-ai/moai-adk/internal/cli/codex_contract.go:265.2,267.53 3 1
github.com/modu-ai/moai-adk/internal/cli/codex_contract.go:267.53,269.3 1 0
github.com/modu-ai/moai-adk/internal/cli/codex_contract.go:270.2,270.9 1 1
github.com/modu-ai/moai-adk/internal/cli/codex_contract.go:271.21,272.98 1 1
github.com/modu-ai/moai-adk/internal/cli/codex_contract.go:273.78,274.122 1 1
github.com/modu-ai/moai-adk/internal/cli/codex_contract.go:279.2,285.15 3 1
github.com/modu-ai/moai-adk/internal/cli/codex_contract.go:285.15,289.28 1 1
github.com/modu-ai/moai-adk/internal/cli/codex_contract.go:289.28,290.19 1 1
github.com/modu-ai/moai-adk/internal/cli/codex_contract.go:290.19,291.13 1 1
github.com/modu-ai/moai-adk/internal/cli/codex_contract.go:293.4,293.78 1 0
github.com/modu-ai/moai-adk/internal/cli/codex_contract.go:293.78,295.5 1 0
github.com/modu-ai/moai-adk/internal/cli/codex_contract.go:298.2,298.26 1 1
github.com/modu-ai/moai-adk/internal/cli/codex_contract.go:298.26,301.18 3 1
github.com/modu-ai/moai-adk/internal/cli/codex_contract.go:301.18,303.4 1 1
github.com/modu-ai/moai-adk/internal/cli/codex_contract.go:304.3,304.51 1 1
github.com/modu-ai/moai-adk/internal/cli/codex_contract.go:304.51,307.4 2 0
github.com/modu-ai/moai-adk/internal/cli/codex_contract.go:308.3,308.46 1 1
github.com/modu-ai/moai-adk/internal/cli/codex_contract.go:308.46,311.4 2 0
github.com/modu-ai/moai-adk/internal/cli/codex_contract.go:312.3,312.41 1 1
github.com/modu-ai/moai-adk/internal/cli/codex_contract.go:312.41,314.4 1 0
github.com/modu-ai/moai-adk/internal/cli/codex_contract.go:315.3,319.5 1 1
github.com/modu-ai/moai-adk/internal/cli/codex_contract.go:323.2,323.24 1 1
github.com/modu-ai/moai-adk/internal/cli/codex_contract.go:323.24,324.74 1 1
github.com/modu-ai/moai-adk/internal/cli/codex_contract.go:324.74,327.4 2 0
github.com/modu-ai/moai-adk/internal/cli/codex_contract.go:328.3,328.21 1 1
github.com/modu-ai/moai-adk/internal/cli/codex_contract.go:330.2,330.21 1 1
github.com/modu-ai/moai-adk/internal/cli/codex_contract.go:330.21,332.3 1 1
github.com/modu-ai/moai-adk/internal/cli/codex_contract.go:333.2,333.12 1 1
github.com/modu-ai/moai-adk/internal/cli/codex_init.go:52.63,53.14 1 1
github.com/modu-ai/moai-adk/internal/cli/codex_init.go:53.14,55.3 1 1
github.com/modu-ai/moai-adk/internal/cli/codex_init.go:56.2,56.59 1 1
github.com/modu-ai/moai-adk/internal/cli/codex_init.go:56.59,58.3 1 0
github.com/modu-ai/moai-adk/internal/cli/codex_init.go:69.69,71.3 1 0
github.com/modu-ai/moai-adk/internal/cli/codex_init.go:116.39,119.2 2 1
github.com/modu-ai/moai-adk/internal/cli/codex_init.go:124.86,130.2 4 1
github.com/modu-ai/moai-adk/internal/cli/codex_init.go:135.65,136.79 1 1
github.com/modu-ai/moai-adk/internal/cli/codex_init.go:136.79,138.3 1 0
github.com/modu-ai/moai-adk/internal/cli/codex_init.go:139.2,139.12 1 1
github.com/modu-ai/moai-adk/internal/cli/codex_init.go:144.57,146.2 1 1
github.com/modu-ai/moai-adk/internal/cli/codex_init.go:152.71,154.43 2 1
github.com/modu-ai/moai-adk/internal/cli/codex_init.go:154.43,156.3 1 1
github.com/modu-ai/moai-adk/internal/cli/codex_init.go:158.2,161.29 3 1
github.com/modu-ai/moai-adk/internal/cli/codex_init.go:161.29,166.3 2 1
github.com/modu-ai/moai-adk/internal/cli/codex_init.go:168.2,168.60 1 1
github.com/modu-ai/moai-adk/internal/cli/codex_init.go:168.60,172.3 2 1
github.com/modu-ai/moai-adk/internal/cli/codex_init.go:174.2,179.17 1 1
github.com/modu-ai/moai-adk/internal/cli/codex_init.go:179.17,184.3 2 1
github.com/modu-ai/moai-adk/internal/cli/codex_init.go:186.2,190.17 1 1
github.com/modu-ai/moai-adk/internal/cli/codex_init.go:190.17,193.3 2 1
github.com/modu-ai/moai-adk/internal/cli/codex_init.go:194.2,194.12 1 1
github.com/modu-ai/moai-adk/internal/cli/codex_job_control.go:94.43,95.14 1 0
github.com/modu-ai/moai-adk/internal/cli/codex_job_control.go:95.14,97.3 1 0
github.com/modu-ai/moai-adk/internal/cli/codex_job_control.go:98.2,99.16 2 0
github.com/modu-ai/moai-adk/internal/cli/codex_job_control.go:99.16,101.3 1 0
github.com/modu-ai/moai-adk/internal/cli/codex_job_control.go:102.2,102.36 1 0
github.com/modu-ai/moai-adk/internal/cli/codex_job_control.go:102.36,104.3 1 0
github.com/modu-ai/moai-adk/internal/cli/codex_job_control.go:105.2,105.12 1 0
github.com/modu-ai/moai-adk/internal/cli/codex_job_control.go:148.100,150.22 2 1
github.com/modu-ai/moai-adk/internal/cli/codex_job_control.go:150.22,152.3 1 1
github.com/modu-ai/moai-adk/internal/cli/codex_job_control.go:153.2,153.51 1 1
github.com/modu-ai/moai-adk/internal/cli/codex_job_control.go:161.100,163.22 2 1
github.com/modu-ai/moai-adk/internal/cli/codex_job_control.go:163.22,165.3 1 1
github.com/modu-ai/moai-adk/internal/cli/codex_job_control.go:167.2,172.18 2 1
github.com/modu-ai/moai-adk/internal/cli/codex_job_control.go:172.18,175.3 2 1
github.com/modu-ai/moai-adk/internal/cli/codex_job_control.go:175.8,177.3 1 1
github.com/modu-ai/moai-adk/internal/cli/codex_job_control.go:178.2,178.51 1 1
github.com/modu-ai/moai-adk/internal/cli/codex_job_control.go:191.100,193.22 2 1
github.com/modu-ai/moai-adk/internal/cli/codex_job_control.go:193.22,195.3 1 1
github.com/modu-ai/moai-adk/internal/cli/codex_job_control.go:197.2,201.34 2 1
github.com/modu-ai/moai-adk/internal/cli/codex_job_control.go:201.34,204.3 2 1
github.com/modu-ai/moai-adk/internal/cli/codex_job_control.go:209.2,211.29 3 1
github.com/modu-ai/moai-adk/internal/cli/codex_job_control.go:211.29,217.3 1 1
github.com/modu-ai/moai-adk/internal/cli/codex_job_control.go:223.2,223.86 1 1
github.com/modu-ai/moai-adk/internal/cli/codex_job_control.go:223.86,225.3 1 1
github.com/modu-ai/moai-adk/internal/cli/codex_job_control.go:225.17,227.3 1 0
github.com/modu-ai/moai-adk/internal/cli/codex_job_control.go:227.8,229.3 1 1
github.com/modu-ai/moai-adk/internal/cli/codex_job_control.go:234.2,234.22 1 1
github.com/modu-ai/moai-adk/internal/cli/codex_job_control.go:234.22,236.3 1 1
github.com/modu-ai/moai-adk/internal/cli/codex_job_control.go:236.8,236.83 1 1
github.com/modu-ai/moai-adk/internal/cli/codex_job_control.go:236.83,239.3 1 0
github.com/modu-ai/moai-adk/internal/cli/codex_job_control.go:239.8,241.3 1 1
github.com/modu-ai/moai-adk/internal/cli/codex_job_control.go:244.2,244.52 1 1
github.com/modu-ai/moai-adk/internal/cli/codex_job_control.go:244.52,247.3 2 0
github.com/modu-ai/moai-adk/internal/cli/codex_job_control.go:252.2,253.14 2 1
github.com/modu-ai/moai-adk/internal/cli/codex_job_control.go:253.14,256.3 2 0
github.com/modu-ai/moai-adk/internal/cli/codex_job_control.go:257.2,258.51 2 1
github.com/modu-ai/moai-adk/internal/cli/codex_job_control.go:258.51,260.3 1 0
github.com/modu-ai/moai-adk/internal/cli/codex_job_control.go:260.8,262.3 1 1
github.com/modu-ai/moai-adk/internal/cli/codex_job_control.go:263.2,263.51 1 1
github.com/modu-ai/moai-adk/internal/cli/codex_job_control.go:269.50,271.2 1 1
github.com/modu-ai/moai-adk/internal/cli/codex_job_control.go:276.98,278.17 2 1
github.com/modu-ai/moai-adk/internal/cli/codex_job_control.go:278.17,280.3 1 1
github.com/modu-ai/moai-adk/internal/cli/codex_job_control.go:281.2,282.16 2 1
github.com/modu-ai/moai-adk/internal/cli/codex_job_control.go:282.16,283.28 1 1
github.com/modu-ai/moai-adk/internal/cli/codex_job_control.go:283.28,285.4 1 1
github.com/modu-ai/moai-adk/internal/cli/codex_job_control.go:286.3,286.46 1 1
github.com/modu-ai/moai-adk/internal/cli/codex_job_control.go:288.2,288.17 1 1
github.com/modu-ai/moai-adk/internal/cli/codex_job_control.go:296.64,298.6 2 1
github.com/modu-ai/moai-adk/internal/cli/codex_job_control.go:298.6,299.57 1 1
github.com/modu-ai/moai-adk/internal/cli/codex_job_control.go:299.57,301.4 1 0
github.com/modu-ai/moai-adk/internal/cli/codex_job_control.go:302.3,302.35 1 1
github.com/modu-ai/moai-adk/internal/cli/codex_job_control.go:302.35,304.4 1 1
github.com/modu-ai/moai-adk/internal/cli/codex_job_control.go:305.3,305.47 1 1
github.com/modu-ai/moai-adk/internal/cli/codex_jobs.go:103.41,104.41 1 1
github.com/modu-ai/moai-adk/internal/cli/codex_jobs.go:104.41,105.17 1 1
github.com/modu-ai/moai-adk/internal/cli/codex_jobs.go:105.17,107.4 1 1
github.com/modu-ai/moai-adk/internal/cli/codex_jobs.go:109.2,109.14 1 1
github.com/modu-ai/moai-adk/internal/cli/codex_jobs.go:116.38,117.11 1 1
github.com/modu-ai/moai-adk/internal/cli/codex_jobs.go:118.78,119.14 1 1
github.com/modu-ai/moai-adk/internal/cli/codex_jobs.go:121.2,121.14 1 1
github.com/modu-ai/moai-adk/internal/cli/codex_jobs.go:179.39,179.85 1 1
github.com/modu-ai/moai-adk/internal/cli/codex_jobs.go:191.45,193.2 1 1
github.com/modu-ai/moai-adk/internal/cli/codex_jobs.go:195.45,195.61 1 1
github.com/modu-ai/moai-adk/internal/cli/codex_jobs.go:212.63,214.2 1 1
github.com/modu-ai/moai-adk/internal/cli/codex_jobs.go:217.54,219.2 1 1
github.com/modu-ai/moai-adk/internal/cli/codex_jobs.go:222.78,224.16 2 1
github.com/modu-ai/moai-adk/internal/cli/codex_jobs.go:224.16,226.3 1 0
github.com/modu-ai/moai-adk/internal/cli/codex_jobs.go:227.2,242.37 5 1
github.com/modu-ai/moai-adk/internal/cli/codex_jobs.go:242.37,244.3 1 1
github.com/modu-ai/moai-adk/internal/cli/codex_jobs.go:245.2,245.17 1 1
github.com/modu-ai/moai-adk/internal/cli/codex_jobs.go:251.100,253.2 1 1
github.com/modu-ai/moai-adk/internal/cli/codex_jobs.go:267.115,269.2 1 1
github.com/modu-ai/moai-adk/internal/cli/codex_jobs.go:273.126,278.16 4 1
github.com/modu-ai/moai-adk/internal/cli/codex_jobs.go:278.16,280.3 1 0
github.com/modu-ai/moai-adk/internal/cli/codex_jobs.go:281.2,281.60 1 1
github.com/modu-ai/moai-adk/internal/cli/codex_jobs.go:281.60,283.3 1 1
github.com/modu-ai/moai-adk/internal/cli/codex_jobs.go:284.2,285.38 2 1
github.com/modu-ai/moai-adk/internal/cli/codex_jobs.go:285.38,288.3 1 1
github.com/modu-ai/moai-adk/internal/cli/codex_jobs.go:289.2,292.37 4 1
github.com/modu-ai/moai-adk/internal/cli/codex_jobs.go:292.37,294.3 1 0
github.com/modu-ai/moai-adk/internal/cli/codex_jobs.go:295.2,295.17 1 1
github.com/modu-ai/moai-adk/internal/cli/codex_jobs.go:299.68,303.2 3 1
github.com/modu-ai/moai-adk/internal/cli/codex_jobs.go:316.70,317.29 1 1
github.com/modu-ai/moai-adk/internal/cli/codex_jobs.go:317.29,318.19 1 1
github.com/modu-ai/moai-adk/internal/cli/codex_jobs.go:318.19,320.4 1 0
github.com/modu-ai/moai-adk/internal/cli/codex_jobs.go:321.3,321.52 1 1
github.com/modu-ai/moai-adk/internal/cli/codex_jobs.go:321.52,321.75 1 1
github.com/modu-ai/moai-adk/internal/cli/codex_jobs.go:339.60,344.16 4 1
github.com/modu-ai/moai-adk/internal/cli/codex_jobs.go:344.16,346.3 1 1
github.com/modu-ai/moai-adk/internal/cli/codex_jobs.go:347.2,351.28 2 1
github.com/modu-ai/moai-adk/internal/cli/codex_jobs.go:351.28,352.57 1 1
github.com/modu-ai/moai-adk/internal/cli/codex_jobs.go:352.57,353.12 1 0
github.com/modu-ai/moai-adk/internal/cli/codex_jobs.go:355.3,356.17 2 1
github.com/modu-ai/moai-adk/internal/cli/codex_jobs.go:356.17,357.12 1 0
github.com/modu-ai/moai-adk/internal/cli/codex_jobs.go:359.3,360.51 2 1
github.com/modu-ai/moai-adk/internal/cli/codex_jobs.go:360.51,361.12 1 0
github.com/modu-ai/moai-adk/internal/cli/codex_jobs.go:363.3,363.25 1 1
github.com/modu-ai/moai-adk/internal/cli/codex_jobs.go:363.25,364.12 1 0
github.com/modu-ai/moai-adk/internal/cli/codex_jobs.go:366.3,366.50 1 1
github.com/modu-ai/moai-adk/internal/cli/codex_jobs.go:366.50,368.4 1 1
github.com/modu-ai/moai-adk/internal/cli/codex_jobs.go:370.2,370.29 1 1
github.com/modu-ai/moai-adk/internal/cli/codex_jobs.go:374.68,377.16 3 1
github.com/modu-ai/moai-adk/internal/cli/codex_jobs.go:377.16,378.25 1 1
github.com/modu-ai/moai-adk/internal/cli/codex_jobs.go:378.25,380.4 1 1
github.com/modu-ai/moai-adk/internal/cli/codex_jobs.go:381.3,381.81 1 0
github.com/modu-ai/moai-adk/internal/cli/codex_jobs.go:383.2,384.50 2 1
github.com/modu-ai/moai-adk/internal/cli/codex_jobs.go:384.50,386.3 1 1
github.com/modu-ai/moai-adk/internal/cli/codex_jobs.go:387.2,387.17 1 1
github.com/modu-ai/moai-adk/internal/cli/codex_jobs.go:394.60,395.60 1 1
github.com/modu-ai/moai-adk/internal/cli/codex_jobs.go:395.60,397.3 1 1
github.com/modu-ai/moai-adk/internal/cli/codex_jobs.go:398.2,399.16 2 1
github.com/modu-ai/moai-adk/internal/cli/codex_jobs.go:399.16,401.3 1 0
github.com/modu-ai/moai-adk/internal/cli/codex_jobs.go:402.2,403.81 2 1
github.com/modu-ai/moai-adk/internal/cli/codex_jobs.go:403.81,405.3 1 0
github.com/modu-ai/moai-adk/internal/cli/codex_jobs.go:406.2,406.12 1 1
github.com/modu-ai/moai-adk/internal/cli/codex_jobs.go:414.38,416.45 2 1
github.com/modu-ai/moai-adk/internal/cli/codex_jobs.go:416.45,418.3 1 0
github.com/modu-ai/moai-adk/internal/cli/codex_jobs.go:419.2,419.111 1 1
github.com/modu-ai/moai-adk/internal/cli/codex_jobs.go:443.39,448.50 5 1
github.com/modu-ai/moai-adk/internal/cli/codex_jobs.go:448.50,450.3 1 1
github.com/modu-ai/moai-adk/internal/cli/codex_jobs.go:451.2,451.10 1 1
github.com/modu-ai/moai-adk/internal/cli/codex_launcher.go:105.61,107.47 2 1
github.com/modu-ai/moai-adk/internal/cli/codex_launcher.go:107.47,109.3 1 1
github.com/modu-ai/moai-adk/internal/cli/codex_launcher.go:110.2,110.30 1 1
github.com/modu-ai/moai-adk/internal/cli/codex_launcher.go:115.36,115.97 1 1
github.com/modu-ai/moai-adk/internal/cli/codex_launcher.go:130.53,130.73 1 0
github.com/modu-ai/moai-adk/internal/cli/codex_launcher.go:143.72,146.16 3 1
github.com/modu-ai/moai-adk/internal/cli/codex_launcher.go:146.16,148.3 1 1
github.com/modu-ai/moai-adk/internal/cli/codex_launcher.go:149.2,151.12 3 1
github.com/modu-ai/moai-adk/internal/cli/codex_launcher.go:162.67,165.50 2 1
github.com/modu-ai/moai-adk/internal/cli/codex_launcher.go:165.50,167.3 1 1
github.com/modu-ai/moai-adk/internal/cli/codex_launcher.go:168.2,169.25 2 1
github.com/modu-ai/moai-adk/internal/cli/codex_launcher.go:169.25,171.3 1 1
github.com/modu-ai/moai-adk/internal/cli/codex_launcher.go:172.2,172.33 1 1
github.com/modu-ai/moai-adk/internal/cli/codex_launcher.go:177.76,178.25 1 1
github.com/modu-ai/moai-adk/internal/cli/codex_launcher.go:178.25,179.16 1 1
github.com/modu-ai/moai-adk/internal/cli/codex_launcher.go:179.16,181.4 1 1
github.com/modu-ai/moai-adk/internal/cli/codex_launcher.go:183.2,183.25 1 1
github.com/modu-ai/moai-adk/internal/cli/codex_launcher.go:199.73,202.33 3 1
github.com/modu-ai/moai-adk/internal/cli/codex_launcher.go:202.33,204.10 2 1
github.com/modu-ai/moai-adk/internal/cli/codex_launcher.go:205.47,209.61 2 1
github.com/modu-ai/moai-adk/internal/cli/codex_launcher.go:209.61,212.5 2 1
github.com/modu-ai/moai-adk/internal/cli/codex_launcher.go:213.48,215.56 2 1
github.com/modu-ai/moai-adk/internal/cli/codex_launcher.go:216.40,218.48 2 1
github.com/modu-ai/moai-adk/internal/cli/codex_launcher.go:219.11,220.30 1 1
github.com/modu-ai/moai-adk/internal/cli/codex_launcher.go:223.2,223.18 1 1
github.com/modu-ai/moai-adk/internal/cli/codex_launcher.go:241.73,242.36 1 1
github.com/modu-ai/moai-adk/internal/cli/codex_launcher.go:242.36,244.3 1 1
github.com/modu-ai/moai-adk/internal/cli/codex_launcher.go:246.2,247.26 2 1
github.com/modu-ai/moai-adk/internal/cli/codex_launcher.go:247.26,248.78 1 1
github.com/modu-ai/moai-adk/internal/cli/codex_launcher.go:248.78,250.4 1 1
github.com/modu-ai/moai-adk/internal/cli/codex_launcher.go:251.8,252.24 1 1
github.com/modu-ai/moai-adk/internal/cli/codex_launcher.go:252.24,254.4 1 0
github.com/modu-ai/moai-adk/internal/cli/codex_launcher.go:255.3,255.67 1 1
github.com/modu-ai/moai-adk/internal/cli/codex_launcher.go:258.2,259.33 2 1
github.com/modu-ai/moai-adk/internal/cli/codex_launcher.go:259.33,266.3 1 1
github.com/modu-ai/moai-adk/internal/cli/codex_launcher.go:267.2,267.18 1 1
github.com/modu-ai/moai-adk/internal/cli/codex_launcher.go:278.31,281.50 2 1
github.com/modu-ai/moai-adk/internal/cli/codex_launcher.go:281.50,283.3 1 1
github.com/modu-ai/moai-adk/internal/cli/codex_launcher.go:284.2,284.12 1 1
github.com/modu-ai/moai-adk/internal/cli/codex_launcher.go:333.13,339.2 2 1
github.com/modu-ai/moai-adk/internal/cli/codex_launcher.go:344.56,345.25 1 1
github.com/modu-ai/moai-adk/internal/cli/codex_launcher.go:345.25,346.33 1 1
github.com/modu-ai/moai-adk/internal/cli/codex_launcher.go:346.33,348.4 1 1
github.com/modu-ai/moai-adk/internal/cli/codex_launcher.go:349.3,349.16 1 1
github.com/modu-ai/moai-adk/internal/cli/codex_launcher.go:349.16,350.9 1 1
github.com/modu-ai/moai-adk/internal/cli/codex_launcher.go:354.2,359.19 4 1
github.com/modu-ai/moai-adk/internal/cli/codex_launcher.go:359.19,361.3 1 0
github.com/modu-ai/moai-adk/internal/cli/codex_launcher.go:362.2,363.20 2 1
github.com/modu-ai/moai-adk/internal/cli/codex_launcher.go:363.20,365.3 1 1
github.com/modu-ai/moai-adk/internal/cli/codex_launcher.go:366.2,367.9 2 1
github.com/modu-ai/moai-adk/internal/cli/codex_launcher.go:367.9,369.3 1 1
github.com/modu-ai/moai-adk/internal/cli/codex_launcher.go:371.2,371.21 1 1
github.com/modu-ai/moai-adk/internal/cli/codex_launcher.go:371.21,373.3 1 1
github.com/modu-ai/moai-adk/internal/cli/codex_launcher.go:374.2,374.22 1 1
github.com/modu-ai/moai-adk/internal/cli/codex_launcher.go:374.22,378.3 1 0
github.com/modu-ai/moai-adk/internal/cli/codex_launcher.go:379.2,379.11 1 1
github.com/modu-ai/moai-adk/internal/cli/codex_launcher.go:379.11,382.3 2 1
github.com/modu-ai/moai-adk/internal/cli/codex_launcher.go:383.2,383.13 1 1
github.com/modu-ai/moai-adk/internal/cli/codex_launcher.go:383.13,385.3 1 0
github.com/modu-ai/moai-adk/internal/cli/codex_launcher.go:386.2,386.29 1 1
github.com/modu-ai/moai-adk/internal/cli/codex_launcher.go:390.50,393.2 2 1
github.com/modu-ai/moai-adk/internal/cli/codex_launcher.go:397.48,399.31 2 1
github.com/modu-ai/moai-adk/internal/cli/codex_launcher.go:399.31,401.3 1 1
github.com/modu-ai/moai-adk/internal/cli/codex_launcher.go:402.2,402.12 1 1
github.com/modu-ai/moai-adk/internal/cli/codex_launcher.go:408.117,410.16 2 1
github.com/modu-ai/moai-adk/internal/cli/codex_launcher.go:410.16,413.3 2 1
github.com/modu-ai/moai-adk/internal/cli/codex_launcher.go:418.2,419.66 2 1
github.com/modu-ai/moai-adk/internal/cli/codex_launcher.go:419.66,421.3 1 1
github.com/modu-ai/moai-adk/internal/cli/codex_launcher.go:421.8,421.49 1 1
github.com/modu-ai/moai-adk/internal/cli/codex_launcher.go:421.49,423.3 1 1
github.com/modu-ai/moai-adk/internal/cli/codex_launcher.go:428.2,429.22 2 1
github.com/modu-ai/moai-adk/internal/cli/codex_launcher.go:429.22,431.18 2 1
github.com/modu-ai/moai-adk/internal/cli/codex_launcher.go:431.18,434.4 2 1
github.com/modu-ai/moai-adk/internal/cli/codex_launcher.go:435.3,435.17 1 1
github.com/modu-ai/moai-adk/internal/cli/codex_launcher.go:438.2,443.61 2 1
github.com/modu-ai/moai-adk/internal/cli/codex_launcher.go:443.61,445.3 1 1
github.com/modu-ai/moai-adk/internal/cli/codex_launcher.go:446.2,446.11 1 1
github.com/modu-ai/moai-adk/internal/cli/codex_launcher.go:446.11,448.3 1 1
github.com/modu-ai/moai-adk/internal/cli/codex_launcher.go:449.2,449.31 1 1
github.com/modu-ai/moai-adk/internal/cli/codex_launcher.go:456.54,465.16 8 1
github.com/modu-ai/moai-adk/internal/cli/codex_launcher.go:465.16,467.3 1 1
github.com/modu-ai/moai-adk/internal/cli/codex_launcher.go:468.2,468.39 1 1
github.com/modu-ai/moai-adk/internal/cli/codex_launcher.go:478.49,480.26 2 1
github.com/modu-ai/moai-adk/internal/cli/codex_launcher.go:480.26,482.3 1 1
github.com/modu-ai/moai-adk/internal/cli/codex_launcher.go:483.2,483.42 1 1
github.com/modu-ai/moai-adk/internal/cli/codex_launcher.go:483.42,485.3 1 1
github.com/modu-ai/moai-adk/internal/cli/codex_launcher.go:486.2,486.59 1 1
github.com/modu-ai/moai-adk/internal/cli/codex_launcher.go:492.53,493.44 1 1
github.com/modu-ai/moai-adk/internal/cli/codex_launcher.go:493.44,495.3 1 1
github.com/modu-ai/moai-adk/internal/cli/codex_launcher.go:496.2,496.75 1 1
github.com/modu-ai/moai-adk/internal/cli/codex_launcher.go:496.75,498.3 1 1
github.com/modu-ai/moai-adk/internal/cli/codex_launcher.go:499.2,499.12 1 1
github.com/modu-ai/moai-adk/internal/cli/codex_readiness.go:121.62,133.2 3 1
github.com/modu-ai/moai-adk/internal/cli/codex_readiness.go:138.43,141.16 3 1
github.com/modu-ai/moai-adk/internal/cli/codex_readiness.go:141.16,143.3 1 1
github.com/modu-ai/moai-adk/internal/cli/codex_readiness.go:144.2,144.41 1 1
github.com/modu-ai/moai-adk/internal/cli/codex_readiness.go:144.41,146.3 1 1
github.com/modu-ai/moai-adk/internal/cli/codex_readiness.go:147.2,147.13 1 1
github.com/modu-ai/moai-adk/internal/cli/codex_readiness.go:159.62,165.9 5 1
github.com/modu-ai/moai-adk/internal/cli/codex_readiness.go:166.34,170.4 1 1
github.com/modu-ai/moai-adk/internal/cli/codex_readiness.go:171.33,175.4 1 1
github.com/modu-ai/moai-adk/internal/cli/codex_readiness.go:176.33,180.4 1 1
github.com/modu-ai/moai-adk/internal/cli/codex_readiness.go:184.2,185.16 2 1
github.com/modu-ai/moai-adk/internal/cli/codex_readiness.go:185.16,187.3 1 1
github.com/modu-ai/moai-adk/internal/cli/codex_readiness.go:188.2,189.17 2 1
github.com/modu-ai/moai-adk/internal/cli/codex_readiness.go:189.17,191.3 1 1
github.com/modu-ai/moai-adk/internal/cli/codex_readiness.go:192.2,192.25 1 1
github.com/modu-ai/moai-adk/internal/cli/codex_readiness.go:192.25,194.32 2 1
github.com/modu-ai/moai-adk/internal/cli/codex_readiness.go:194.32,196.4 1 1
github.com/modu-ai/moai-adk/internal/cli/codex_readiness.go:197.3,200.4 1 1
github.com/modu-ai/moai-adk/internal/cli/codex_readiness.go:202.2,205.3 1 1
github.com/modu-ai/moai-adk/internal/cli/codex_readiness.go:210.40,213.2 2 1
github.com/modu-ai/moai-adk/internal/cli/codex_readiness.go:217.51,219.16 2 1
github.com/modu-ai/moai-adk/internal/cli/codex_readiness.go:219.16,221.3 1 1
github.com/modu-ai/moai-adk/internal/cli/codex_readiness.go:222.2,222.21 1 1
github.com/modu-ai/moai-adk/internal/cli/codex_readiness.go:227.52,229.40 2 1
github.com/modu-ai/moai-adk/internal/cli/codex_readiness.go:229.40,231.3 1 1
github.com/modu-ai/moai-adk/internal/cli/codex_readiness.go:232.2,232.14 1 1
github.com/modu-ai/moai-adk/internal/cli/codex_readiness.go:238.42,240.9 2 1
github.com/modu-ai/moai-adk/internal/cli/codex_readiness.go:241.22,242.36 1 1
github.com/modu-ai/moai-adk/internal/cli/codex_readiness.go:243.23,244.54 1 1
github.com/modu-ai/moai-adk/internal/cli/codex_readiness.go:245.10,246.41 1 1
github.com/modu-ai/moai-adk/internal/cli/codex_readiness.go:249.2,250.20 2 1
github.com/modu-ai/moai-adk/internal/cli/codex_readiness.go:250.20,252.3 1 1
github.com/modu-ai/moai-adk/internal/cli/codex_readiness.go:254.2,255.35 2 1
github.com/modu-ai/moai-adk/internal/cli/codex_readiness.go:255.35,257.3 1 1
github.com/modu-ai/moai-adk/internal/cli/codex_readiness.go:259.2,267.3 2 1
github.com/modu-ai/moai-adk/internal/cli/codex_review_gate.go:66.110,68.14 2 1
github.com/modu-ai/moai-adk/internal/cli/codex_review_gate.go:68.14,70.3 1 1
github.com/modu-ai/moai-adk/internal/cli/codex_review_gate.go:71.2,71.42 1 1
github.com/modu-ai/moai-adk/internal/cli/codex_review_gate.go:71.42,73.3 1 1
github.com/modu-ai/moai-adk/internal/cli/codex_review_gate.go:74.2,74.43 1 1
github.com/modu-ai/moai-adk/internal/cli/codex_review_gate.go:74.43,76.3 1 1
github.com/modu-ai/moai-adk/internal/cli/codex_review_gate.go:78.2,79.16 2 1
github.com/modu-ai/moai-adk/internal/cli/codex_review_gate.go:79.16,81.3 1 1
github.com/modu-ai/moai-adk/internal/cli/codex_review_gate.go:87.2,95.19 4 1
github.com/modu-ai/moai-adk/internal/cli/codex_review_gate.go:95.19,102.3 1 1
github.com/modu-ai/moai-adk/internal/cli/codex_review_gate.go:103.2,103.33 1 1
github.com/modu-ai/moai-adk/internal/cli/codex_review_gate.go:103.33,108.3 1 1
github.com/modu-ai/moai-adk/internal/cli/codex_review_gate.go:109.2,109.19 1 1
github.com/modu-ai/moai-adk/internal/cli/codex_review_gate.go:116.42,118.2 1 1
github.com/modu-ai/moai-adk/internal/cli/codex_review_gate.go:125.51,126.22 1 1
github.com/modu-ai/moai-adk/internal/cli/codex_review_gate.go:126.22,128.3 1 1
github.com/modu-ai/moai-adk/internal/cli/codex_review_gate.go:129.2,130.16 2 1
github.com/modu-ai/moai-adk/internal/cli/codex_review_gate.go:130.16,132.3 1 1
github.com/modu-ai/moai-adk/internal/cli/codex_review_gate.go:133.2,133.45 1 1
github.com/modu-ai/moai-adk/internal/cli/codex_review_gate.go:145.53,146.53 1 1
github.com/modu-ai/moai-adk/internal/cli/codex_review_gate.go:146.53,147.35 1 1
github.com/modu-ai/moai-adk/internal/cli/codex_review_gate.go:147.35,148.12 1 1
github.com/modu-ai/moai-adk/internal/cli/codex_review_gate.go:150.3,150.20 1 1
github.com/modu-ai/moai-adk/internal/cli/codex_review_gate.go:150.20,151.12 1 0
github.com/modu-ai/moai-adk/internal/cli/codex_review_gate.go:153.3,154.51 2 1
github.com/modu-ai/moai-adk/internal/cli/codex_review_gate.go:154.51,156.4 1 0
github.com/modu-ai/moai-adk/internal/cli/codex_review_gate.go:157.3,157.47 1 1
github.com/modu-ai/moai-adk/internal/cli/codex_review_gate.go:157.47,158.12 1 1
github.com/modu-ai/moai-adk/internal/cli/codex_review_gate.go:160.3,160.14 1 1
github.com/modu-ai/moai-adk/internal/cli/codex_review_gate.go:162.2,162.14 1 1
github.com/modu-ai/moai-adk/internal/cli/codex_review_gate.go:168.45,169.46 1 1
github.com/modu-ai/moai-adk/internal/cli/codex_review_gate.go:169.46,170.33 1 1
github.com/modu-ai/moai-adk/internal/cli/codex_review_gate.go:170.33,172.4 1 1
github.com/modu-ai/moai-adk/internal/cli/codex_review_gate.go:174.2,174.14 1 1
github.com/modu-ai/moai-adk/internal/cli/codex_review_gate.go:183.63,185.16 2 0
github.com/modu-ai/moai-adk/internal/cli/codex_review_gate.go:185.16,189.3 2 0
github.com/modu-ai/moai-adk/internal/cli/codex_review_gate.go:190.2,193.20 4 0
github.com/modu-ai/moai-adk/internal/cli/codex_review_gate.go:193.20,197.3 2 0
github.com/modu-ai/moai-adk/internal/cli/codex_review_gate.go:198.2,198.16 1 0
github.com/modu-ai/moai-adk/internal/cli/codex_review_gate.go:198.16,200.3 1 0
github.com/modu-ai/moai-adk/internal/cli/codex_review_gate.go:201.2,201.47 1 0
github.com/modu-ai/moai-adk/internal/cli/codex_review_gate.go:207.58,209.16 2 1
github.com/modu-ai/moai-adk/internal/cli/codex_review_gate.go:209.16,211.3 1 0
github.com/modu-ai/moai-adk/internal/cli/codex_review_gate.go:212.2,213.53 2 1
github.com/modu-ai/moai-adk/internal/cli/codex_review_gate.go:213.53,215.3 1 1
github.com/modu-ai/moai-adk/internal/cli/codex_review_gate.go:216.2,216.20 1 1
github.com/modu-ai/moai-adk/internal/cli/codex_review_gate.go:221.62,224.2 2 1
github.com/modu-ai/moai-adk/internal/cli/codex_review_gate.go:236.63,237.18 1 1
github.com/modu-ai/moai-adk/internal/cli/codex_review_gate.go:237.18,238.29 1 1
github.com/modu-ai/moai-adk/internal/cli/codex_review_gate.go:238.29,240.4 1 1
github.com/modu-ai/moai-adk/internal/cli/codex_review_gate.go:241.3,241.22 1 1
github.com/modu-ai/moai-adk/internal/cli/codex_review_gate.go:241.22,243.4 1 1
github.com/modu-ai/moai-adk/internal/cli/codex_review_gate.go:245.2,245.40 1 1
github.com/modu-ai/moai-adk/internal/cli/codex_task.go:66.39,69.2 1 1
github.com/modu-ai/moai-adk/internal/cli/codex_task.go:87.118,96.12 5 1
github.com/modu-ai/moai-adk/internal/cli/codex_task.go:96.12,99.3 2 1
github.com/modu-ai/moai-adk/internal/cli/codex_task.go:101.2,101.9 1 1
github.com/modu-ai/moai-adk/internal/cli/codex_task.go:102.25,103.34 1 1
github.com/modu-ai/moai-adk/internal/cli/codex_task.go:104.20,111.21 2 1
github.com/modu-ai/moai-adk/internal/cli/codex_task.go:173.97,181.18 7 1
github.com/modu-ai/moai-adk/internal/cli/codex_task.go:181.18,183.3 1 1
github.com/modu-ai/moai-adk/internal/cli/codex_task.go:185.2,193.37 4 1
github.com/modu-ai/moai-adk/internal/cli/codex_task.go:193.37,195.3 1 1
github.com/modu-ai/moai-adk/internal/cli/codex_task.go:197.2,199.16 3 1
github.com/modu-ai/moai-adk/internal/cli/codex_task.go:199.16,203.3 3 0
github.com/modu-ai/moai-adk/internal/cli/codex_task.go:205.2,210.16 3 1
github.com/modu-ai/moai-adk/internal/cli/codex_task.go:210.16,211.46 1 1
github.com/modu-ai/moai-adk/internal/cli/codex_task.go:211.46,213.4 1 1
github.com/modu-ai/moai-adk/internal/cli/codex_task.go:213.9,215.4 1 1
github.com/modu-ai/moai-adk/internal/cli/codex_task.go:218.2,227.16 4 1
github.com/modu-ai/moai-adk/internal/cli/codex_task.go:227.16,230.28 3 1
github.com/modu-ai/moai-adk/internal/cli/codex_task.go:230.28,232.4 1 1
github.com/modu-ai/moai-adk/internal/cli/codex_task.go:232.9,234.4 1 0
github.com/modu-ai/moai-adk/internal/cli/codex_task.go:235.3,235.50 1 1
github.com/modu-ai/moai-adk/internal/cli/codex_task.go:238.2,241.17 3 1
github.com/modu-ai/moai-adk/internal/cli/codex_task.go:241.17,242.16 1 1
github.com/modu-ai/moai-adk/internal/cli/codex_task.go:242.16,242.39 1 1
github.com/modu-ai/moai-adk/internal/cli/codex_task.go:243.3,245.20 3 1
github.com/modu-ai/moai-adk/internal/cli/codex_task.go:245.20,249.4 3 1
github.com/modu-ai/moai-adk/internal/cli/codex_task.go:250.3,252.50 3 1
github.com/modu-ai/moai-adk/internal/cli/codex_task.go:260.2,266.16 2 1
github.com/modu-ai/moai-adk/internal/cli/codex_task.go:266.16,269.3 2 1
github.com/modu-ai/moai-adk/internal/cli/codex_task.go:273.2,276.63 3 1
github.com/modu-ai/moai-adk/internal/cli/codex_task.go:276.63,276.99 1 1
github.com/modu-ai/moai-adk/internal/cli/codex_task.go:276.113,280.3 3 0
github.com/modu-ai/moai-adk/internal/cli/codex_task.go:282.2,286.49 4 1
github.com/modu-ai/moai-adk/internal/cli/codex_task.go:297.143,298.15 1 1
github.com/modu-ai/moai-adk/internal/cli/codex_task.go:298.15,301.3 2 1
github.com/modu-ai/moai-adk/internal/cli/codex_task.go:303.2,311.71 2 1
github.com/modu-ai/moai-adk/internal/cli/codex_task.go:311.71,312.20 1 1
github.com/modu-ai/moai-adk/internal/cli/codex_task.go:312.20,316.4 3 1
github.com/modu-ai/moai-adk/internal/cli/codex_task.go:317.3,318.25 2 1
github.com/modu-ai/moai-adk/internal/cli/codex_task.go:324.51,325.20 1 1
github.com/modu-ai/moai-adk/internal/cli/codex_task.go:325.20,327.3 1 1
github.com/modu-ai/moai-adk/internal/cli/codex_task.go:328.2,328.29 1 0
github.com/modu-ai/moai-adk/internal/cli/console_others.go:9.21,9.22 0 1
github.com/modu-ai/moai-adk/internal/cli/constitution.go:28.42,40.2 6 1
github.com/modu-ai/moai-adk/internal/cli/constitution.go:45.47,52.52 2 1
github.com/modu-ai/moai-adk/internal/cli/constitution.go:52.52,54.18 2 0
github.com/modu-ai/moai-adk/internal/cli/constitution.go:54.18,56.5 1 0
github.com/modu-ai/moai-adk/internal/cli/constitution.go:57.4,58.104 2 0
github.com/modu-ai/moai-adk/internal/cli/constitution.go:62.2,63.12 2 1
github.com/modu-ai/moai-adk/internal/cli/constitution.go:69.107,71.16 2 1
github.com/modu-ai/moai-adk/internal/cli/constitution.go:71.16,73.3 1 1
github.com/modu-ai/moai-adk/internal/cli/constitution.go:76.2,76.36 1 1
github.com/modu-ai/moai-adk/internal/cli/constitution.go:76.36,78.3 1 0
github.com/modu-ai/moai-adk/internal/cli/constitution.go:81.2,82.32 2 1
github.com/modu-ai/moai-adk/internal/cli/constitution.go:82.32,84.10 2 1
github.com/modu-ai/moai-adk/internal/cli/constitution.go:84.10,87.12 2 0
github.com/modu-ai/moai-adk/internal/cli/constitution.go:89.3,89.43 1 1
github.com/modu-ai/moai-adk/internal/cli/constitution.go:89.43,91.4 1 1
github.com/modu-ai/moai-adk/internal/cli/constitution.go:94.2,94.31 1 1
github.com/modu-ai/moai-adk/internal/cli/constitution.go:94.31,98.3 2 1
github.com/modu-ai/moai-adk/internal/cli/constitution.go:100.2,101.12 2 1
github.com/modu-ai/moai-adk/internal/cli/constitution.go:105.46,114.52 4 1
github.com/modu-ai/moai-adk/internal/cli/constitution.go:114.52,116.18 2 0
github.com/modu-ai/moai-adk/internal/cli/constitution.go:116.18,118.5 1 0
github.com/modu-ai/moai-adk/internal/cli/constitution.go:120.4,123.22 3 0
github.com/modu-ai/moai-adk/internal/cli/constitution.go:123.22,125.24 2 0
github.com/modu-ai/moai-adk/internal/cli/constitution.go:125.24,127.6 1 0
github.com/modu-ai/moai-adk/internal/cli/constitution.go:128.5,128.20 1 0
github.com/modu-ai/moai-adk/internal/cli/constitution.go:131.4,131.121 1 0
github.com/modu-ai/moai-adk/internal/cli/constitution.go:135.2,139.12 4 1
github.com/modu-ai/moai-adk/internal/cli/constitution.go:144.45,145.69 1 1
github.com/modu-ai/moai-adk/internal/cli/constitution.go:145.69,147.3 1 0
github.com/modu-ai/moai-adk/internal/cli/constitution.go:149.2,149.69 1 1
github.com/modu-ai/moai-adk/internal/cli/constitution.go:149.69,151.3 1 0
github.com/modu-ai/moai-adk/internal/cli/constitution.go:153.2,153.56 1 1
github.com/modu-ai/moai-adk/internal/cli/constitution.go:159.143,161.16 2 1
github.com/modu-ai/moai-adk/internal/cli/constitution.go:161.16,163.3 1 1
github.com/modu-ai/moai-adk/internal/cli/constitution.go:166.2,166.36 1 1
github.com/modu-ai/moai-adk/internal/cli/constitution.go:166.36,168.3 1 1
github.com/modu-ai/moai-adk/internal/cli/constitution.go:171.2,172.23 2 1
github.com/modu-ai/moai-adk/internal/cli/constitution.go:172.23,174.3 1 1
github.com/modu-ai/moai-adk/internal/cli/constitution.go:175.2,175.22 1 1
github.com/modu-ai/moai-adk/internal/cli/constitution.go:175.22,177.29 2 1
github.com/modu-ai/moai-adk/internal/cli/constitution.go:177.29,178.44 1 1
github.com/modu-ai/moai-adk/internal/cli/constitution.go:178.44,180.5 1 1
github.com/modu-ai/moai-adk/internal/cli/constitution.go:182.3,182.21 1 1
github.com/modu-ai/moai-adk/internal/cli/constitution.go:185.2,185.16 1 1
github.com/modu-ai/moai-adk/internal/cli/constitution.go:186.14,187.44 1 1
github.com/modu-ai/moai-adk/internal/cli/constitution.go:188.10,190.13 2 1
github.com/modu-ai/moai-adk/internal/cli/constitution.go:211.77,213.28 2 1
github.com/modu-ai/moai-adk/internal/cli/constitution.go:213.28,223.3 1 1
github.com/modu-ai/moai-adk/internal/cli/constitution.go:225.2,227.16 3 1
github.com/modu-ai/moai-adk/internal/cli/constitution.go:227.16,229.3 1 0
github.com/modu-ai/moai-adk/internal/cli/constitution.go:231.2,232.12 2 1
github.com/modu-ai/moai-adk/internal/cli/constitution.go:238.50,247.52 4 1
github.com/modu-ai/moai-adk/internal/cli/constitution.go:247.52,249.18 2 0
github.com/modu-ai/moai-adk/internal/cli/constitution.go:249.18,251.5 1 0
github.com/modu-ai/moai-adk/internal/cli/constitution.go:252.4,256.18 2 0
github.com/modu-ai/moai-adk/internal/cli/constitution.go:260.2,264.12 4 1
github.com/modu-ai/moai-adk/internal/cli/constitution.go:269.139,276.39 4 1
github.com/modu-ai/moai-adk/internal/cli/constitution.go:276.39,278.3 1 0
github.com/modu-ai/moai-adk/internal/cli/constitution.go:281.2,281.16 1 1
github.com/modu-ai/moai-adk/internal/cli/constitution.go:282.14,283.67 1 0
github.com/modu-ai/moai-adk/internal/cli/constitution.go:283.67,285.4 1 0
github.com/modu-ai/moai-adk/internal/cli/constitution.go:286.10,287.32 1 1
github.com/modu-ai/moai-adk/internal/cli/constitution.go:295.2,295.16 1 1
github.com/modu-ai/moai-adk/internal/cli/constitution.go:295.16,297.47 2 1
github.com/modu-ai/moai-adk/internal/cli/constitution.go:297.47,298.64 1 1
github.com/modu-ai/moai-adk/internal/cli/constitution.go:298.64,301.5 1 1
github.com/modu-ai/moai-adk/internal/cli/constitution.go:303.3,303.13 1 0
github.com/modu-ai/moai-adk/internal/cli/constitution.go:306.2,306.55 1 0
github.com/modu-ai/moai-adk/internal/cli/constitution.go:306.55,308.3 1 0
github.com/modu-ai/moai-adk/internal/cli/constitution.go:310.2,310.12 1 0
github.com/modu-ai/moai-adk/internal/cli/constitution.go:323.40,323.56 1 1
github.com/modu-ai/moai-adk/internal/cli/constitution.go:326.40,326.57 1 1
github.com/modu-ai/moai-adk/internal/cli/constitution.go:329.82,349.35 4 0
github.com/modu-ai/moai-adk/internal/cli/constitution.go:349.35,357.3 1 0
github.com/modu-ai/moai-adk/internal/cli/constitution.go:359.2,371.16 3 0
github.com/modu-ai/moai-adk/internal/cli/constitution.go:371.16,373.3 1 0
github.com/modu-ai/moai-adk/internal/cli/constitution.go:374.2,375.12 2 0
github.com/modu-ai/moai-adk/internal/cli/constitution.go:379.76,380.20 1 1
github.com/modu-ai/moai-adk/internal/cli/constitution.go:380.20,383.3 2 0
github.com/modu-ai/moai-adk/internal/cli/constitution.go:385.2,385.52 1 1
github.com/modu-ai/moai-adk/internal/cli/constitution.go:385.52,389.3 3 0
github.com/modu-ai/moai-adk/internal/cli/constitution.go:391.2,392.35 2 1
github.com/modu-ai/moai-adk/internal/cli/constitution.go:392.35,394.21 2 1
github.com/modu-ai/moai-adk/internal/cli/constitution.go:394.21,396.4 1 1
github.com/modu-ai/moai-adk/internal/cli/constitution.go:398.2,398.30 1 1
github.com/modu-ai/moai-adk/internal/cli/constitution.go:404.75,405.30 1 1
github.com/modu-ai/moai-adk/internal/cli/constitution.go:405.30,407.3 1 1
github.com/modu-ai/moai-adk/internal/cli/constitution.go:408.2,408.141 1 0
github.com/modu-ai/moai-adk/internal/cli/constitution.go:413.72,414.23 1 1
github.com/modu-ai/moai-adk/internal/cli/constitution.go:414.23,417.3 2 0
github.com/modu-ai/moai-adk/internal/cli/constitution.go:419.2,435.28 9 1
github.com/modu-ai/moai-adk/internal/cli/constitution.go:435.28,437.32 2 1
github.com/modu-ai/moai-adk/internal/cli/constitution.go:437.32,441.4 1 1
github.com/modu-ai/moai-adk/internal/cli/constitution.go:442.3,443.31 2 1
github.com/modu-ai/moai-adk/internal/cli/constitution.go:443.31,447.4 1 1
github.com/modu-ai/moai-adk/internal/cli/constitution.go:449.3,455.31 2 1
github.com/modu-ai/moai-adk/internal/cli/constitution.go:458.2,458.61 1 1
github.com/modu-ai/moai-adk/internal/cli/constitution.go:463.47,477.52 2 1
github.com/modu-ai/moai-adk/internal/cli/constitution.go:477.52,479.18 2 0
github.com/modu-ai/moai-adk/internal/cli/constitution.go:479.18,481.5 1 0
github.com/modu-ai/moai-adk/internal/cli/constitution.go:484.4,484.24 1 0
github.com/modu-ai/moai-adk/internal/cli/constitution.go:484.24,486.5 1 0
github.com/modu-ai/moai-adk/internal/cli/constitution.go:487.4,487.43 1 0
github.com/modu-ai/moai-adk/internal/cli/constitution.go:487.43,489.5 1 0
github.com/modu-ai/moai-adk/internal/cli/constitution.go:492.4,494.131 2 0
github.com/modu-ai/moai-adk/internal/cli/constitution.go:498.2,504.12 6 1
github.com/modu-ai/moai-adk/internal/cli/constitution.go:508.118,512.16 3 0
github.com/modu-ai/moai-adk/internal/cli/constitution.go:512.16,514.3 1 0
github.com/modu-ai/moai-adk/internal/cli/constitution.go:517.2,517.41 1 0
github.com/modu-ai/moai-adk/internal/cli/constitution.go:517.41,519.3 1 0
github.com/modu-ai/moai-adk/internal/cli/constitution.go:522.2,523.13 2 0
github.com/modu-ai/moai-adk/internal/cli/constitution.go:523.13,525.3 1 0
github.com/modu-ai/moai-adk/internal/cli/constitution.go:528.2,528.27 1 0
github.com/modu-ai/moai-adk/internal/cli/constitution.go:528.27,530.3 1 0
github.com/modu-ai/moai-adk/internal/cli/constitution.go:533.2,543.16 4 0
github.com/modu-ai/moai-adk/internal/cli/constitution.go:543.16,545.3 1 0
github.com/modu-ai/moai-adk/internal/cli/constitution.go:548.2,548.12 1 0
github.com/modu-ai/moai-adk/internal/cli/constitution.go:548.12,555.34 7 0
github.com/modu-ai/moai-adk/internal/cli/constitution.go:555.34,557.41 2 0
github.com/modu-ai/moai-adk/internal/cli/constitution.go:557.41,559.5 1 0
github.com/modu-ai/moai-adk/internal/cli/constitution.go:561.3,561.72 1 0
github.com/modu-ai/moai-adk/internal/cli/constitution.go:562.8,565.3 2 0
github.com/modu-ai/moai-adk/internal/cli/constitution.go:567.2,567.12 1 0
github.com/modu-ai/moai-adk/internal/cli/crosssession_settings.go:47.62,50.16 3 1
github.com/modu-ai/moai-adk/internal/cli/crosssession_settings.go:50.16,53.3 1 0
github.com/modu-ai/moai-adk/internal/cli/crosssession_settings.go:54.2,55.52 2 1
github.com/modu-ai/moai-adk/internal/cli/crosssession_settings.go:55.52,57.3 1 1
github.com/modu-ai/moai-adk/internal/cli/crosssession_settings.go:58.2,58.62 1 1
github.com/modu-ai/moai-adk/internal/cli/crosssession_settings.go:58.62,60.3 1 1
github.com/modu-ai/moai-adk/internal/cli/crosssession_settings.go:61.2,61.25 1 1
github.com/modu-ai/moai-adk/internal/cli/crosssession_settings.go:61.25,65.3 1 1
github.com/modu-ai/moai-adk/internal/cli/crosssession_settings.go:66.2,66.16 1 1
github.com/modu-ai/moai-adk/internal/cli/crosssession_settings.go:78.70,79.36 1 1
github.com/modu-ai/moai-adk/internal/cli/crosssession_settings.go:79.36,81.3 1 1
github.com/modu-ai/moai-adk/internal/cli/crosssession_settings.go:82.2,83.23 2 1
github.com/modu-ai/moai-adk/internal/cli/crosssession_settings.go:83.23,85.3 1 1
github.com/modu-ai/moai-adk/internal/cli/crosssession_settings.go:86.2,87.16 2 1
github.com/modu-ai/moai-adk/internal/cli/crosssession_settings.go:87.16,90.3 1 0
github.com/modu-ai/moai-adk/internal/cli/crosssession_settings.go:91.2,91.45 1 1
github.com/modu-ai/moai-adk/internal/cli/deps.go:101.25,121.16 7 1
github.com/modu-ai/moai-adk/internal/cli/deps.go:121.16,125.3 1 0
github.com/modu-ai/moai-adk/internal/cli/deps.go:126.2,137.19 6 1
github.com/modu-ai/moai-adk/internal/cli/deps.go:137.19,142.3 1 0
github.com/modu-ai/moai-adk/internal/cli/deps.go:142.8,142.29 1 1
github.com/modu-ai/moai-adk/internal/cli/deps.go:142.29,145.23 2 0
github.com/modu-ai/moai-adk/internal/cli/deps.go:145.23,147.4 1 0
github.com/modu-ai/moai-adk/internal/cli/deps.go:147.9,147.27 1 0
github.com/modu-ai/moai-adk/internal/cli/deps.go:147.27,150.4 2 0
github.com/modu-ai/moai-adk/internal/cli/deps.go:151.8,153.3 1 1
github.com/modu-ai/moai-adk/internal/cli/deps.go:155.2,170.49 5 1
github.com/modu-ai/moai-adk/internal/cli/deps.go:170.49,175.3 1 0
github.com/modu-ai/moai-adk/internal/cli/deps.go:176.2,208.61 8 1
github.com/modu-ai/moai-adk/internal/cli/deps.go:208.61,214.3 1 0
github.com/modu-ai/moai-adk/internal/cli/deps.go:215.2,276.85 34 1
github.com/modu-ai/moai-adk/internal/cli/deps.go:297.69,299.44 2 1
github.com/modu-ai/moai-adk/internal/cli/deps.go:299.44,301.3 1 1
github.com/modu-ai/moai-adk/internal/cli/deps.go:305.2,305.42 1 1
github.com/modu-ai/moai-adk/internal/cli/deps.go:305.42,307.3 1 1
github.com/modu-ai/moai-adk/internal/cli/deps.go:309.2,312.46 2 1
github.com/modu-ai/moai-adk/internal/cli/deps.go:312.46,316.3 3 1
github.com/modu-ai/moai-adk/internal/cli/deps.go:321.54,325.45 3 1
github.com/modu-ai/moai-adk/internal/cli/deps.go:325.45,328.3 2 1
github.com/modu-ai/moai-adk/internal/cli/deps.go:329.2,329.36 1 1
github.com/modu-ai/moai-adk/internal/cli/deps.go:334.30,336.2 1 1
github.com/modu-ai/moai-adk/internal/cli/deps.go:339.31,341.2 1 1
github.com/modu-ai/moai-adk/internal/cli/deps.go:346.60,347.18 1 1
github.com/modu-ai/moai-adk/internal/cli/deps.go:347.18,349.3 1 1
github.com/modu-ai/moai-adk/internal/cli/deps.go:350.2,351.16 2 1
github.com/modu-ai/moai-adk/internal/cli/deps.go:351.16,353.3 1 1
github.com/modu-ai/moai-adk/internal/cli/deps.go:354.2,357.12 4 1
github.com/modu-ai/moai-adk/internal/cli/deps.go:363.45,364.28 1 1
github.com/modu-ai/moai-adk/internal/cli/deps.go:364.28,366.3 1 1
github.com/modu-ai/moai-adk/internal/cli/deps.go:372.2,377.16 4 1
github.com/modu-ai/moai-adk/internal/cli/deps.go:377.16,379.3 1 0
github.com/modu-ai/moai-adk/internal/cli/deps.go:381.2,381.29 1 1
github.com/modu-ai/moai-adk/internal/cli/deps.go:381.29,387.32 2 1
github.com/modu-ai/moai-adk/internal/cli/deps.go:387.32,389.4 1 1
github.com/modu-ai/moai-adk/internal/cli/deps.go:390.3,401.13 4 1
github.com/modu-ai/moai-adk/internal/cli/deps.go:405.2,406.18 2 1
github.com/modu-ai/moai-adk/internal/cli/deps.go:406.18,412.51 1 1
github.com/modu-ai/moai-adk/internal/cli/deps.go:412.51,414.4 1 1
github.com/modu-ai/moai-adk/internal/cli/deps.go:416.2,416.18 1 1
github.com/modu-ai/moai-adk/internal/cli/deps.go:416.18,424.19 2 1
github.com/modu-ai/moai-adk/internal/cli/deps.go:424.19,427.4 1 0
github.com/modu-ai/moai-adk/internal/cli/deps.go:427.9,430.4 1 1
github.com/modu-ai/moai-adk/internal/cli/deps.go:433.2,438.12 5 1
github.com/modu-ai/moai-adk/internal/cli/deps.go:446.42,448.16 2 1
github.com/modu-ai/moai-adk/internal/cli/deps.go:448.16,450.3 1 0
github.com/modu-ai/moai-adk/internal/cli/deps.go:451.2,451.37 1 1
github.com/modu-ai/moai-adk/internal/cli/deps.go:451.37,453.3 1 1
github.com/modu-ai/moai-adk/internal/cli/deps.go:454.2,454.39 1 1
github.com/modu-ai/moai-adk/internal/cli/deps.go:454.39,456.3 1 1
github.com/modu-ai/moai-adk/internal/cli/deps.go:457.2,457.12 1 1
github.com/modu-ai/moai-adk/internal/cli/deps.go:465.33,466.13 1 1
github.com/modu-ai/moai-adk/internal/cli/deps.go:466.13,468.3 1 1
github.com/modu-ai/moai-adk/internal/cli/deps.go:469.2,470.16 2 1
github.com/modu-ai/moai-adk/internal/cli/deps.go:470.16,474.3 1 0
github.com/modu-ai/moai-adk/internal/cli/deps.go:478.2,478.26 1 1
github.com/modu-ai/moai-adk/internal/cli/deps.go:483.48,484.67 1 1
github.com/modu-ai/moai-adk/internal/cli/deps.go:484.67,491.17 3 1
github.com/modu-ai/moai-adk/internal/cli/deps.go:491.17,493.4 1 1
github.com/modu-ai/moai-adk/internal/cli/deps.go:496.3,497.55 2 1
github.com/modu-ai/moai-adk/internal/cli/deps.go:497.55,498.24 1 1
github.com/modu-ai/moai-adk/internal/cli/deps.go:498.24,500.5 1 1
github.com/modu-ai/moai-adk/internal/cli/deps.go:505.3,505.18 1 1
github.com/modu-ai/moai-adk/internal/cli/deps.go:505.18,506.46 1 1
github.com/modu-ai/moai-adk/internal/cli/deps.go:506.46,507.27 1 0
github.com/modu-ai/moai-adk/internal/cli/deps.go:507.27,509.6 1 0
github.com/modu-ai/moai-adk/internal/cli/deps.go:510.5,510.20 1 0
github.com/modu-ai/moai-adk/internal/cli/deps.go:514.3,514.47 1 1
github.com/modu-ai/moai-adk/internal/cli/deps.go:514.47,516.4 1 1
github.com/modu-ai/moai-adk/internal/cli/deps.go:519.3,520.17 2 1
github.com/modu-ai/moai-adk/internal/cli/deps.go:520.17,527.26 2 1
github.com/modu-ai/moai-adk/internal/cli/deps.go:527.26,529.5 1 0
github.com/modu-ai/moai-adk/internal/cli/deps.go:530.4,530.19 1 1
github.com/modu-ai/moai-adk/internal/cli/deps.go:534.3,539.18 2 1
github.com/modu-ai/moai-adk/internal/cli/deps.go:539.18,541.4 1 1
github.com/modu-ai/moai-adk/internal/cli/deps.go:542.3,544.17 2 1
github.com/modu-ai/moai-adk/internal/cli/deps.go:544.17,546.4 1 1
github.com/modu-ai/moai-adk/internal/cli/deps.go:549.3,549.29 1 1
github.com/modu-ai/moai-adk/internal/cli/deps.go:549.29,551.4 1 0
github.com/modu-ai/moai-adk/internal/cli/deps.go:553.3,554.17 2 1
github.com/modu-ai/moai-adk/internal/cli/deps.go:554.17,555.26 1 0
github.com/modu-ai/moai-adk/internal/cli/deps.go:555.26,557.5 1 0
github.com/modu-ai/moai-adk/internal/cli/deps.go:558.4,558.19 1 0
github.com/modu-ai/moai-adk/internal/cli/deps.go:561.3,565.9 1 1
github.com/modu-ai/moai-adk/internal/cli/doctor.go:54.13,61.2 5 1
github.com/modu-ai/moai-adk/internal/cli/doctor.go:67.54,80.78 8 1
github.com/modu-ai/moai-adk/internal/cli/doctor.go:80.78,83.19 3 1
github.com/modu-ai/moai-adk/internal/cli/doctor.go:84.24,85.33 1 0
github.com/modu-ai/moai-adk/internal/cli/doctor.go:86.11,87.26 1 1
github.com/modu-ai/moai-adk/internal/cli/doctor.go:89.3,89.11 1 1
github.com/modu-ai/moai-adk/internal/cli/doctor.go:92.2,96.27 3 1
github.com/modu-ai/moai-adk/internal/cli/doctor.go:96.27,98.3 1 1
github.com/modu-ai/moai-adk/internal/cli/doctor.go:101.2,105.26 3 1
github.com/modu-ai/moai-adk/internal/cli/doctor.go:105.26,107.31 2 0
github.com/modu-ai/moai-adk/internal/cli/doctor.go:107.31,108.35 1 0
github.com/modu-ai/moai-adk/internal/cli/doctor.go:108.35,110.5 1 0
github.com/modu-ai/moai-adk/internal/cli/doctor.go:112.3,113.95 2 0
github.com/modu-ai/moai-adk/internal/cli/doctor.go:116.2,116.22 1 1
github.com/modu-ai/moai-adk/internal/cli/doctor.go:116.22,117.66 1 1
github.com/modu-ai/moai-adk/internal/cli/doctor.go:117.66,119.4 1 0
github.com/modu-ai/moai-adk/internal/cli/doctor.go:120.3,120.72 1 1
github.com/modu-ai/moai-adk/internal/cli/doctor.go:123.2,123.36 1 1
github.com/modu-ai/moai-adk/internal/cli/doctor.go:128.54,130.27 2 1
github.com/modu-ai/moai-adk/internal/cli/doctor.go:130.27,131.34 1 1
github.com/modu-ai/moai-adk/internal/cli/doctor.go:131.34,133.4 1 1
github.com/modu-ai/moai-adk/internal/cli/doctor.go:135.2,135.10 1 1
github.com/modu-ai/moai-adk/internal/cli/doctor.go:142.44,143.20 1 1
github.com/modu-ai/moai-adk/internal/cli/doctor.go:143.20,145.3 1 1
github.com/modu-ai/moai-adk/internal/cli/doctor.go:146.2,149.3 1 1
github.com/modu-ai/moai-adk/internal/cli/doctor.go:153.51,154.11 1 1
github.com/modu-ai/moai-adk/internal/cli/doctor.go:155.21,156.14 1 1
github.com/modu-ai/moai-adk/internal/cli/doctor.go:157.23,158.16 1 1
github.com/modu-ai/moai-adk/internal/cli/doctor.go:159.23,160.15 1 1
github.com/modu-ai/moai-adk/internal/cli/doctor.go:161.10,162.16 1 1
github.com/modu-ai/moai-adk/internal/cli/doctor.go:175.70,177.2 1 1
github.com/modu-ai/moai-adk/internal/cli/doctor.go:181.97,202.57 4 1
github.com/modu-ai/moai-adk/internal/cli/doctor.go:202.57,202.99 1 1
github.com/modu-ai/moai-adk/internal/cli/doctor.go:203.60,203.100 1 1
github.com/modu-ai/moai-adk/internal/cli/doctor.go:207.58,207.96 1 1
github.com/modu-ai/moai-adk/internal/cli/doctor.go:208.58,212.4 3 1
github.com/modu-ai/moai-adk/internal/cli/doctor.go:213.52,213.83 1 1
github.com/modu-ai/moai-adk/internal/cli/doctor.go:214.46,214.79 1 1
github.com/modu-ai/moai-adk/internal/cli/doctor.go:215.54,215.94 1 1
github.com/modu-ai/moai-adk/internal/cli/doctor.go:220.2,221.49 1 1
github.com/modu-ai/moai-adk/internal/cli/doctor.go:221.49,221.84 1 1
github.com/modu-ai/moai-adk/internal/cli/doctor.go:222.49,222.82 1 1
github.com/modu-ai/moai-adk/internal/cli/doctor.go:223.51,223.88 1 1
github.com/modu-ai/moai-adk/internal/cli/doctor.go:224.53,224.92 1 1
github.com/modu-ai/moai-adk/internal/cli/doctor.go:225.50,225.85 1 1
github.com/modu-ai/moai-adk/internal/cli/doctor.go:226.51,226.88 1 1
github.com/modu-ai/moai-adk/internal/cli/doctor.go:229.57,229.99 1 1
github.com/modu-ai/moai-adk/internal/cli/doctor.go:230.48,230.82 1 1
github.com/modu-ai/moai-adk/internal/cli/doctor.go:231.53,231.92 1 1
github.com/modu-ai/moai-adk/internal/cli/doctor.go:235.49,235.84 1 1
github.com/modu-ai/moai-adk/internal/cli/doctor.go:238.2,238.65 1 1
github.com/modu-ai/moai-adk/internal/cli/doctor.go:238.65,240.27 2 1
github.com/modu-ai/moai-adk/internal/cli/doctor.go:240.27,241.50 1 1
github.com/modu-ai/moai-adk/internal/cli/doctor.go:241.50,242.13 1 1
github.com/modu-ai/moai-adk/internal/cli/doctor.go:244.4,244.36 1 1
github.com/modu-ai/moai-adk/internal/cli/doctor.go:244.36,244.60 1 1
github.com/modu-ai/moai-adk/internal/cli/doctor.go:245.4,245.18 1 1
github.com/modu-ai/moai-adk/internal/cli/doctor.go:245.18,247.13 2 1
github.com/modu-ai/moai-adk/internal/cli/doctor.go:249.4,249.38 1 1
github.com/modu-ai/moai-adk/internal/cli/doctor.go:251.3,251.17 1 1
github.com/modu-ai/moai-adk/internal/cli/doctor.go:254.2,258.3 1 1
github.com/modu-ai/moai-adk/internal/cli/doctor.go:263.78,266.27 3 1
github.com/modu-ai/moai-adk/internal/cli/doctor.go:266.27,268.3 1 1
github.com/modu-ai/moai-adk/internal/cli/doctor.go:269.2,269.16 1 1
github.com/modu-ai/moai-adk/internal/cli/doctor.go:273.51,282.13 5 1
github.com/modu-ai/moai-adk/internal/cli/doctor.go:282.13,284.3 1 1
github.com/modu-ai/moai-adk/internal/cli/doctor.go:285.2,285.14 1 1
github.com/modu-ai/moai-adk/internal/cli/doctor.go:289.30,290.22 1 1
github.com/modu-ai/moai-adk/internal/cli/doctor.go:291.16,292.75 1 1
github.com/modu-ai/moai-adk/internal/cli/doctor.go:293.17,294.90 1 0
github.com/modu-ai/moai-adk/internal/cli/doctor.go:295.10,296.107 1 0
github.com/modu-ai/moai-adk/internal/cli/doctor.go:303.45,305.46 2 1
github.com/modu-ai/moai-adk/internal/cli/doctor.go:305.46,309.3 3 1
github.com/modu-ai/moai-adk/internal/cli/doctor.go:310.2,311.16 2 1
github.com/modu-ai/moai-adk/internal/cli/doctor.go:311.16,316.3 4 0
github.com/modu-ai/moai-adk/internal/cli/doctor.go:318.2,319.16 2 1
github.com/modu-ai/moai-adk/internal/cli/doctor.go:319.16,323.3 3 0
github.com/modu-ai/moai-adk/internal/cli/doctor.go:325.2,327.13 3 1
github.com/modu-ai/moai-adk/internal/cli/doctor.go:327.13,329.3 1 1
github.com/modu-ai/moai-adk/internal/cli/doctor.go:330.2,330.14 1 1
github.com/modu-ai/moai-adk/internal/cli/doctor.go:335.46,338.20 3 1
github.com/modu-ai/moai-adk/internal/cli/doctor.go:338.20,341.17 2 1
github.com/modu-ai/moai-adk/internal/cli/doctor.go:341.17,345.4 3 0
github.com/modu-ai/moai-adk/internal/cli/doctor.go:346.3,346.38 1 1
github.com/modu-ai/moai-adk/internal/cli/doctor.go:348.2,350.14 3 1
github.com/modu-ai/moai-adk/internal/cli/doctor.go:356.51,358.45 2 1
github.com/modu-ai/moai-adk/internal/cli/doctor.go:358.45,362.3 3 1
github.com/modu-ai/moai-adk/internal/cli/doctor.go:363.2,364.16 2 1
github.com/modu-ai/moai-adk/internal/cli/doctor.go:364.16,368.3 3 0
github.com/modu-ai/moai-adk/internal/cli/doctor.go:369.2,370.16 2 1
github.com/modu-ai/moai-adk/internal/cli/doctor.go:370.16,374.3 3 0
github.com/modu-ai/moai-adk/internal/cli/doctor.go:376.2,379.13 4 1
github.com/modu-ai/moai-adk/internal/cli/doctor.go:379.13,381.3 1 1
github.com/modu-ai/moai-adk/internal/cli/doctor.go:382.2,382.14 1 1
github.com/modu-ai/moai-adk/internal/cli/doctor.go:396.49,398.45 2 1
github.com/modu-ai/moai-adk/internal/cli/doctor.go:398.45,402.3 3 1
github.com/modu-ai/moai-adk/internal/cli/doctor.go:403.2,404.16 2 1
github.com/modu-ai/moai-adk/internal/cli/doctor.go:404.16,408.3 3 0
github.com/modu-ai/moai-adk/internal/cli/doctor.go:409.2,410.16 2 1
github.com/modu-ai/moai-adk/internal/cli/doctor.go:410.16,414.3 3 0
github.com/modu-ai/moai-adk/internal/cli/doctor.go:416.2,419.13 4 1
github.com/modu-ai/moai-adk/internal/cli/doctor.go:419.13,421.3 1 1
github.com/modu-ai/moai-adk/internal/cli/doctor.go:422.2,422.14 1 1
github.com/modu-ai/moai-adk/internal/cli/doctor.go:426.52,430.16 3 1
github.com/modu-ai/moai-adk/internal/cli/doctor.go:430.16,434.3 3 0
github.com/modu-ai/moai-adk/internal/cli/doctor.go:436.2,438.33 3 1
github.com/modu-ai/moai-adk/internal/cli/doctor.go:438.33,442.3 3 1
github.com/modu-ai/moai-adk/internal/cli/doctor.go:444.2,445.54 2 1
github.com/modu-ai/moai-adk/internal/cli/doctor.go:445.54,449.3 3 1
github.com/modu-ai/moai-adk/internal/cli/doctor.go:451.2,453.13 3 1
github.com/modu-ai/moai-adk/internal/cli/doctor.go:453.13,455.3 1 1
github.com/modu-ai/moai-adk/internal/cli/doctor.go:456.2,456.14 1 1
github.com/modu-ai/moai-adk/internal/cli/doctor.go:460.54,464.16 3 1
github.com/modu-ai/moai-adk/internal/cli/doctor.go:464.16,468.3 3 0
github.com/modu-ai/moai-adk/internal/cli/doctor.go:470.2,472.33 3 1
github.com/modu-ai/moai-adk/internal/cli/doctor.go:472.33,476.3 3 1
github.com/modu-ai/moai-adk/internal/cli/doctor.go:478.2,480.13 3 1
github.com/modu-ai/moai-adk/internal/cli/doctor.go:480.13,482.3 1 1
github.com/modu-ai/moai-adk/internal/cli/doctor.go:483.2,483.14 1 1
github.com/modu-ai/moai-adk/internal/cli/doctor.go:487.47,493.2 1 1
github.com/modu-ai/moai-adk/internal/cli/doctor.go:518.57,522.16 3 1
github.com/modu-ai/moai-adk/internal/cli/doctor.go:522.16,526.3 1 0
github.com/modu-ai/moai-adk/internal/cli/doctor.go:528.2,534.18 2 1
github.com/modu-ai/moai-adk/internal/cli/doctor.go:535.27,539.87 3 1
github.com/modu-ai/moai-adk/internal/cli/doctor.go:540.26,542.81 2 0
github.com/modu-ai/moai-adk/internal/cli/doctor.go:543.30,547.14 3 0
github.com/modu-ai/moai-adk/internal/cli/doctor.go:547.14,549.4 1 0
github.com/modu-ai/moai-adk/internal/cli/doctor.go:550.10,552.27 2 1
github.com/modu-ai/moai-adk/internal/cli/doctor.go:554.2,554.14 1 1
github.com/modu-ai/moai-adk/internal/cli/doctor.go:558.38,559.19 1 1
github.com/modu-ai/moai-adk/internal/cli/doctor.go:559.19,561.3 1 1
github.com/modu-ai/moai-adk/internal/cli/doctor.go:562.2,562.17 1 1
github.com/modu-ai/moai-adk/internal/cli/doctor.go:568.56,570.34 2 1
github.com/modu-ai/moai-adk/internal/cli/doctor.go:570.34,571.16 1 1
github.com/modu-ai/moai-adk/internal/cli/doctor.go:571.16,573.4 1 1
github.com/modu-ai/moai-adk/internal/cli/doctor.go:575.2,575.13 1 1
github.com/modu-ai/moai-adk/internal/cli/doctor.go:586.80,596.57 5 1
github.com/modu-ai/moai-adk/internal/cli/doctor.go:596.57,600.3 3 1
github.com/modu-ai/moai-adk/internal/cli/doctor.go:603.2,604.35 2 1
github.com/modu-ai/moai-adk/internal/cli/doctor.go:604.35,606.3 1 1
github.com/modu-ai/moai-adk/internal/cli/doctor.go:607.2,607.34 1 1
github.com/modu-ai/moai-adk/internal/cli/doctor.go:607.34,609.3 1 1
github.com/modu-ai/moai-adk/internal/cli/doctor.go:611.2,612.20 2 1
github.com/modu-ai/moai-adk/internal/cli/doctor.go:612.20,616.3 3 1
github.com/modu-ai/moai-adk/internal/cli/doctor.go:618.2,620.13 3 1
github.com/modu-ai/moai-adk/internal/cli/doctor.go:620.13,622.3 1 1
github.com/modu-ai/moai-adk/internal/cli/doctor.go:623.2,623.14 1 1
github.com/modu-ai/moai-adk/internal/cli/doctor.go:628.52,630.16 2 1
github.com/modu-ai/moai-adk/internal/cli/doctor.go:630.16,632.3 1 1
github.com/modu-ai/moai-adk/internal/cli/doctor.go:633.2,634.54 2 1
github.com/modu-ai/moai-adk/internal/cli/doctor.go:634.54,636.3 1 1
github.com/modu-ai/moai-adk/internal/cli/doctor.go:637.2,638.38 2 1
github.com/modu-ai/moai-adk/internal/cli/doctor.go:638.38,640.3 1 1
github.com/modu-ai/moai-adk/internal/cli/doctor.go:641.2,641.15 1 1
github.com/modu-ai/moai-adk/internal/cli/doctor.go:655.99,662.49 2 1
github.com/modu-ai/moai-adk/internal/cli/doctor.go:662.49,664.75 2 1
github.com/modu-ai/moai-adk/internal/cli/doctor.go:664.75,668.4 1 1
github.com/modu-ai/moai-adk/internal/cli/doctor.go:669.3,671.15 3 1
github.com/modu-ai/moai-adk/internal/cli/doctor.go:674.2,675.16 2 1
github.com/modu-ai/moai-adk/internal/cli/doctor.go:675.16,679.3 3 1
github.com/modu-ai/moai-adk/internal/cli/doctor.go:682.2,682.41 1 1
github.com/modu-ai/moai-adk/internal/cli/doctor.go:682.41,685.14 3 1
github.com/modu-ai/moai-adk/internal/cli/doctor.go:685.14,687.4 1 0
github.com/modu-ai/moai-adk/internal/cli/doctor.go:688.3,688.15 1 1
github.com/modu-ai/moai-adk/internal/cli/doctor.go:696.2,696.115 1 1
github.com/modu-ai/moai-adk/internal/cli/doctor.go:696.115,698.3 1 1
github.com/modu-ai/moai-adk/internal/cli/doctor.go:701.2,702.22 2 1
github.com/modu-ai/moai-adk/internal/cli/doctor.go:702.22,706.3 3 1
github.com/modu-ai/moai-adk/internal/cli/doctor.go:709.2,709.27 1 1
github.com/modu-ai/moai-adk/internal/cli/doctor.go:709.27,713.14 3 0
github.com/modu-ai/moai-adk/internal/cli/doctor.go:713.14,715.4 1 0
github.com/modu-ai/moai-adk/internal/cli/doctor.go:716.3,716.15 1 0
github.com/modu-ai/moai-adk/internal/cli/doctor.go:719.2,722.14 3 1
github.com/modu-ai/moai-adk/internal/cli/doctor.go:732.122,739.20 3 1
github.com/modu-ai/moai-adk/internal/cli/doctor.go:739.20,741.3 1 1
github.com/modu-ai/moai-adk/internal/cli/doctor.go:742.2,742.69 1 1
github.com/modu-ai/moai-adk/internal/cli/doctor.go:742.69,744.3 1 1
github.com/modu-ai/moai-adk/internal/cli/doctor.go:746.2,747.30 2 1
github.com/modu-ai/moai-adk/internal/cli/doctor.go:747.30,752.3 2 0
github.com/modu-ai/moai-adk/internal/cli/doctor.go:754.2,757.13 2 1
github.com/modu-ai/moai-adk/internal/cli/doctor.go:757.13,759.36 2 1
github.com/modu-ai/moai-adk/internal/cli/doctor.go:759.36,761.4 1 1
github.com/modu-ai/moai-adk/internal/cli/doctor.go:762.3,762.45 1 1
github.com/modu-ai/moai-adk/internal/cli/doctor.go:764.2,764.20 1 1
github.com/modu-ai/moai-adk/internal/cli/doctor.go:768.73,772.33 4 1
github.com/modu-ai/moai-adk/internal/cli/doctor.go:772.33,776.3 3 1
github.com/modu-ai/moai-adk/internal/cli/doctor.go:777.2,779.13 3 0
github.com/modu-ai/moai-adk/internal/cli/doctor.go:779.13,781.3 1 0
github.com/modu-ai/moai-adk/internal/cli/doctor.go:782.2,782.14 1 0
github.com/modu-ai/moai-adk/internal/cli/doctor.go:791.71,795.13 4 1
github.com/modu-ai/moai-adk/internal/cli/doctor.go:795.13,797.3 1 0
github.com/modu-ai/moai-adk/internal/cli/doctor.go:797.8,799.3 1 1
github.com/modu-ai/moai-adk/internal/cli/doctor.go:800.2,800.13 1 1
github.com/modu-ai/moai-adk/internal/cli/doctor.go:800.13,801.14 1 1
github.com/modu-ai/moai-adk/internal/cli/doctor.go:801.14,803.4 1 0
github.com/modu-ai/moai-adk/internal/cli/doctor.go:803.9,805.4 1 1
github.com/modu-ai/moai-adk/internal/cli/doctor.go:807.2,807.14 1 1
github.com/modu-ai/moai-adk/internal/cli/doctor.go:811.75,815.33 4 1
github.com/modu-ai/moai-adk/internal/cli/doctor.go:815.33,819.3 3 1
github.com/modu-ai/moai-adk/internal/cli/doctor.go:820.2,823.13 4 0
github.com/modu-ai/moai-adk/internal/cli/doctor.go:823.13,825.3 1 0
github.com/modu-ai/moai-adk/internal/cli/doctor.go:826.2,826.14 1 0
github.com/modu-ai/moai-adk/internal/cli/doctor.go:830.77,834.16 4 1
github.com/modu-ai/moai-adk/internal/cli/doctor.go:834.16,835.25 1 1
github.com/modu-ai/moai-adk/internal/cli/doctor.go:835.25,839.4 3 1
github.com/modu-ai/moai-adk/internal/cli/doctor.go:840.3,842.15 3 0
github.com/modu-ai/moai-adk/internal/cli/doctor.go:844.2,845.28 2 1
github.com/modu-ai/moai-adk/internal/cli/doctor.go:845.28,846.17 1 1
github.com/modu-ai/moai-adk/internal/cli/doctor.go:846.17,847.12 1 0
github.com/modu-ai/moai-adk/internal/cli/doctor.go:849.3,849.40 1 1
github.com/modu-ai/moai-adk/internal/cli/doctor.go:849.40,851.4 1 1
github.com/modu-ai/moai-adk/internal/cli/doctor.go:853.2,853.19 1 1
github.com/modu-ai/moai-adk/internal/cli/doctor.go:853.19,862.14 3 1
github.com/modu-ai/moai-adk/internal/cli/doctor.go:862.14,864.4 1 0
github.com/modu-ai/moai-adk/internal/cli/doctor.go:865.3,865.15 1 1
github.com/modu-ai/moai-adk/internal/cli/doctor.go:867.2,869.14 3 1
github.com/modu-ai/moai-adk/internal/cli/doctor.go:873.73,876.43 3 1
github.com/modu-ai/moai-adk/internal/cli/doctor.go:876.43,880.3 3 1
github.com/modu-ai/moai-adk/internal/cli/doctor.go:881.2,883.13 3 0
github.com/modu-ai/moai-adk/internal/cli/doctor.go:883.13,885.3 1 0
github.com/modu-ai/moai-adk/internal/cli/doctor.go:886.2,886.14 1 0
github.com/modu-ai/moai-adk/internal/cli/doctor.go:890.75,894.33 4 1
github.com/modu-ai/moai-adk/internal/cli/doctor.go:894.33,898.3 3 1
github.com/modu-ai/moai-adk/internal/cli/doctor.go:899.2,901.13 3 0
github.com/modu-ai/moai-adk/internal/cli/doctor.go:901.13,903.3 1 0
github.com/modu-ai/moai-adk/internal/cli/doctor.go:904.2,904.14 1 0
github.com/modu-ai/moai-adk/internal/cli/doctor.go:908.72,912.33 4 1
github.com/modu-ai/moai-adk/internal/cli/doctor.go:912.33,916.3 3 1
github.com/modu-ai/moai-adk/internal/cli/doctor.go:917.2,919.13 3 0
github.com/modu-ai/moai-adk/internal/cli/doctor.go:919.13,921.3 1 0
github.com/modu-ai/moai-adk/internal/cli/doctor.go:922.2,922.14 1 0
github.com/modu-ai/moai-adk/internal/cli/doctor.go:926.77,929.44 3 1
github.com/modu-ai/moai-adk/internal/cli/doctor.go:929.44,933.3 3 1
github.com/modu-ai/moai-adk/internal/cli/doctor.go:934.2,936.13 3 0
github.com/modu-ai/moai-adk/internal/cli/doctor.go:936.13,938.3 1 0
github.com/modu-ai/moai-adk/internal/cli/doctor.go:939.2,939.14 1 0
github.com/modu-ai/moai-adk/internal/cli/doctor.go:944.48,951.2 1 1
github.com/modu-ai/moai-adk/internal/cli/doctor.go:955.70,960.16 4 1
github.com/modu-ai/moai-adk/internal/cli/doctor.go:960.16,965.3 4 0
github.com/modu-ai/moai-adk/internal/cli/doctor.go:967.2,970.22 3 1
github.com/modu-ai/moai-adk/internal/cli/doctor.go:970.22,973.14 3 0
github.com/modu-ai/moai-adk/internal/cli/doctor.go:973.14,975.4 1 0
github.com/modu-ai/moai-adk/internal/cli/doctor.go:978.2,978.35 1 1
github.com/modu-ai/moai-adk/internal/cli/doctor.go:978.35,979.25 1 0
github.com/modu-ai/moai-adk/internal/cli/doctor.go:979.25,981.4 1 0
github.com/modu-ai/moai-adk/internal/cli/doctor.go:982.3,982.102 1 0
github.com/modu-ai/moai-adk/internal/cli/doctor.go:985.2,985.14 1 1
github.com/modu-ai/moai-adk/internal/cli/doctor.go:1001.77,1006.16 4 1
github.com/modu-ai/moai-adk/internal/cli/doctor.go:1006.16,1007.25 1 1
github.com/modu-ai/moai-adk/internal/cli/doctor.go:1007.25,1010.4 2 1
github.com/modu-ai/moai-adk/internal/cli/doctor.go:1012.3,1015.15 4 1
github.com/modu-ai/moai-adk/internal/cli/doctor.go:1018.2,1019.14 2 1
github.com/modu-ai/moai-adk/internal/cli/doctor.go:1019.14,1020.42 1 1
github.com/modu-ai/moai-adk/internal/cli/doctor.go:1020.42,1023.15 2 1
github.com/modu-ai/moai-adk/internal/cli/doctor.go:1023.15,1025.5 1 1
github.com/modu-ai/moai-adk/internal/cli/doctor.go:1026.4,1026.16 1 1
github.com/modu-ai/moai-adk/internal/cli/doctor.go:1028.3,1029.15 2 1
github.com/modu-ai/moai-adk/internal/cli/doctor.go:1032.2,1039.14 6 1
github.com/modu-ai/moai-adk/internal/cli/doctor.go:1043.69,1045.16 2 1
github.com/modu-ai/moai-adk/internal/cli/doctor.go:1045.16,1047.3 1 0
github.com/modu-ai/moai-adk/internal/cli/doctor.go:1048.2,1048.48 1 1
github.com/modu-ai/moai-adk/internal/cli/doctor_agentemit_embed.go:67.68,69.2 1 1
github.com/modu-ai/moai-adk/internal/cli/doctor_agentemit_embed.go:88.111,96.9 3 1
github.com/modu-ai/moai-adk/internal/cli/doctor_agentemit_embed.go:96.9,98.57 2 1
github.com/modu-ai/moai-adk/internal/cli/doctor_agentemit_embed.go:98.57,100.4 1 1
github.com/modu-ai/moai-adk/internal/cli/doctor_agentemit_embed.go:100.9,102.4 1 1
github.com/modu-ai/moai-adk/internal/cli/doctor_agentemit_embed.go:103.3,103.14 1 1
github.com/modu-ai/moai-adk/internal/cli/doctor_agentemit_embed.go:103.14,106.4 1 1
github.com/modu-ai/moai-adk/internal/cli/doctor_agentemit_embed.go:107.3,107.15 1 1
github.com/modu-ai/moai-adk/internal/cli/doctor_agentemit_embed.go:111.2,121.19 2 1
github.com/modu-ai/moai-adk/internal/cli/doctor_agentemit_embed.go:121.19,123.3 1 1
github.com/modu-ai/moai-adk/internal/cli/doctor_agentemit_embed.go:124.2,124.63 1 1
github.com/modu-ai/moai-adk/internal/cli/doctor_agentemit_embed.go:124.63,128.14 3 1
github.com/modu-ai/moai-adk/internal/cli/doctor_agentemit_embed.go:128.14,130.4 1 1
github.com/modu-ai/moai-adk/internal/cli/doctor_agentemit_embed.go:131.3,131.15 1 1
github.com/modu-ai/moai-adk/internal/cli/doctor_agentemit_embed.go:134.2,135.20 2 1
github.com/modu-ai/moai-adk/internal/cli/doctor_agentemit_embed.go:135.20,137.3 1 1
github.com/modu-ai/moai-adk/internal/cli/doctor_agentemit_embed.go:138.2,138.16 1 1
github.com/modu-ai/moai-adk/internal/cli/doctor_agentemit_embed.go:138.16,142.3 3 1
github.com/modu-ai/moai-adk/internal/cli/doctor_agentemit_embed.go:144.2,145.16 2 1
github.com/modu-ai/moai-adk/internal/cli/doctor_agentemit_embed.go:145.16,149.3 3 1
github.com/modu-ai/moai-adk/internal/cli/doctor_agentemit_embed.go:154.2,154.31 1 1
github.com/modu-ai/moai-adk/internal/cli/doctor_agentemit_embed.go:154.31,159.3 3 1
github.com/modu-ai/moai-adk/internal/cli/doctor_agentemit_embed.go:161.2,161.24 1 1
github.com/modu-ai/moai-adk/internal/cli/doctor_agentemit_embed.go:161.24,169.3 4 1
github.com/modu-ai/moai-adk/internal/cli/doctor_agentemit_embed.go:171.2,174.13 3 1
github.com/modu-ai/moai-adk/internal/cli/doctor_agentemit_embed.go:174.13,176.3 1 0
github.com/modu-ai/moai-adk/internal/cli/doctor_agentemit_embed.go:177.2,177.14 1 1
github.com/modu-ai/moai-adk/internal/cli/doctor_agentemit_embed.go:190.54,191.45 1 1
github.com/modu-ai/moai-adk/internal/cli/doctor_agentemit_embed.go:191.45,193.3 1 1
github.com/modu-ai/moai-adk/internal/cli/doctor_agentemit_embed.go:198.54,199.45 1 1
github.com/modu-ai/moai-adk/internal/cli/doctor_agentemit_embed.go:199.45,202.3 2 1
github.com/modu-ai/moai-adk/internal/cli/doctor_agentemit_embed.go:207.71,209.15 2 1
github.com/modu-ai/moai-adk/internal/cli/doctor_agentemit_embed.go:209.15,211.17 2 0
github.com/modu-ai/moai-adk/internal/cli/doctor_agentemit_embed.go:211.17,213.4 1 0
github.com/modu-ai/moai-adk/internal/cli/doctor_agentemit_embed.go:214.3,214.11 1 0
github.com/modu-ai/moai-adk/internal/cli/doctor_agentemit_embed.go:216.2,216.47 1 1
github.com/modu-ai/moai-adk/internal/cli/doctor_agentemit_embed.go:216.47,218.3 1 1
github.com/modu-ai/moai-adk/internal/cli/doctor_agentemit_embed.go:219.2,219.6 1 1
github.com/modu-ai/moai-adk/internal/cli/doctor_agentemit_embed.go:219.6,220.17 1 1
github.com/modu-ai/moai-adk/internal/cli/doctor_agentemit_embed.go:220.17,222.4 1 1
github.com/modu-ai/moai-adk/internal/cli/doctor_agentemit_embed.go:223.3,224.20 2 1
github.com/modu-ai/moai-adk/internal/cli/doctor_agentemit_embed.go:224.20,226.4 1 1
github.com/modu-ai/moai-adk/internal/cli/doctor_agentemit_embed.go:227.3,227.15 1 1
github.com/modu-ai/moai-adk/internal/cli/doctor_agentemit_embed.go:232.49,234.16 2 1
github.com/modu-ai/moai-adk/internal/cli/doctor_agentemit_embed.go:234.16,236.3 1 0
github.com/modu-ai/moai-adk/internal/cli/doctor_agentemit_embed.go:237.2,238.16 2 1
github.com/modu-ai/moai-adk/internal/cli/doctor_agentemit_embed.go:243.47,244.69 1 1
github.com/modu-ai/moai-adk/internal/cli/doctor_agentemit_embed.go:244.69,246.3 1 1
github.com/modu-ai/moai-adk/internal/cli/doctor_agentemit_embed.go:247.2,247.73 1 1
github.com/modu-ai/moai-adk/internal/cli/doctor_agentemit_embed.go:253.122,255.30 2 1
github.com/modu-ai/moai-adk/internal/cli/doctor_agentemit_embed.go:255.30,258.21 3 1
github.com/modu-ai/moai-adk/internal/cli/doctor_agentemit_embed.go:258.21,260.12 2 1
github.com/modu-ai/moai-adk/internal/cli/doctor_agentemit_embed.go:262.3,263.21 2 1
github.com/modu-ai/moai-adk/internal/cli/doctor_agentemit_embed.go:263.21,265.4 1 1
github.com/modu-ai/moai-adk/internal/cli/doctor_agentemit_embed.go:266.3,267.30 2 1
github.com/modu-ai/moai-adk/internal/cli/doctor_agentemit_embed.go:267.30,269.4 1 1
github.com/modu-ai/moai-adk/internal/cli/doctor_agentemit_embed.go:271.2,273.45 3 1
github.com/modu-ai/moai-adk/internal/cli/doctor_agentemit_embed.go:294.69,296.16 2 1
github.com/modu-ai/moai-adk/internal/cli/doctor_agentemit_embed.go:296.16,297.21 1 0
github.com/modu-ai/moai-adk/internal/cli/doctor_agentemit_embed.go:297.22,297.23 0 0
github.com/modu-ai/moai-adk/internal/cli/doctor_agentemit_embed.go:299.2,299.20 1 1
github.com/modu-ai/moai-adk/internal/cli/doctor_agentemit_embed.go:299.20,302.48 1 1
github.com/modu-ai/moai-adk/internal/cli/doctor_agentemit_embed.go:302.48,304.4 1 0
github.com/modu-ai/moai-adk/internal/cli/doctor_agentemit_embed.go:311.2,312.31 2 1
github.com/modu-ai/moai-adk/internal/cli/doctor_agentemit_embed.go:312.31,313.59 1 1
github.com/modu-ai/moai-adk/internal/cli/doctor_agentemit_embed.go:313.59,315.4 1 1
github.com/modu-ai/moai-adk/internal/cli/doctor_agentemit_embed.go:318.2,325.56 5 1
github.com/modu-ai/moai-adk/internal/cli/doctor_agentemit_embed.go:325.56,327.3 1 0
github.com/modu-ai/moai-adk/internal/cli/doctor_agentemit_embed.go:328.2,328.29 1 1
github.com/modu-ai/moai-adk/internal/cli/doctor_agentemit_embed.go:332.35,335.18 3 1
github.com/modu-ai/moai-adk/internal/cli/doctor_agentemit_embed.go:335.18,337.3 1 1
github.com/modu-ai/moai-adk/internal/cli/doctor_agentemit_embed.go:338.2,338.10 1 1
github.com/modu-ai/moai-adk/internal/cli/doctor_codex.go:38.66,43.38 4 1
github.com/modu-ai/moai-adk/internal/cli/doctor_codex.go:43.38,47.3 3 1
github.com/modu-ai/moai-adk/internal/cli/doctor_codex.go:49.2,53.21 3 1
github.com/modu-ai/moai-adk/internal/cli/doctor_codex.go:53.21,55.3 1 0
github.com/modu-ai/moai-adk/internal/cli/doctor_codex.go:55.8,56.77 1 1
github.com/modu-ai/moai-adk/internal/cli/doctor_codex.go:56.77,58.4 1 0
github.com/modu-ai/moai-adk/internal/cli/doctor_codex.go:58.9,58.33 1 1
github.com/modu-ai/moai-adk/internal/cli/doctor_codex.go:58.33,62.33 2 1
github.com/modu-ai/moai-adk/internal/cli/doctor_codex.go:62.33,64.5 1 1
github.com/modu-ai/moai-adk/internal/cli/doctor_codex.go:65.4,65.142 1 1
github.com/modu-ai/moai-adk/internal/cli/doctor_codex.go:68.3,68.75 1 1
github.com/modu-ai/moai-adk/internal/cli/doctor_codex.go:68.75,70.4 1 0
github.com/modu-ai/moai-adk/internal/cli/doctor_codex.go:70.9,70.21 1 1
github.com/modu-ai/moai-adk/internal/cli/doctor_codex.go:70.21,72.57 2 1
github.com/modu-ai/moai-adk/internal/cli/doctor_codex.go:72.57,78.5 2 1
github.com/modu-ai/moai-adk/internal/cli/doctor_codex.go:79.9,79.21 1 1
github.com/modu-ai/moai-adk/internal/cli/doctor_codex.go:79.21,81.4 1 0
github.com/modu-ai/moai-adk/internal/cli/doctor_codex.go:86.2,86.57 1 1
github.com/modu-ai/moai-adk/internal/cli/doctor_codex.go:86.57,88.3 1 1
github.com/modu-ai/moai-adk/internal/cli/doctor_codex.go:92.2,92.19 1 1
github.com/modu-ai/moai-adk/internal/cli/doctor_codex.go:92.19,94.3 1 1
github.com/modu-ai/moai-adk/internal/cli/doctor_codex.go:94.8,96.10 2 1
github.com/modu-ai/moai-adk/internal/cli/doctor_codex.go:97.24,98.84 1 0
github.com/modu-ai/moai-adk/internal/cli/doctor_codex.go:99.26,100.128 1 1
github.com/modu-ai/moai-adk/internal/cli/doctor_codex.go:104.2,104.24 1 1
github.com/modu-ai/moai-adk/internal/cli/doctor_codex.go:104.24,108.3 3 1
github.com/modu-ai/moai-adk/internal/cli/doctor_codex.go:110.2,112.21 3 1
github.com/modu-ai/moai-adk/internal/cli/doctor_codex.go:112.21,114.3 1 1
github.com/modu-ai/moai-adk/internal/cli/doctor_codex.go:114.8,114.42 1 1
github.com/modu-ai/moai-adk/internal/cli/doctor_codex.go:114.42,116.3 1 0
github.com/modu-ai/moai-adk/internal/cli/doctor_codex.go:117.2,117.14 1 1
github.com/modu-ai/moai-adk/internal/cli/doctor_config.go:35.13,42.2 5 1
github.com/modu-ai/moai-adk/internal/cli/doctor_config.go:46.58,52.16 5 1
github.com/modu-ai/moai-adk/internal/cli/doctor_config.go:52.16,54.3 1 0
github.com/modu-ai/moai-adk/internal/cli/doctor_config.go:57.2,57.15 1 1
github.com/modu-ai/moai-adk/internal/cli/doctor_config.go:57.15,60.17 2 1
github.com/modu-ai/moai-adk/internal/cli/doctor_config.go:60.17,62.4 1 1
github.com/modu-ai/moai-adk/internal/cli/doctor_config.go:64.3,65.10 2 1
github.com/modu-ai/moai-adk/internal/cli/doctor_config.go:65.10,67.4 1 1
github.com/modu-ai/moai-adk/internal/cli/doctor_config.go:71.3,72.13 2 1
github.com/modu-ai/moai-adk/internal/cli/doctor_config.go:76.2,77.16 2 1
github.com/modu-ai/moai-adk/internal/cli/doctor_config.go:77.16,79.3 1 0
github.com/modu-ai/moai-adk/internal/cli/doctor_config.go:81.2,82.12 2 1
github.com/modu-ai/moai-adk/internal/cli/doctor_config.go:87.61,93.16 4 1
github.com/modu-ai/moai-adk/internal/cli/doctor_config.go:93.16,95.3 1 1
github.com/modu-ai/moai-adk/internal/cli/doctor_config.go:97.2,98.16 2 1
github.com/modu-ai/moai-adk/internal/cli/doctor_config.go:98.16,100.3 1 0
github.com/modu-ai/moai-adk/internal/cli/doctor_config.go:102.2,104.16 3 1
github.com/modu-ai/moai-adk/internal/cli/doctor_config.go:104.16,106.3 1 0
github.com/modu-ai/moai-adk/internal/cli/doctor_config.go:109.2,113.12 3 1
github.com/modu-ai/moai-adk/internal/cli/doctor_config.go:117.51,119.24 1 1
github.com/modu-ai/moai-adk/internal/cli/doctor_config.go:119.24,120.15 1 1
github.com/modu-ai/moai-adk/internal/cli/doctor_config.go:120.15,122.4 1 1
github.com/modu-ai/moai-adk/internal/cli/doctor_config.go:124.2,124.87 1 1
github.com/modu-ai/moai-adk/internal/cli/doctor_config.go:128.68,134.21 6 1
github.com/modu-ai/moai-adk/internal/cli/doctor_config.go:134.21,136.3 1 1
github.com/modu-ai/moai-adk/internal/cli/doctor_config.go:137.2,137.33 1 1
github.com/modu-ai/moai-adk/internal/cli/doctor_config.go:137.33,139.47 2 0
github.com/modu-ai/moai-adk/internal/cli/doctor_config.go:139.47,141.4 1 0
github.com/modu-ai/moai-adk/internal/cli/doctor_config.go:146.98,147.20 1 1
github.com/modu-ai/moai-adk/internal/cli/doctor_config.go:147.20,150.3 2 1
github.com/modu-ai/moai-adk/internal/cli/doctor_config.go:152.2,155.29 3 1
github.com/modu-ai/moai-adk/internal/cli/doctor_config.go:155.29,157.19 2 1
github.com/modu-ai/moai-adk/internal/cli/doctor_config.go:157.19,159.4 1 1
github.com/modu-ai/moai-adk/internal/cli/doctor_config.go:160.3,162.25 3 1
github.com/modu-ai/moai-adk/internal/cli/doctor_disk.go:66.44,70.16 3 1
github.com/modu-ai/moai-adk/internal/cli/doctor_disk.go:70.16,75.3 4 0
github.com/modu-ai/moai-adk/internal/cli/doctor_disk.go:76.2,76.49 1 1
github.com/modu-ai/moai-adk/internal/cli/doctor_disk.go:76.49,80.3 3 1
github.com/modu-ai/moai-adk/internal/cli/doctor_disk.go:82.2,86.36 3 1
github.com/modu-ai/moai-adk/internal/cli/doctor_disk.go:86.36,87.13 1 1
github.com/modu-ai/moai-adk/internal/cli/doctor_disk.go:87.13,88.9 1 1
github.com/modu-ai/moai-adk/internal/cli/doctor_disk.go:90.3,90.75 1 1
github.com/modu-ai/moai-adk/internal/cli/doctor_disk.go:92.2,94.25 3 1
github.com/modu-ai/moai-adk/internal/cli/doctor_disk.go:94.25,96.3 1 1
github.com/modu-ai/moai-adk/internal/cli/doctor_disk.go:98.2,98.61 1 1
github.com/modu-ai/moai-adk/internal/cli/doctor_disk.go:98.61,105.3 2 1
github.com/modu-ai/moai-adk/internal/cli/doctor_disk.go:105.8,111.3 2 1
github.com/modu-ai/moai-adk/internal/cli/doctor_disk.go:112.2,113.14 2 1
github.com/modu-ai/moai-adk/internal/cli/doctor_disk.go:118.55,126.50 2 1
github.com/modu-ai/moai-adk/internal/cli/doctor_disk.go:126.50,127.29 1 1
github.com/modu-ai/moai-adk/internal/cli/doctor_disk.go:127.29,131.4 3 1
github.com/modu-ai/moai-adk/internal/cli/doctor_disk.go:132.3,132.51 1 1
github.com/modu-ai/moai-adk/internal/cli/doctor_disk.go:132.51,133.58 1 1
github.com/modu-ai/moai-adk/internal/cli/doctor_disk.go:133.58,135.5 1 1
github.com/modu-ai/moai-adk/internal/cli/doctor_disk.go:136.4,136.60 1 1
github.com/modu-ai/moai-adk/internal/cli/doctor_disk.go:141.2,142.58 2 1
github.com/modu-ai/moai-adk/internal/cli/doctor_disk.go:142.58,143.30 1 1
github.com/modu-ai/moai-adk/internal/cli/doctor_disk.go:143.30,144.18 1 1
github.com/modu-ai/moai-adk/internal/cli/doctor_disk.go:144.18,145.13 1 1
github.com/modu-ai/moai-adk/internal/cli/doctor_disk.go:147.4,151.62 5 1
github.com/modu-ai/moai-adk/internal/cli/doctor_disk.go:151.62,152.35 1 1
github.com/modu-ai/moai-adk/internal/cli/doctor_disk.go:152.35,155.6 2 1
github.com/modu-ai/moai-adk/internal/cli/doctor_disk.go:157.4,157.39 1 1
github.com/modu-ai/moai-adk/internal/cli/doctor_disk.go:159.3,159.51 1 1
github.com/modu-ai/moai-adk/internal/cli/doctor_disk.go:159.51,160.58 1 1
github.com/modu-ai/moai-adk/internal/cli/doctor_disk.go:160.58,162.5 1 1
github.com/modu-ai/moai-adk/internal/cli/doctor_disk.go:163.4,163.60 1 1
github.com/modu-ai/moai-adk/internal/cli/doctor_disk.go:167.2,171.57 3 1
github.com/modu-ai/moai-adk/internal/cli/doctor_disk.go:171.57,172.29 1 1
github.com/modu-ai/moai-adk/internal/cli/doctor_disk.go:172.29,173.17 1 1
github.com/modu-ai/moai-adk/internal/cli/doctor_disk.go:173.17,174.13 1 0
github.com/modu-ai/moai-adk/internal/cli/doctor_disk.go:176.4,177.79 2 1
github.com/modu-ai/moai-adk/internal/cli/doctor_disk.go:177.79,179.5 1 1
github.com/modu-ai/moai-adk/internal/cli/doctor_disk.go:185.2,186.54 2 1
github.com/modu-ai/moai-adk/internal/cli/doctor_disk.go:186.54,188.3 1 1
github.com/modu-ai/moai-adk/internal/cli/doctor_disk.go:189.2,190.117 2 1
github.com/modu-ai/moai-adk/internal/cli/doctor_disk.go:190.117,192.3 1 1
github.com/modu-ai/moai-adk/internal/cli/doctor_disk.go:195.2,195.43 1 1
github.com/modu-ai/moai-adk/internal/cli/doctor_disk.go:195.43,197.66 2 1
github.com/modu-ai/moai-adk/internal/cli/doctor_disk.go:197.66,201.4 3 1
github.com/modu-ai/moai-adk/internal/cli/doctor_disk.go:203.2,203.15 1 1
github.com/modu-ai/moai-adk/internal/cli/doctor_disk.go:208.57,210.30 2 1
github.com/modu-ai/moai-adk/internal/cli/doctor_disk.go:210.30,212.37 2 1
github.com/modu-ai/moai-adk/internal/cli/doctor_disk.go:212.37,215.26 3 1
github.com/modu-ai/moai-adk/internal/cli/doctor_disk.go:215.26,217.5 1 1
github.com/modu-ai/moai-adk/internal/cli/doctor_disk.go:218.4,220.33 3 1
github.com/modu-ai/moai-adk/internal/cli/doctor_disk.go:220.33,222.5 1 1
github.com/modu-ai/moai-adk/internal/cli/doctor_disk.go:223.4,223.115 1 1
github.com/modu-ai/moai-adk/internal/cli/doctor_disk.go:225.3,225.64 1 1
github.com/modu-ai/moai-adk/internal/cli/doctor_disk.go:227.2,227.30 1 1
github.com/modu-ai/moai-adk/internal/cli/doctor_disk.go:227.30,229.37 2 1
github.com/modu-ai/moai-adk/internal/cli/doctor_disk.go:229.37,232.4 1 1
github.com/modu-ai/moai-adk/internal/cli/doctor_disk.go:233.3,233.100 1 1
github.com/modu-ai/moai-adk/internal/cli/doctor_disk.go:235.2,239.25 3 1
github.com/modu-ai/moai-adk/internal/cli/doctor_disk.go:239.25,241.3 1 1
github.com/modu-ai/moai-adk/internal/cli/doctor_disk.go:241.8,243.3 1 1
github.com/modu-ai/moai-adk/internal/cli/doctor_disk.go:244.2,244.34 1 1
github.com/modu-ai/moai-adk/internal/cli/doctor_disk.go:250.105,256.40 3 1
github.com/modu-ai/moai-adk/internal/cli/doctor_disk.go:256.40,257.34 1 1
github.com/modu-ai/moai-adk/internal/cli/doctor_disk.go:257.34,258.22 1 1
github.com/modu-ai/moai-adk/internal/cli/doctor_disk.go:258.22,259.13 1 0
github.com/modu-ai/moai-adk/internal/cli/doctor_disk.go:261.4,261.35 1 1
github.com/modu-ai/moai-adk/internal/cli/doctor_disk.go:261.35,263.5 1 1
github.com/modu-ai/moai-adk/internal/cli/doctor_disk.go:264.4,265.74 2 1
github.com/modu-ai/moai-adk/internal/cli/doctor_disk.go:268.2,269.41 2 1
github.com/modu-ai/moai-adk/internal/cli/doctor_disk.go:269.41,270.35 1 1
github.com/modu-ai/moai-adk/internal/cli/doctor_disk.go:270.35,271.25 1 1
github.com/modu-ai/moai-adk/internal/cli/doctor_disk.go:271.25,272.13 1 1
github.com/modu-ai/moai-adk/internal/cli/doctor_disk.go:274.4,280.6 2 1
github.com/modu-ai/moai-adk/internal/cli/doctor_disk.go:283.2,283.43 1 1
github.com/modu-ai/moai-adk/internal/cli/doctor_disk.go:283.43,283.97 1 1
github.com/modu-ai/moai-adk/internal/cli/doctor_disk.go:284.2,284.17 1 1
github.com/modu-ai/moai-adk/internal/cli/doctor_disk.go:289.60,290.16 1 1
github.com/modu-ai/moai-adk/internal/cli/doctor_disk.go:290.16,291.40 1 1
github.com/modu-ai/moai-adk/internal/cli/doctor_disk.go:291.40,293.4 1 1
github.com/modu-ai/moai-adk/internal/cli/doctor_disk.go:294.3,294.14 1 0
github.com/modu-ai/moai-adk/internal/cli/doctor_disk.go:296.2,297.16 2 1
github.com/modu-ai/moai-adk/internal/cli/doctor_disk.go:297.16,299.3 1 0
github.com/modu-ai/moai-adk/internal/cli/doctor_disk.go:300.2,300.20 1 1
github.com/modu-ai/moai-adk/internal/cli/doctor_disk.go:304.38,306.14 2 1
github.com/modu-ai/moai-adk/internal/cli/doctor_disk.go:306.14,308.3 1 1
github.com/modu-ai/moai-adk/internal/cli/doctor_disk.go:309.2,310.53 2 1
github.com/modu-ai/moai-adk/internal/cli/doctor_disk.go:310.53,313.3 2 1
github.com/modu-ai/moai-adk/internal/cli/doctor_disk.go:314.2,314.70 1 1
github.com/modu-ai/moai-adk/internal/cli/doctor_harness.go:20.58,24.55 3 1
github.com/modu-ai/moai-adk/internal/cli/doctor_harness.go:24.55,28.3 3 1
github.com/modu-ai/moai-adk/internal/cli/doctor_harness.go:37.2,37.36 1 1
github.com/modu-ai/moai-adk/internal/cli/doctor_harness.go:37.36,41.3 3 1
github.com/modu-ai/moai-adk/internal/cli/doctor_harness.go:43.2,50.18 6 1
github.com/modu-ai/moai-adk/internal/cli/doctor_harness.go:50.18,52.3 1 0
github.com/modu-ai/moai-adk/internal/cli/doctor_harness.go:55.2,58.18 4 1
github.com/modu-ai/moai-adk/internal/cli/doctor_harness.go:58.18,60.3 1 1
github.com/modu-ai/moai-adk/internal/cli/doctor_harness.go:63.2,65.18 3 1
github.com/modu-ai/moai-adk/internal/cli/doctor_harness.go:65.18,67.3 1 1
github.com/modu-ai/moai-adk/internal/cli/doctor_harness.go:70.2,72.18 3 1
github.com/modu-ai/moai-adk/internal/cli/doctor_harness.go:72.18,74.3 1 1
github.com/modu-ai/moai-adk/internal/cli/doctor_harness.go:77.2,79.18 3 1
github.com/modu-ai/moai-adk/internal/cli/doctor_harness.go:79.18,81.3 1 1
github.com/modu-ai/moai-adk/internal/cli/doctor_harness.go:89.2,92.18 4 1
github.com/modu-ai/moai-adk/internal/cli/doctor_harness.go:92.18,94.3 1 1
github.com/modu-ai/moai-adk/internal/cli/doctor_harness.go:97.2,99.24 3 1
github.com/modu-ai/moai-adk/internal/cli/doctor_harness.go:99.24,101.31 2 1
github.com/modu-ai/moai-adk/internal/cli/doctor_harness.go:101.31,104.4 1 1
github.com/modu-ai/moai-adk/internal/cli/doctor_harness.go:105.3,105.52 1 1
github.com/modu-ai/moai-adk/internal/cli/doctor_harness.go:108.2,108.9 1 1
github.com/modu-ai/moai-adk/internal/cli/doctor_harness.go:109.25,112.59 3 1
github.com/modu-ai/moai-adk/internal/cli/doctor_harness.go:113.24,116.28 3 1
github.com/modu-ai/moai-adk/internal/cli/doctor_harness.go:117.10,119.46 2 1
github.com/modu-ai/moai-adk/internal/cli/doctor_harness.go:121.2,121.14 1 1
github.com/modu-ai/moai-adk/internal/cli/doctor_harness.go:126.61,128.16 2 1
github.com/modu-ai/moai-adk/internal/cli/doctor_harness.go:128.16,129.25 1 1
github.com/modu-ai/moai-adk/internal/cli/doctor_harness.go:129.25,131.4 1 1
github.com/modu-ai/moai-adk/internal/cli/doctor_harness.go:132.3,132.29 1 0
github.com/modu-ai/moai-adk/internal/cli/doctor_harness.go:134.2,135.28 2 1
github.com/modu-ai/moai-adk/internal/cli/doctor_harness.go:135.28,138.150 1 1
github.com/modu-ai/moai-adk/internal/cli/doctor_harness.go:138.150,139.12 1 1
github.com/modu-ai/moai-adk/internal/cli/doctor_harness.go:141.3,142.47 2 1
github.com/modu-ai/moai-adk/internal/cli/doctor_harness.go:142.47,144.12 2 1
github.com/modu-ai/moai-adk/internal/cli/doctor_harness.go:146.3,146.59 1 1
github.com/modu-ai/moai-adk/internal/cli/doctor_harness.go:146.59,148.4 1 0
github.com/modu-ai/moai-adk/internal/cli/doctor_harness.go:150.2,150.23 1 1
github.com/modu-ai/moai-adk/internal/cli/doctor_harness.go:150.23,152.3 1 1
github.com/modu-ai/moai-adk/internal/cli/doctor_harness.go:153.2,153.21 1 1
github.com/modu-ai/moai-adk/internal/cli/doctor_harness.go:157.60,159.16 2 1
github.com/modu-ai/moai-adk/internal/cli/doctor_harness.go:159.16,160.25 1 1
github.com/modu-ai/moai-adk/internal/cli/doctor_harness.go:160.25,162.4 1 1
github.com/modu-ai/moai-adk/internal/cli/doctor_harness.go:163.3,163.29 1 0
github.com/modu-ai/moai-adk/internal/cli/doctor_harness.go:166.2,166.61 1 1
github.com/modu-ai/moai-adk/internal/cli/doctor_harness.go:166.61,168.3 1 0
github.com/modu-ai/moai-adk/internal/cli/doctor_harness.go:169.2,169.21 1 1
github.com/modu-ai/moai-adk/internal/cli/doctor_harness.go:173.62,175.16 2 1
github.com/modu-ai/moai-adk/internal/cli/doctor_harness.go:175.16,176.25 1 1
github.com/modu-ai/moai-adk/internal/cli/doctor_harness.go:176.25,178.4 1 1
github.com/modu-ai/moai-adk/internal/cli/doctor_harness.go:179.3,179.29 1 0
github.com/modu-ai/moai-adk/internal/cli/doctor_harness.go:181.2,183.38 3 1
github.com/modu-ai/moai-adk/internal/cli/doctor_harness.go:183.38,185.3 1 1
github.com/modu-ai/moai-adk/internal/cli/doctor_harness.go:186.2,186.21 1 1
github.com/modu-ai/moai-adk/internal/cli/doctor_harness.go:191.67,194.29 3 1
github.com/modu-ai/moai-adk/internal/cli/doctor_harness.go:194.29,197.17 3 1
github.com/modu-ai/moai-adk/internal/cli/doctor_harness.go:197.17,199.12 2 1
github.com/modu-ai/moai-adk/internal/cli/doctor_harness.go:201.3,201.57 1 1
github.com/modu-ai/moai-adk/internal/cli/doctor_harness.go:201.57,203.4 1 1
github.com/modu-ai/moai-adk/internal/cli/doctor_harness.go:205.2,205.22 1 1
github.com/modu-ai/moai-adk/internal/cli/doctor_harness.go:205.22,207.3 1 1
github.com/modu-ai/moai-adk/internal/cli/doctor_harness.go:208.2,208.21 1 1
github.com/modu-ai/moai-adk/internal/cli/doctor_harness.go:238.48,240.16 2 1
github.com/modu-ai/moai-adk/internal/cli/doctor_harness.go:240.16,242.3 1 0
github.com/modu-ai/moai-adk/internal/cli/doctor_harness.go:243.2,243.28 1 1
github.com/modu-ai/moai-adk/internal/cli/doctor_harness.go:243.28,246.39 1 1
github.com/modu-ai/moai-adk/internal/cli/doctor_harness.go:246.39,247.12 1 1
github.com/modu-ai/moai-adk/internal/cli/doctor_harness.go:249.3,249.41 1 1
github.com/modu-ai/moai-adk/internal/cli/doctor_harness.go:249.41,251.4 1 1
github.com/modu-ai/moai-adk/internal/cli/doctor_harness.go:253.2,253.14 1 1
github.com/modu-ai/moai-adk/internal/cli/doctor_harness.go:257.59,268.29 3 1
github.com/modu-ai/moai-adk/internal/cli/doctor_harness.go:268.29,269.66 1 1
github.com/modu-ai/moai-adk/internal/cli/doctor_harness.go:269.66,271.4 1 1
github.com/modu-ai/moai-adk/internal/cli/doctor_harness.go:273.2,273.22 1 1
github.com/modu-ai/moai-adk/internal/cli/doctor_harness.go:273.22,275.3 1 1
github.com/modu-ai/moai-adk/internal/cli/doctor_harness.go:276.2,276.21 1 1
github.com/modu-ai/moai-adk/internal/cli/doctor_harness.go:295.79,297.16 2 1
github.com/modu-ai/moai-adk/internal/cli/doctor_harness.go:297.16,298.25 1 1
github.com/modu-ai/moai-adk/internal/cli/doctor_harness.go:298.25,300.4 1 1
github.com/modu-ai/moai-adk/internal/cli/doctor_harness.go:301.3,301.29 1 0
github.com/modu-ai/moai-adk/internal/cli/doctor_harness.go:304.2,305.28 2 1
github.com/modu-ai/moai-adk/internal/cli/doctor_harness.go:305.28,306.55 1 1
github.com/modu-ai/moai-adk/internal/cli/doctor_harness.go:306.55,307.12 1 0
github.com/modu-ai/moai-adk/internal/cli/doctor_harness.go:309.3,311.17 3 1
github.com/modu-ai/moai-adk/internal/cli/doctor_harness.go:311.17,313.12 2 0
github.com/modu-ai/moai-adk/internal/cli/doctor_harness.go:315.3,318.68 2 1
github.com/modu-ai/moai-adk/internal/cli/doctor_harness.go:318.68,320.4 1 1
github.com/modu-ai/moai-adk/internal/cli/doctor_harness.go:323.3,324.20 2 1
github.com/modu-ai/moai-adk/internal/cli/doctor_harness.go:324.20,326.12 2 1
github.com/modu-ai/moai-adk/internal/cli/doctor_harness.go:333.3,333.33 1 1
github.com/modu-ai/moai-adk/internal/cli/doctor_harness.go:333.33,334.120 1 1
github.com/modu-ai/moai-adk/internal/cli/doctor_harness.go:334.120,335.13 1 1
github.com/modu-ai/moai-adk/internal/cli/doctor_harness.go:337.4,337.68 1 1
github.com/modu-ai/moai-adk/internal/cli/doctor_harness.go:337.68,339.5 1 1
github.com/modu-ai/moai-adk/internal/cli/doctor_harness.go:343.2,343.23 1 1
github.com/modu-ai/moai-adk/internal/cli/doctor_harness.go:343.23,345.3 1 1
github.com/modu-ai/moai-adk/internal/cli/doctor_harness.go:346.2,346.21 1 1
github.com/modu-ai/moai-adk/internal/cli/doctor_harness.go:351.48,353.40 2 1
github.com/modu-ai/moai-adk/internal/cli/doctor_harness.go:353.40,355.3 1 0
github.com/modu-ai/moai-adk/internal/cli/doctor_harness.go:356.2,358.51 2 1
github.com/modu-ai/moai-adk/internal/cli/doctor_harness.go:358.51,360.3 1 1
github.com/modu-ai/moai-adk/internal/cli/doctor_harness.go:361.2,361.13 1 0
github.com/modu-ai/moai-adk/internal/cli/doctor_harness.go:366.47,367.47 1 1
github.com/modu-ai/moai-adk/internal/cli/doctor_harness.go:367.47,369.55 2 1
github.com/modu-ai/moai-adk/internal/cli/doctor_harness.go:369.55,371.4 1 1
github.com/modu-ai/moai-adk/internal/cli/doctor_harness.go:373.2,373.11 1 0
github.com/modu-ai/moai-adk/internal/cli/doctor_harness.go:381.55,383.28 2 1
github.com/modu-ai/moai-adk/internal/cli/doctor_harness.go:383.28,386.10 3 1
github.com/modu-ai/moai-adk/internal/cli/doctor_harness.go:386.10,387.12 1 1
github.com/modu-ai/moai-adk/internal/cli/doctor_harness.go:389.3,391.32 2 1
github.com/modu-ai/moai-adk/internal/cli/doctor_harness.go:391.32,394.51 3 0
github.com/modu-ai/moai-adk/internal/cli/doctor_harness.go:394.51,396.19 2 0
github.com/modu-ai/moai-adk/internal/cli/doctor_harness.go:396.19,398.6 1 0
github.com/modu-ai/moai-adk/internal/cli/doctor_harness.go:400.4,400.20 1 0
github.com/modu-ai/moai-adk/internal/cli/doctor_harness.go:403.3,404.35 2 1
github.com/modu-ai/moai-adk/internal/cli/doctor_harness.go:404.35,407.21 3 1
github.com/modu-ai/moai-adk/internal/cli/doctor_harness.go:407.21,408.13 1 0
github.com/modu-ai/moai-adk/internal/cli/doctor_harness.go:411.4,411.65 1 1
github.com/modu-ai/moai-adk/internal/cli/doctor_harness.go:411.65,412.10 1 0
github.com/modu-ai/moai-adk/internal/cli/doctor_harness.go:414.4,414.64 1 1
github.com/modu-ai/moai-adk/internal/cli/doctor_harness.go:414.64,416.5 1 1
github.com/modu-ai/moai-adk/internal/cli/doctor_harness.go:416.10,418.10 1 0
github.com/modu-ai/moai-adk/internal/cli/doctor_harness.go:421.3,421.19 1 1
github.com/modu-ai/moai-adk/internal/cli/doctor_harness.go:423.2,423.19 1 1
github.com/modu-ai/moai-adk/internal/cli/doctor_hook.go:43.13,48.2 4 1
github.com/modu-ai/moai-adk/internal/cli/doctor_hook.go:51.58,59.22 5 0
github.com/modu-ai/moai-adk/internal/cli/doctor_hook.go:59.22,61.3 1 0
github.com/modu-ai/moai-adk/internal/cli/doctor_hook.go:64.2,67.16 3 0
github.com/modu-ai/moai-adk/internal/cli/doctor_hook.go:67.16,69.3 1 0
github.com/modu-ai/moai-adk/internal/cli/doctor_hook.go:71.2,71.51 1 0
github.com/modu-ai/moai-adk/internal/cli/doctor_hook.go:75.61,77.39 2 1
github.com/modu-ai/moai-adk/internal/cli/doctor_hook.go:77.39,78.62 1 1
github.com/modu-ai/moai-adk/internal/cli/doctor_hook.go:78.62,79.12 1 1
github.com/modu-ai/moai-adk/internal/cli/doctor_hook.go:81.3,87.5 1 1
github.com/modu-ai/moai-adk/internal/cli/doctor_hook.go:89.2,89.16 1 1
github.com/modu-ai/moai-adk/internal/cli/doctor_hook.go:93.102,99.16 3 1
github.com/modu-ai/moai-adk/internal/cli/doctor_hook.go:99.16,101.3 1 0
github.com/modu-ai/moai-adk/internal/cli/doctor_hook.go:102.2,103.12 2 1
github.com/modu-ai/moai-adk/internal/cli/doctor_hook.go:107.102,113.28 5 0
github.com/modu-ai/moai-adk/internal/cli/doctor_hook.go:113.28,115.18 2 0
github.com/modu-ai/moai-adk/internal/cli/doctor_hook.go:115.18,116.28 1 0
github.com/modu-ai/moai-adk/internal/cli/doctor_hook.go:116.28,118.5 1 0
github.com/modu-ai/moai-adk/internal/cli/doctor_hook.go:118.10,120.5 1 0
github.com/modu-ai/moai-adk/internal/cli/doctor_hook.go:122.3,123.56 1 0
github.com/modu-ai/moai-adk/internal/cli/doctor_hook.go:126.2,130.12 3 0
github.com/modu-ai/moai-adk/internal/cli/doctor_hook.go:136.62,138.16 2 1
github.com/modu-ai/moai-adk/internal/cli/doctor_hook.go:138.16,140.3 1 0
github.com/modu-ai/moai-adk/internal/cli/doctor_hook.go:142.2,144.16 3 1
github.com/modu-ai/moai-adk/internal/cli/doctor_hook.go:144.16,145.25 1 1
github.com/modu-ai/moai-adk/internal/cli/doctor_hook.go:145.25,148.4 2 1
github.com/modu-ai/moai-adk/internal/cli/doctor_hook.go:149.3,149.46 1 0
github.com/modu-ai/moai-adk/internal/cli/doctor_hook.go:151.2,151.15 1 0
github.com/modu-ai/moai-adk/internal/cli/doctor_hook.go:151.15,151.32 1 0
github.com/modu-ai/moai-adk/internal/cli/doctor_hook.go:153.2,156.21 4 0
github.com/modu-ai/moai-adk/internal/cli/doctor_hook.go:156.21,158.54 2 0
github.com/modu-ai/moai-adk/internal/cli/doctor_hook.go:158.54,160.4 1 0
github.com/modu-ai/moai-adk/internal/cli/doctor_hook.go:162.2,162.38 1 0
github.com/modu-ai/moai-adk/internal/cli/doctor_hook.go:162.38,164.3 1 0
github.com/modu-ai/moai-adk/internal/cli/doctor_hook.go:166.2,166.23 1 0
github.com/modu-ai/moai-adk/internal/cli/doctor_hook.go:166.23,169.3 2 0
github.com/modu-ai/moai-adk/internal/cli/doctor_hook.go:172.2,174.29 3 0
github.com/modu-ai/moai-adk/internal/cli/doctor_hook.go:174.29,176.3 1 0
github.com/modu-ai/moai-adk/internal/cli/doctor_hook.go:177.2,177.39 1 0
github.com/modu-ai/moai-adk/internal/cli/doctor_hook.go:177.39,179.3 1 0
github.com/modu-ai/moai-adk/internal/cli/doctor_hook.go:180.2,180.12 1 0
github.com/modu-ai/moai-adk/internal/cli/doctor_mcp_version.go:39.78,41.2 1 1
github.com/modu-ai/moai-adk/internal/cli/doctor_mcp_version.go:46.99,50.31 3 1
github.com/modu-ai/moai-adk/internal/cli/doctor_mcp_version.go:50.31,52.3 1 1
github.com/modu-ai/moai-adk/internal/cli/doctor_mcp_version.go:54.2,54.20 1 1
github.com/modu-ai/moai-adk/internal/cli/doctor_mcp_version.go:54.20,57.14 3 1
github.com/modu-ai/moai-adk/internal/cli/doctor_mcp_version.go:57.14,59.4 1 1
github.com/modu-ai/moai-adk/internal/cli/doctor_mcp_version.go:60.3,60.15 1 1
github.com/modu-ai/moai-adk/internal/cli/doctor_mcp_version.go:63.2,64.70 2 1
github.com/modu-ai/moai-adk/internal/cli/doctor_mcp_version.go:64.70,68.3 3 1
github.com/modu-ai/moai-adk/internal/cli/doctor_mcp_version.go:70.2,71.27 2 1
github.com/modu-ai/moai-adk/internal/cli/doctor_mcp_version.go:71.27,73.71 2 1
github.com/modu-ai/moai-adk/internal/cli/doctor_mcp_version.go:73.71,76.12 1 1
github.com/modu-ai/moai-adk/internal/cli/doctor_mcp_version.go:78.3,78.42 1 1
github.com/modu-ai/moai-adk/internal/cli/doctor_mcp_version.go:78.42,80.4 1 1
github.com/modu-ai/moai-adk/internal/cli/doctor_mcp_version.go:83.2,83.21 1 1
github.com/modu-ai/moai-adk/internal/cli/doctor_mcp_version.go:83.21,87.3 3 1
github.com/modu-ai/moai-adk/internal/cli/doctor_mcp_version.go:89.2,94.14 5 1
github.com/modu-ai/moai-adk/internal/cli/doctor_mcp_version.go:99.37,100.12 1 1
github.com/modu-ai/moai-adk/internal/cli/doctor_mcp_version.go:100.12,102.3 1 1
github.com/modu-ai/moai-adk/internal/cli/doctor_mcp_version.go:103.2,103.59 1 1
github.com/modu-ai/moai-adk/internal/cli/doctor_permission.go:19.13,32.2 9 1
github.com/modu-ai/moai-adk/internal/cli/doctor_permission.go:43.64,53.16 9 1
github.com/modu-ai/moai-adk/internal/cli/doctor_permission.go:53.16,55.3 1 0
github.com/modu-ai/moai-adk/internal/cli/doctor_permission.go:57.2,61.16 3 1
github.com/modu-ai/moai-adk/internal/cli/doctor_permission.go:61.16,63.3 1 0
github.com/modu-ai/moai-adk/internal/cli/doctor_permission.go:66.2,79.16 4 1
github.com/modu-ai/moai-adk/internal/cli/doctor_permission.go:79.16,81.3 1 0
github.com/modu-ai/moai-adk/internal/cli/doctor_permission.go:84.2,84.22 1 1
github.com/modu-ai/moai-adk/internal/cli/doctor_permission.go:84.22,86.3 1 0
github.com/modu-ai/moai-adk/internal/cli/doctor_permission.go:89.2,93.14 3 1
github.com/modu-ai/moai-adk/internal/cli/doctor_permission.go:93.14,95.42 2 0
github.com/modu-ai/moai-adk/internal/cli/doctor_permission.go:95.42,97.23 2 0
github.com/modu-ai/moai-adk/internal/cli/doctor_permission.go:97.23,100.5 1 0
github.com/modu-ai/moai-adk/internal/cli/doctor_permission.go:101.4,101.28 1 0
github.com/modu-ai/moai-adk/internal/cli/doctor_permission.go:106.2,106.15 1 1
github.com/modu-ai/moai-adk/internal/cli/doctor_permission.go:106.15,108.17 2 1
github.com/modu-ai/moai-adk/internal/cli/doctor_permission.go:108.17,110.4 1 0
github.com/modu-ai/moai-adk/internal/cli/doctor_permission.go:112.3,114.72 3 1
github.com/modu-ai/moai-adk/internal/cli/doctor_permission.go:114.72,117.4 2 1
github.com/modu-ai/moai-adk/internal/cli/doctor_permission.go:117.9,119.4 1 0
github.com/modu-ai/moai-adk/internal/cli/doctor_permission.go:123.3,123.82 1 1
github.com/modu-ai/moai-adk/internal/cli/doctor_permission.go:127.2,127.12 1 1
github.com/modu-ai/moai-adk/internal/cli/doctor_permission.go:127.12,129.3 1 0
github.com/modu-ai/moai-adk/internal/cli/doctor_permission.go:131.2,131.12 1 1
github.com/modu-ai/moai-adk/internal/cli/doctor_permission.go:138.64,158.16 4 0
github.com/modu-ai/moai-adk/internal/cli/doctor_permission.go:158.16,160.3 1 0
github.com/modu-ai/moai-adk/internal/cli/doctor_permission.go:162.2,163.12 2 0
github.com/modu-ai/moai-adk/internal/cli/doctor_render.go:28.53,29.29 1 1
github.com/modu-ai/moai-adk/internal/cli/doctor_render.go:29.29,30.19 1 1
github.com/modu-ai/moai-adk/internal/cli/doctor_render.go:31.22,32.8 1 1
github.com/modu-ai/moai-adk/internal/cli/doctor_render.go:33.24,34.10 1 1
github.com/modu-ai/moai-adk/internal/cli/doctor_render.go:35.24,36.10 1 1
github.com/modu-ai/moai-adk/internal/cli/doctor_render.go:39.2,39.23 1 1
github.com/modu-ai/moai-adk/internal/cli/doctor_render.go:43.61,46.29 3 1
github.com/modu-ai/moai-adk/internal/cli/doctor_render.go:46.29,49.3 2 1
github.com/modu-ai/moai-adk/internal/cli/doctor_render.go:50.2,50.24 1 1
github.com/modu-ai/moai-adk/internal/cli/doctor_render.go:55.52,60.29 4 1
github.com/modu-ai/moai-adk/internal/cli/doctor_render.go:60.29,63.3 1 1
github.com/modu-ai/moai-adk/internal/cli/doctor_render.go:64.2,64.14 1 1
github.com/modu-ai/moai-adk/internal/cli/doctor_render.go:70.63,73.29 3 1
github.com/modu-ai/moai-adk/internal/cli/doctor_render.go:73.29,75.3 1 1
github.com/modu-ai/moai-adk/internal/cli/doctor_render.go:77.2,83.29 3 1
github.com/modu-ai/moai-adk/internal/cli/doctor_render.go:83.29,85.3 1 1
github.com/modu-ai/moai-adk/internal/cli/doctor_render.go:87.2,106.43 5 1
github.com/modu-ai/moai-adk/internal/cli/doctor_render.go:114.96,119.27 4 1
github.com/modu-ai/moai-adk/internal/cli/doctor_render.go:119.27,120.25 1 1
github.com/modu-ai/moai-adk/internal/cli/doctor_render.go:120.25,121.12 1 1
github.com/modu-ai/moai-adk/internal/cli/doctor_render.go:123.3,129.11 6 1
github.com/modu-ai/moai-adk/internal/cli/doctor_render.go:129.11,131.4 1 0
github.com/modu-ai/moai-adk/internal/cli/doctor_render.go:131.9,133.4 1 1
github.com/modu-ai/moai-adk/internal/cli/doctor_render.go:134.3,134.14 1 1
github.com/modu-ai/moai-adk/internal/cli/doctor_render.go:134.14,135.31 1 1
github.com/modu-ai/moai-adk/internal/cli/doctor_render.go:135.31,136.23 1 1
github.com/modu-ai/moai-adk/internal/cli/doctor_render.go:136.23,138.6 1 1
github.com/modu-ai/moai-adk/internal/cli/doctor_render.go:142.3,143.36 2 1
github.com/modu-ai/moai-adk/internal/cli/doctor_render.go:147.2,156.4 5 1
github.com/modu-ai/moai-adk/internal/cli/doctor_sandbox.go:43.13,46.2 2 1
github.com/modu-ai/moai-adk/internal/cli/doctor_sandbox.go:49.61,53.23 3 0
github.com/modu-ai/moai-adk/internal/cli/doctor_sandbox.go:53.23,55.3 1 0
github.com/modu-ai/moai-adk/internal/cli/doctor_sandbox.go:57.2,57.40 1 0
github.com/modu-ai/moai-adk/internal/cli/doctor_sandbox.go:61.54,71.43 4 1
github.com/modu-ai/moai-adk/internal/cli/doctor_sandbox.go:71.43,71.96 1 1
github.com/modu-ai/moai-adk/internal/cli/doctor_sandbox.go:72.41,72.92 1 1
github.com/modu-ai/moai-adk/internal/cli/doctor_sandbox.go:73.39,73.88 1 1
github.com/modu-ai/moai-adk/internal/cli/doctor_sandbox.go:76.2,76.29 1 1
github.com/modu-ai/moai-adk/internal/cli/doctor_sandbox.go:76.29,80.13 4 1
github.com/modu-ai/moai-adk/internal/cli/doctor_sandbox.go:80.13,82.15 2 1
github.com/modu-ai/moai-adk/internal/cli/doctor_sandbox.go:83.35,84.85 1 1
github.com/modu-ai/moai-adk/internal/cli/doctor_sandbox.go:85.33,86.68 1 0
github.com/modu-ai/moai-adk/internal/cli/doctor_sandbox.go:87.31,88.81 1 0
github.com/modu-ai/moai-adk/internal/cli/doctor_sandbox.go:91.3,91.72 1 1
github.com/modu-ai/moai-adk/internal/cli/doctor_sandbox.go:94.2,102.29 7 1
github.com/modu-ai/moai-adk/internal/cli/doctor_sandbox.go:102.29,105.52 3 1
github.com/modu-ai/moai-adk/internal/cli/doctor_sandbox.go:105.52,107.4 1 0
github.com/modu-ai/moai-adk/internal/cli/doctor_sandbox.go:108.3,108.25 1 1
github.com/modu-ai/moai-adk/internal/cli/doctor_sandbox.go:111.2,111.14 1 1
github.com/modu-ai/moai-adk/internal/cli/doctor_sandbox.go:111.14,114.3 2 0
github.com/modu-ai/moai-adk/internal/cli/doctor_sandbox.go:116.2,116.12 1 1
github.com/modu-ai/moai-adk/internal/cli/doctor_sandbox.go:120.60,133.18 5 1
github.com/modu-ai/moai-adk/internal/cli/doctor_sandbox.go:134.31,136.17 2 1
github.com/modu-ai/moai-adk/internal/cli/doctor_sandbox.go:136.17,138.4 1 0
github.com/modu-ai/moai-adk/internal/cli/doctor_sandbox.go:139.3,141.34 3 1
github.com/modu-ai/moai-adk/internal/cli/doctor_sandbox.go:143.33,145.17 2 0
github.com/modu-ai/moai-adk/internal/cli/doctor_sandbox.go:145.17,147.4 1 0
github.com/modu-ai/moai-adk/internal/cli/doctor_sandbox.go:148.3,151.26 4 0
github.com/modu-ai/moai-adk/internal/cli/doctor_sandbox.go:151.26,153.4 1 0
github.com/modu-ai/moai-adk/internal/cli/doctor_sandbox.go:154.3,154.44 1 0
github.com/modu-ai/moai-adk/internal/cli/doctor_sandbox.go:156.29,158.17 2 0
github.com/modu-ai/moai-adk/internal/cli/doctor_sandbox.go:158.17,160.4 1 0
github.com/modu-ai/moai-adk/internal/cli/doctor_sandbox.go:161.3,163.34 3 0
github.com/modu-ai/moai-adk/internal/cli/doctor_sandbox.go:165.27,166.89 1 0
github.com/modu-ai/moai-adk/internal/cli/doctor_sandbox.go:168.10,169.65 1 0
github.com/modu-ai/moai-adk/internal/cli/doctor_sandbox.go:172.2,172.12 1 1
github.com/modu-ai/moai-adk/internal/cli/doctor_skills.go:33.40,34.30 1 1
github.com/modu-ai/moai-adk/internal/cli/doctor_skills.go:34.30,37.17 3 1
github.com/modu-ai/moai-adk/internal/cli/doctor_skills.go:37.17,39.4 1 0
github.com/modu-ai/moai-adk/internal/cli/doctor_skills.go:40.3,40.27 1 1
github.com/modu-ai/moai-adk/internal/cli/doctor_skills.go:40.27,42.4 1 1
github.com/modu-ai/moai-adk/internal/cli/doctor_skills.go:44.2,44.22 1 1
github.com/modu-ai/moai-adk/internal/cli/doctor_skills.go:65.40,67.17 2 1
github.com/modu-ai/moai-adk/internal/cli/doctor_skills.go:67.17,69.3 1 1
github.com/modu-ai/moai-adk/internal/cli/doctor_skills.go:72.2,72.38 1 1
github.com/modu-ai/moai-adk/internal/cli/doctor_skills.go:72.38,75.22 1 1
github.com/modu-ai/moai-adk/internal/cli/doctor_skills.go:75.22,77.4 1 0
github.com/modu-ai/moai-adk/internal/cli/doctor_skills.go:78.3,78.16 1 1
github.com/modu-ai/moai-adk/internal/cli/doctor_skills.go:84.2,84.118 1 1
github.com/modu-ai/moai-adk/internal/cli/doctor_skills.go:84.118,86.3 1 1
github.com/modu-ai/moai-adk/internal/cli/doctor_skills.go:89.2,89.15 1 1
github.com/modu-ai/moai-adk/internal/cli/doctor_worktree_base.go:25.58,27.3 1 0
github.com/modu-ai/moai-adk/internal/cli/doctor_worktree_base.go:40.80,44.22 3 1
github.com/modu-ai/moai-adk/internal/cli/doctor_worktree_base.go:44.22,47.14 3 1
github.com/modu-ai/moai-adk/internal/cli/doctor_worktree_base.go:47.14,49.4 1 1
github.com/modu-ai/moai-adk/internal/cli/doctor_worktree_base.go:50.3,50.15 1 1
github.com/modu-ai/moai-adk/internal/cli/doctor_worktree_base.go:53.2,54.16 2 1
github.com/modu-ai/moai-adk/internal/cli/doctor_worktree_base.go:54.16,59.14 3 1
github.com/modu-ai/moai-adk/internal/cli/doctor_worktree_base.go:59.14,61.4 1 0
github.com/modu-ai/moai-adk/internal/cli/doctor_worktree_base.go:62.3,62.15 1 1
github.com/modu-ai/moai-adk/internal/cli/doctor_worktree_base.go:65.2,65.27 1 1
github.com/modu-ai/moai-adk/internal/cli/doctor_worktree_base.go:65.27,69.3 3 1
github.com/modu-ai/moai-adk/internal/cli/doctor_worktree_base.go:71.2,71.47 1 1
github.com/modu-ai/moai-adk/internal/cli/doctor_worktree_base.go:71.47,76.14 3 1
github.com/modu-ai/moai-adk/internal/cli/doctor_worktree_base.go:76.14,78.4 1 0
github.com/modu-ai/moai-adk/internal/cli/doctor_worktree_base.go:79.3,79.15 1 1
github.com/modu-ai/moai-adk/internal/cli/doctor_worktree_base.go:82.2,86.13 3 1
github.com/modu-ai/moai-adk/internal/cli/doctor_worktree_base.go:86.13,88.3 1 0
github.com/modu-ai/moai-adk/internal/cli/doctor_worktree_base.go:89.2,89.14 1 1
github.com/modu-ai/moai-adk/internal/cli/epic.go:26.34,33.55 1 1
github.com/modu-ai/moai-adk/internal/cli/epic.go:33.55,35.4 1 0
github.com/modu-ai/moai-adk/internal/cli/epic.go:38.2,39.12 2 1
github.com/modu-ai/moai-adk/internal/cli/epic.go:55.40,76.55 3 1
github.com/modu-ai/moai-adk/internal/cli/epic.go:76.55,84.18 4 1
github.com/modu-ai/moai-adk/internal/cli/epic.go:84.18,87.5 2 0
github.com/modu-ai/moai-adk/internal/cli/epic.go:88.4,89.18 2 1
github.com/modu-ai/moai-adk/internal/cli/epic.go:89.18,91.19 2 1
github.com/modu-ai/moai-adk/internal/cli/epic.go:91.19,93.6 1 0
github.com/modu-ai/moai-adk/internal/cli/epic.go:94.5,95.15 2 1
github.com/modu-ai/moai-adk/internal/cli/epic.go:100.4,101.18 2 1
github.com/modu-ai/moai-adk/internal/cli/epic.go:101.18,103.5 1 0
github.com/modu-ai/moai-adk/internal/cli/epic.go:104.4,105.14 2 1
github.com/modu-ai/moai-adk/internal/cli/epic.go:109.2,118.12 5 1
github.com/modu-ai/moai-adk/internal/cli/epic.go:121.13,123.2 1 1
github.com/modu-ai/moai-adk/internal/cli/exitcode.go:35.45,37.26 2 1
github.com/modu-ai/moai-adk/internal/cli/exitcode.go:37.26,39.3 1 1
github.com/modu-ai/moai-adk/internal/cli/exitcode.go:40.2,41.25 2 1
github.com/modu-ai/moai-adk/internal/cli/exitcode.go:41.25,43.3 1 1
github.com/modu-ai/moai-adk/internal/cli/exitcode.go:44.2,44.17 1 1
github.com/modu-ai/moai-adk/internal/cli/factory.go:86.70,89.33 2 1
github.com/modu-ai/moai-adk/internal/cli/factory.go:89.33,91.18 2 1
github.com/modu-ai/moai-adk/internal/cli/factory.go:91.18,93.9 2 1
github.com/modu-ai/moai-adk/internal/cli/factory.go:96.3,98.10 3 1
github.com/modu-ai/moai-adk/internal/cli/factory.go:99.58,100.100 1 1
github.com/modu-ai/moai-adk/internal/cli/factory.go:100.100,103.5 2 1
github.com/modu-ai/moai-adk/internal/cli/factory.go:104.98,106.19 2 1
github.com/modu-ai/moai-adk/internal/cli/factory.go:107.11,109.12 2 1
github.com/modu-ai/moai-adk/internal/cli/factory.go:112.3,113.16 2 1
github.com/modu-ai/moai-adk/internal/cli/factory.go:113.16,114.12 1 1
github.com/modu-ai/moai-adk/internal/cli/factory.go:116.3,116.50 1 1
github.com/modu-ai/moai-adk/internal/cli/factory.go:116.50,117.13 1 1
github.com/modu-ai/moai-adk/internal/cli/factory.go:117.13,119.5 1 1
github.com/modu-ai/moai-adk/internal/cli/factory.go:120.4,121.12 2 1
github.com/modu-ai/moai-adk/internal/cli/factory.go:123.3,123.55 1 1
github.com/modu-ai/moai-adk/internal/cli/factory.go:123.55,125.12 2 1
github.com/modu-ai/moai-adk/internal/cli/factory.go:127.3,127.67 1 1
github.com/modu-ai/moai-adk/internal/cli/factory.go:130.2,130.15 1 1
github.com/modu-ai/moai-adk/internal/cli/factory.go:151.66,153.16 2 1
github.com/modu-ai/moai-adk/internal/cli/factory.go:153.16,155.3 1 1
github.com/modu-ai/moai-adk/internal/cli/factory.go:156.2,157.16 2 1
github.com/modu-ai/moai-adk/internal/cli/factory.go:157.16,159.3 1 1
github.com/modu-ai/moai-adk/internal/cli/factory.go:160.2,160.17 1 1
github.com/modu-ai/moai-adk/internal/cli/factory.go:160.17,162.3 1 1
github.com/modu-ai/moai-adk/internal/cli/factory.go:163.2,163.25 1 1
github.com/modu-ai/moai-adk/internal/cli/factory.go:163.25,166.3 1 1
github.com/modu-ai/moai-adk/internal/cli/factory.go:168.2,173.9 3 1
github.com/modu-ai/moai-adk/internal/cli/factory.go:174.27,175.36 1 1
github.com/modu-ai/moai-adk/internal/cli/factory.go:175.36,177.4 1 1
github.com/modu-ai/moai-adk/internal/cli/factory.go:178.3,178.90 1 1
github.com/modu-ai/moai-adk/internal/cli/factory.go:179.22,180.36 1 1
github.com/modu-ai/moai-adk/internal/cli/factory.go:181.10,185.59 1 1
github.com/modu-ai/moai-adk/internal/cli/factory.go:185.59,187.4 1 1
github.com/modu-ai/moai-adk/internal/cli/factory.go:189.2,189.19 1 1
github.com/modu-ai/moai-adk/internal/cli/factory.go:210.70,211.9 1 1
github.com/modu-ai/moai-adk/internal/cli/factory.go:212.32,213.29 1 1
github.com/modu-ai/moai-adk/internal/cli/factory.go:214.33,215.27 1 1
github.com/modu-ai/moai-adk/internal/cli/factory.go:216.10,217.27 1 1
github.com/modu-ai/moai-adk/internal/cli/factory.go:226.67,227.59 1 1
github.com/modu-ai/moai-adk/internal/cli/factory.go:227.59,230.3 2 1
github.com/modu-ai/moai-adk/internal/cli/factory.go:247.65,262.16 9 1
github.com/modu-ai/moai-adk/internal/cli/factory.go:262.16,267.3 4 1
github.com/modu-ai/moai-adk/internal/cli/factory.go:283.63,292.16 7 1
github.com/modu-ai/moai-adk/internal/cli/factory.go:292.16,297.3 4 1
github.com/modu-ai/moai-adk/internal/cli/factory.go:310.46,310.89 1 1
github.com/modu-ai/moai-adk/internal/cli/factory.go:312.69,314.2 1 1
github.com/modu-ai/moai-adk/internal/cli/factory.go:316.80,318.2 1 1
github.com/modu-ai/moai-adk/internal/cli/factory.go:340.75,345.54 4 1
github.com/modu-ai/moai-adk/internal/cli/factory.go:345.54,346.7 1 1
github.com/modu-ai/moai-adk/internal/cli/factory.go:346.7,348.67 2 1
github.com/modu-ai/moai-adk/internal/cli/factory.go:348.67,349.10 1 1
github.com/modu-ai/moai-adk/internal/cli/factory.go:351.4,352.38 2 1
github.com/modu-ai/moai-adk/internal/cli/factory.go:354.3,354.37 1 1
github.com/modu-ai/moai-adk/internal/cli/factory.go:354.37,358.4 1 1
github.com/modu-ai/moai-adk/internal/cli/factory.go:361.2,363.14 3 1
github.com/modu-ai/moai-adk/internal/cli/factory.go:372.75,373.26 1 1
github.com/modu-ai/moai-adk/internal/cli/factory.go:373.26,375.3 1 1
github.com/modu-ai/moai-adk/internal/cli/factory.go:376.2,378.32 3 1
github.com/modu-ai/moai-adk/internal/cli/factory.go:378.32,380.18 2 1
github.com/modu-ai/moai-adk/internal/cli/factory.go:380.18,381.9 1 1
github.com/modu-ai/moai-adk/internal/cli/factory.go:383.3,383.10 1 1
github.com/modu-ai/moai-adk/internal/cli/factory.go:384.96,386.14 2 1
github.com/modu-ai/moai-adk/internal/cli/factory.go:387.106,389.14 2 1
github.com/modu-ai/moai-adk/internal/cli/factory.go:390.108,392.14 2 1
github.com/modu-ai/moai-adk/internal/cli/factory.go:395.2,395.12 1 1
github.com/modu-ai/moai-adk/internal/cli/factory.go:405.45,407.16 2 1
github.com/modu-ai/moai-adk/internal/cli/factory.go:407.16,409.3 1 1
github.com/modu-ai/moai-adk/internal/cli/factory.go:410.2,410.23 1 1
github.com/modu-ai/moai-adk/internal/cli/factory.go:410.23,412.3 1 1
github.com/modu-ai/moai-adk/internal/cli/factory.go:413.2,415.90 1 1
github.com/modu-ai/moai-adk/internal/cli/fang.go:44.41,45.20 1 1
github.com/modu-ai/moai-adk/internal/cli/fang.go:45.20,47.3 1 1
github.com/modu-ai/moai-adk/internal/cli/fang.go:48.2,48.17 1 1
github.com/modu-ai/moai-adk/internal/cli/fang.go:49.22,50.14 1 1
github.com/modu-ai/moai-adk/internal/cli/fang.go:51.14,52.24 1 1
github.com/modu-ai/moai-adk/internal/cli/fang.go:53.10,54.15 1 1
github.com/modu-ai/moai-adk/internal/cli/fang.go:58.61,63.15 5 1
github.com/modu-ai/moai-adk/internal/cli/fang.go:63.15,68.3 4 1
github.com/modu-ai/moai-adk/internal/cli/fang.go:73.2,73.33 1 1
github.com/modu-ai/moai-adk/internal/cli/fang.go:73.33,75.3 1 0
github.com/modu-ai/moai-adk/internal/cli/fang.go:76.2,76.49 1 1
github.com/modu-ai/moai-adk/internal/cli/fang.go:89.34,96.2 1 1
github.com/modu-ai/moai-adk/internal/cli/fang.go:104.65,107.53 3 1
github.com/modu-ai/moai-adk/internal/cli/fang.go:107.53,109.3 1 1
github.com/modu-ai/moai-adk/internal/cli/fang.go:110.2,128.3 1 1
github.com/modu-ai/moai-adk/internal/cli/fang.go:140.67,141.39 1 1
github.com/modu-ai/moai-adk/internal/cli/fang.go:141.39,143.3 1 1
github.com/modu-ai/moai-adk/internal/cli/fang.go:144.2,144.42 1 1
github.com/modu-ai/moai-adk/internal/cli/feedback.go:38.38,61.2 6 1
github.com/modu-ai/moai-adk/internal/cli/feedback.go:65.55,81.50 2 1
github.com/modu-ai/moai-adk/internal/cli/feedback.go:81.50,83.4 1 1
github.com/modu-ai/moai-adk/internal/cli/feedback.go:85.2,86.12 2 1
github.com/modu-ai/moai-adk/internal/cli/feedback.go:94.73,96.16 2 1
github.com/modu-ai/moai-adk/internal/cli/feedback.go:96.16,98.3 1 0
github.com/modu-ai/moai-adk/internal/cli/feedback.go:100.2,101.16 2 1
github.com/modu-ai/moai-adk/internal/cli/feedback.go:101.16,103.3 1 0
github.com/modu-ai/moai-adk/internal/cli/feedback.go:105.2,106.16 2 1
github.com/modu-ai/moai-adk/internal/cli/feedback.go:106.16,108.3 1 1
github.com/modu-ai/moai-adk/internal/cli/feedback.go:110.2,111.16 2 1
github.com/modu-ai/moai-adk/internal/cli/feedback.go:111.16,113.3 1 0
github.com/modu-ai/moai-adk/internal/cli/feedback.go:114.2,114.35 1 1
github.com/modu-ai/moai-adk/internal/cli/feedback.go:119.55,145.50 2 1
github.com/modu-ai/moai-adk/internal/cli/feedback.go:145.50,147.4 1 1
github.com/modu-ai/moai-adk/internal/cli/feedback.go:150.2,155.50 1 1
github.com/modu-ai/moai-adk/internal/cli/feedback.go:155.50,157.4 1 1
github.com/modu-ai/moai-adk/internal/cli/feedback.go:160.2,165.53 1 1
github.com/modu-ai/moai-adk/internal/cli/feedback.go:165.53,167.4 1 1
github.com/modu-ai/moai-adk/internal/cli/feedback.go:170.2,171.12 2 1
github.com/modu-ai/moai-adk/internal/cli/feedback.go:174.73,176.16 2 1
github.com/modu-ai/moai-adk/internal/cli/feedback.go:176.16,178.3 1 0
github.com/modu-ai/moai-adk/internal/cli/feedback.go:179.2,180.50 2 1
github.com/modu-ai/moai-adk/internal/cli/feedback.go:180.50,182.3 1 0
github.com/modu-ai/moai-adk/internal/cli/feedback.go:183.2,183.23 1 1
github.com/modu-ai/moai-adk/internal/cli/feedback.go:183.23,185.3 1 0
github.com/modu-ai/moai-adk/internal/cli/feedback.go:187.2,188.16 2 1
github.com/modu-ai/moai-adk/internal/cli/feedback.go:188.16,190.3 1 0
github.com/modu-ai/moai-adk/internal/cli/feedback.go:191.2,192.16 2 1
github.com/modu-ai/moai-adk/internal/cli/feedback.go:192.16,194.3 1 1
github.com/modu-ai/moai-adk/internal/cli/feedback.go:195.2,195.36 1 1
github.com/modu-ai/moai-adk/internal/cli/feedback.go:198.70,200.16 2 1
github.com/modu-ai/moai-adk/internal/cli/feedback.go:200.16,202.3 1 1
github.com/modu-ai/moai-adk/internal/cli/feedback.go:203.2,204.16 2 1
github.com/modu-ai/moai-adk/internal/cli/feedback.go:204.16,206.3 1 0
github.com/modu-ai/moai-adk/internal/cli/feedback.go:207.2,207.35 1 1
github.com/modu-ai/moai-adk/internal/cli/feedback.go:210.77,212.16 2 1
github.com/modu-ai/moai-adk/internal/cli/feedback.go:212.16,214.3 1 0
github.com/modu-ai/moai-adk/internal/cli/feedback.go:215.2,216.16 2 1
github.com/modu-ai/moai-adk/internal/cli/feedback.go:216.16,218.3 1 0
github.com/modu-ai/moai-adk/internal/cli/feedback.go:219.2,219.76 1 1
github.com/modu-ai/moai-adk/internal/cli/feedback.go:226.72,228.16 2 1
github.com/modu-ai/moai-adk/internal/cli/feedback.go:228.16,230.3 1 1
github.com/modu-ai/moai-adk/internal/cli/feedback.go:231.2,231.16 1 1
github.com/modu-ai/moai-adk/internal/cli/feedback.go:231.16,233.3 1 0
github.com/modu-ai/moai-adk/internal/cli/feedback.go:234.2,234.69 1 1
github.com/modu-ai/moai-adk/internal/cli/feedback.go:246.66,247.20 1 1
github.com/modu-ai/moai-adk/internal/cli/feedback.go:247.20,249.17 2 1
github.com/modu-ai/moai-adk/internal/cli/feedback.go:249.17,251.4 1 0
github.com/modu-ai/moai-adk/internal/cli/feedback.go:252.3,253.34 2 1
github.com/modu-ai/moai-adk/internal/cli/feedback.go:253.34,255.4 1 1
github.com/modu-ai/moai-adk/internal/cli/feedback.go:256.3,256.18 1 1
github.com/modu-ai/moai-adk/internal/cli/feedback.go:258.2,258.56 1 1
github.com/modu-ai/moai-adk/internal/cli/feedback.go:258.56,260.3 1 1
github.com/modu-ai/moai-adk/internal/cli/feedback.go:261.2,261.16 1 0
github.com/modu-ai/moai-adk/internal/cli/feedback.go:286.66,291.16 2 1
github.com/modu-ai/moai-adk/internal/cli/feedback.go:291.16,293.3 1 0
github.com/modu-ai/moai-adk/internal/cli/feedback.go:295.2,297.16 3 1
github.com/modu-ai/moai-adk/internal/cli/feedback.go:297.16,298.25 1 1
github.com/modu-ai/moai-adk/internal/cli/feedback.go:298.25,302.4 1 1
github.com/modu-ai/moai-adk/internal/cli/feedback.go:303.3,303.86 1 0
github.com/modu-ai/moai-adk/internal/cli/feedback.go:306.2,307.52 2 1
github.com/modu-ai/moai-adk/internal/cli/feedback.go:307.52,309.3 1 1
github.com/modu-ai/moai-adk/internal/cli/feedback.go:310.2,313.61 3 1
github.com/modu-ai/moai-adk/internal/cli/feedback.go:313.61,315.3 1 0
github.com/modu-ai/moai-adk/internal/cli/feedback.go:316.2,318.17 2 1
github.com/modu-ai/moai-adk/internal/cli/feedback.go:324.62,326.16 2 1
github.com/modu-ai/moai-adk/internal/cli/feedback.go:326.16,328.3 1 0
github.com/modu-ai/moai-adk/internal/cli/feedback.go:329.2,329.75 1 1
github.com/modu-ai/moai-adk/internal/cli/feedback.go:329.75,331.3 1 0
github.com/modu-ai/moai-adk/internal/cli/feedback.go:332.2,332.12 1 1
github.com/modu-ai/moai-adk/internal/cli/gate.go:50.13,52.2 1 1
github.com/modu-ai/moai-adk/internal/cli/gate.go:66.52,76.24 4 1
github.com/modu-ai/moai-adk/internal/cli/gate.go:76.24,78.3 1 1
github.com/modu-ai/moai-adk/internal/cli/gate.go:82.2,82.25 1 1
github.com/modu-ai/moai-adk/internal/cli/gate.go:82.25,83.16 1 1
github.com/modu-ai/moai-adk/internal/cli/gate.go:83.16,84.49 1 1
github.com/modu-ai/moai-adk/internal/cli/gate.go:84.49,86.5 1 0
github.com/modu-ai/moai-adk/internal/cli/gate.go:93.2,98.13 5 1
github.com/modu-ai/moai-adk/internal/cli/gate.go:98.13,99.19 1 1
github.com/modu-ai/moai-adk/internal/cli/gate.go:99.19,101.4 1 1
github.com/modu-ai/moai-adk/internal/cli/gate.go:102.3,102.43 1 1
github.com/modu-ai/moai-adk/internal/cli/gate.go:107.2,107.18 1 1
github.com/modu-ai/moai-adk/internal/cli/gate.go:107.18,109.3 1 1
github.com/modu-ai/moai-adk/internal/cli/gate.go:110.2,110.12 1 1
github.com/modu-ai/moai-adk/internal/cli/gate.go:140.63,143.22 2 1
github.com/modu-ai/moai-adk/internal/cli/gate.go:143.22,147.17 4 1
github.com/modu-ai/moai-adk/internal/cli/gate.go:147.17,150.4 1 0
github.com/modu-ai/moai-adk/internal/cli/gate.go:150.9,150.27 1 1
github.com/modu-ai/moai-adk/internal/cli/gate.go:150.27,152.4 1 1
github.com/modu-ai/moai-adk/internal/cli/gate.go:155.2,157.13 3 1
github.com/modu-ai/moai-adk/internal/cli/gate.go:164.70,181.30 2 1
github.com/modu-ai/moai-adk/internal/cli/gate.go:181.30,183.37 2 0
github.com/modu-ai/moai-adk/internal/cli/gate.go:183.37,185.4 1 0
github.com/modu-ai/moai-adk/internal/cli/gate.go:187.2,201.33 7 1
github.com/modu-ai/moai-adk/internal/cli/gate.go:201.33,203.3 1 1
github.com/modu-ai/moai-adk/internal/cli/gate.go:204.2,204.32 1 1
github.com/modu-ai/moai-adk/internal/cli/gate.go:204.32,206.3 1 1
github.com/modu-ai/moai-adk/internal/cli/gate.go:207.2,213.13 2 1
github.com/modu-ai/moai-adk/internal/cli/gate.go:220.37,221.74 1 1
github.com/modu-ai/moai-adk/internal/cli/gate.go:221.74,222.48 1 1
github.com/modu-ai/moai-adk/internal/cli/gate.go:222.48,224.4 1 1
github.com/modu-ai/moai-adk/internal/cli/gate.go:225.3,225.13 1 0
github.com/modu-ai/moai-adk/internal/cli/gate.go:227.2,227.40 1 1
github.com/modu-ai/moai-adk/internal/cli/gate.go:227.40,229.3 1 1
github.com/modu-ai/moai-adk/internal/cli/gate.go:230.2,230.11 1 0
github.com/modu-ai/moai-adk/internal/cli/gate.go:243.45,244.15 1 1
github.com/modu-ai/moai-adk/internal/cli/gate.go:244.15,246.3 1 1
github.com/modu-ai/moai-adk/internal/cli/gate.go:247.2,248.16 2 1
github.com/modu-ai/moai-adk/internal/cli/gate.go:248.16,250.3 1 1
github.com/modu-ai/moai-adk/internal/cli/gate.go:251.2,251.57 1 1
github.com/modu-ai/moai-adk/internal/cli/gate.go:251.57,253.49 2 1
github.com/modu-ai/moai-adk/internal/cli/gate.go:253.49,254.12 1 1
github.com/modu-ai/moai-adk/internal/cli/gate.go:256.3,256.14 1 1
github.com/modu-ai/moai-adk/internal/cli/gate.go:258.2,258.11 1 1
github.com/modu-ai/moai-adk/internal/cli/gate_lock.go:39.37,41.2 1 1
github.com/modu-ai/moai-adk/internal/cli/gate_lock.go:50.45,52.2 1 0
github.com/modu-ai/moai-adk/internal/cli/gate_lock.go:93.63,95.48 2 1
github.com/modu-ai/moai-adk/internal/cli/gate_lock.go:95.48,97.3 1 1
github.com/modu-ai/moai-adk/internal/cli/gate_lock.go:98.2,100.16 3 1
github.com/modu-ai/moai-adk/internal/cli/gate_lock.go:100.16,102.3 1 1
github.com/modu-ai/moai-adk/internal/cli/gate_lock.go:103.2,103.50 1 1
github.com/modu-ai/moai-adk/internal/cli/gate_lock.go:107.39,108.31 1 1
github.com/modu-ai/moai-adk/internal/cli/gate_lock.go:108.31,110.3 1 1
github.com/modu-ai/moai-adk/internal/cli/gate_lock.go:111.2,113.12 3 1
github.com/modu-ai/moai-adk/internal/cli/gate_lock.go:117.37,118.14 1 0
github.com/modu-ai/moai-adk/internal/cli/gate_lock.go:118.14,120.3 1 0
github.com/modu-ai/moai-adk/internal/cli/gate_lock.go:121.2,121.15 1 0
github.com/modu-ai/moai-adk/internal/cli/gate_lock.go:125.44,127.2 1 1
github.com/modu-ai/moai-adk/internal/cli/gate_lock.go:130.45,132.2 1 1
github.com/modu-ai/moai-adk/internal/cli/gate_lock.go:138.67,140.16 2 1
github.com/modu-ai/moai-adk/internal/cli/gate_lock.go:140.16,142.3 1 1
github.com/modu-ai/moai-adk/internal/cli/gate_lock.go:143.2,143.32 1 1
github.com/modu-ai/moai-adk/internal/cli/gate_lock.go:147.60,149.52 2 1
github.com/modu-ai/moai-adk/internal/cli/gate_lock.go:149.52,151.3 1 0
github.com/modu-ai/moai-adk/internal/cli/gate_lock.go:152.2,152.20 1 1
github.com/modu-ai/moai-adk/internal/cli/gate_lock.go:152.20,154.3 1 0
github.com/modu-ai/moai-adk/internal/cli/gate_lock.go:155.2,155.19 1 1
github.com/modu-ai/moai-adk/internal/cli/gate_lock.go:160.38,166.16 3 1
github.com/modu-ai/moai-adk/internal/cli/gate_lock.go:166.16,170.3 1 0
github.com/modu-ai/moai-adk/internal/cli/gate_lock.go:171.2,171.30 1 1
github.com/modu-ai/moai-adk/internal/cli/gate_lock.go:216.95,220.6 4 1
github.com/modu-ai/moai-adk/internal/cli/gate_lock.go:220.6,222.17 2 1
github.com/modu-ai/moai-adk/internal/cli/gate_lock.go:222.17,224.4 1 1
github.com/modu-ai/moai-adk/internal/cli/gate_lock.go:225.3,225.27 1 1
github.com/modu-ai/moai-adk/internal/cli/gate_lock.go:225.27,230.4 1 1
github.com/modu-ai/moai-adk/internal/cli/gate_lock.go:235.3,236.36 2 1
github.com/modu-ai/moai-adk/internal/cli/gate_lock.go:236.36,238.36 2 1
github.com/modu-ai/moai-adk/internal/cli/gate_lock.go:238.36,241.5 2 1
github.com/modu-ai/moai-adk/internal/cli/gate_lock.go:242.4,242.46 1 1
github.com/modu-ai/moai-adk/internal/cli/gate_lock.go:242.46,248.12 2 0
github.com/modu-ai/moai-adk/internal/cli/gate_lock.go:249.55,250.97 1 0
github.com/modu-ai/moai-adk/internal/cli/gate_lock.go:251.57,252.102 1 0
github.com/modu-ai/moai-adk/internal/cli/gate_lock.go:254.5,254.35 1 0
github.com/modu-ai/moai-adk/internal/cli/gate_lock.go:254.35,260.6 1 0
github.com/modu-ai/moai-adk/internal/cli/gate_lock.go:261.5,261.13 1 0
github.com/modu-ai/moai-adk/internal/cli/gate_lock.go:269.3,270.21 2 1
github.com/modu-ai/moai-adk/internal/cli/gate_lock.go:270.21,276.4 1 1
github.com/modu-ai/moai-adk/internal/cli/gate_lock.go:277.3,278.27 2 1
github.com/modu-ai/moai-adk/internal/cli/gate_lock.go:278.27,280.4 1 1
github.com/modu-ai/moai-adk/internal/cli/gate_lock.go:281.3,281.23 1 1
github.com/modu-ai/moai-adk/internal/cli/gate_lock_unix.go:23.41,24.27 1 1
github.com/modu-ai/moai-adk/internal/cli/gate_lock_unix.go:24.27,26.3 1 0
github.com/modu-ai/moai-adk/internal/cli/gate_lock_unix.go:28.2,30.12 3 1
github.com/modu-ai/moai-adk/internal/cli/gate_lock_unix.go:38.65,40.16 2 1
github.com/modu-ai/moai-adk/internal/cli/gate_lock_unix.go:40.16,42.3 1 0
github.com/modu-ai/moai-adk/internal/cli/gate_lock_unix.go:43.2,43.66 1 1
github.com/modu-ai/moai-adk/internal/cli/gate_lock_unix.go:43.66,46.3 2 1
github.com/modu-ai/moai-adk/internal/cli/gate_lock_unix.go:48.2,49.46 2 1
github.com/modu-ai/moai-adk/internal/cli/gate_lock_unix.go:49.46,52.3 2 0
github.com/modu-ai/moai-adk/internal/cli/gate_lock_unix.go:53.2,53.50 1 1
github.com/modu-ai/moai-adk/internal/cli/gate_lock_unix.go:53.50,56.3 2 0
github.com/modu-ai/moai-adk/internal/cli/gate_lock_unix.go:57.2,57.36 1 1
github.com/modu-ai/moai-adk/internal/cli/gate_lock_unix.go:64.74,69.2 1 0
github.com/modu-ai/moai-adk/internal/cli/github.go:29.83,31.2 1 0
github.com/modu-ai/moai-adk/internal/cli/github.go:35.66,55.2 7 1
github.com/modu-ai/moai-adk/internal/cli/github.go:57.35,63.2 2 1
github.com/modu-ai/moai-adk/internal/cli/github.go:65.60,70.22 5 1
github.com/modu-ai/moai-adk/internal/cli/github.go:70.22,72.29 2 1
github.com/modu-ai/moai-adk/internal/cli/github.go:72.29,73.13 1 1
github.com/modu-ai/moai-adk/internal/cli/github.go:73.13,75.5 1 1
github.com/modu-ai/moai-adk/internal/cli/github.go:76.4,76.23 1 1
github.com/modu-ai/moai-adk/internal/cli/github.go:79.2,79.44 1 1
github.com/modu-ai/moai-adk/internal/cli/github.go:82.47,87.2 4 1
github.com/modu-ai/moai-adk/internal/cli/github.go:99.13,108.2 4 1
github.com/modu-ai/moai-adk/internal/cli/github.go:110.40,122.2 1 1
github.com/modu-ai/moai-adk/internal/cli/github.go:128.44,129.22 1 1
github.com/modu-ai/moai-adk/internal/cli/github.go:129.22,131.3 1 1
github.com/modu-ai/moai-adk/internal/cli/github.go:132.2,132.41 1 0
github.com/modu-ai/moai-adk/internal/cli/github.go:135.61,139.16 3 1
github.com/modu-ai/moai-adk/internal/cli/github.go:139.16,141.3 1 1
github.com/modu-ai/moai-adk/internal/cli/github.go:143.2,144.19 2 1
github.com/modu-ai/moai-adk/internal/cli/github.go:144.19,146.20 2 0
github.com/modu-ai/moai-adk/internal/cli/github.go:146.20,148.4 1 0
github.com/modu-ai/moai-adk/internal/cli/github.go:149.3,149.38 1 0
github.com/modu-ai/moai-adk/internal/cli/github.go:152.2,153.16 2 1
github.com/modu-ai/moai-adk/internal/cli/github.go:153.16,155.3 1 1
github.com/modu-ai/moai-adk/internal/cli/github.go:157.2,158.16 2 1
github.com/modu-ai/moai-adk/internal/cli/github.go:158.16,160.3 1 1
github.com/modu-ai/moai-adk/internal/cli/github.go:163.2,168.27 5 1
github.com/modu-ai/moai-adk/internal/cli/github.go:168.27,170.34 2 1
github.com/modu-ai/moai-adk/internal/cli/github.go:170.34,172.4 1 1
github.com/modu-ai/moai-adk/internal/cli/github.go:173.3,173.82 1 1
github.com/modu-ai/moai-adk/internal/cli/github.go:176.2,176.22 1 1
github.com/modu-ai/moai-adk/internal/cli/github.go:176.22,182.3 4 1
github.com/modu-ai/moai-adk/internal/cli/github.go:184.2,184.29 1 1
github.com/modu-ai/moai-adk/internal/cli/github.go:184.29,187.3 2 1
github.com/modu-ai/moai-adk/internal/cli/github.go:189.2,193.12 2 1
github.com/modu-ai/moai-adk/internal/cli/github.go:196.38,208.2 1 1
github.com/modu-ai/moai-adk/internal/cli/github.go:210.59,214.16 3 1
github.com/modu-ai/moai-adk/internal/cli/github.go:214.16,216.3 1 1
github.com/modu-ai/moai-adk/internal/cli/github.go:218.2,219.56 2 1
github.com/modu-ai/moai-adk/internal/cli/github.go:219.56,221.3 1 1
github.com/modu-ai/moai-adk/internal/cli/github.go:225.2,225.12 1 1
github.com/modu-ai/moai-adk/internal/cli/github.go:225.12,229.3 3 1
github.com/modu-ai/moai-adk/internal/cli/github.go:231.2,232.16 2 1
github.com/modu-ai/moai-adk/internal/cli/github.go:232.16,234.3 1 0
github.com/modu-ai/moai-adk/internal/cli/github.go:236.2,237.16 2 1
github.com/modu-ai/moai-adk/internal/cli/github.go:237.16,239.3 1 1
github.com/modu-ai/moai-adk/internal/cli/github.go:241.2,241.65 1 1
github.com/modu-ai/moai-adk/internal/cli/github.go:241.65,243.3 1 1
github.com/modu-ai/moai-adk/internal/cli/github.go:245.2,252.12 2 1
github.com/modu-ai/moai-adk/internal/cli/glamour_style.go:37.31,37.44 1 1
github.com/modu-ai/moai-adk/internal/cli/glamour_style.go:38.31,38.44 1 1
github.com/modu-ai/moai-adk/internal/cli/glamour_style.go:54.59,122.2 1 1
github.com/modu-ai/moai-adk/internal/cli/glamour_style.go:125.29,125.42 1 1
github.com/modu-ai/moai-adk/internal/cli/glamour_style.go:130.57,132.2 1 1
github.com/modu-ai/moai-adk/internal/cli/glamour_style.go:137.41,139.9 2 1
github.com/modu-ai/moai-adk/internal/cli/glamour_style.go:139.9,141.3 1 1
github.com/modu-ai/moai-adk/internal/cli/glamour_style.go:142.2,143.16 2 0
github.com/modu-ai/moai-adk/internal/cli/glamour_style.go:143.16,145.3 1 0
github.com/modu-ai/moai-adk/internal/cli/glamour_style.go:146.2,146.45 1 0
github.com/modu-ai/moai-adk/internal/cli/glamour_style.go:152.61,157.16 2 1
github.com/modu-ai/moai-adk/internal/cli/glamour_style.go:157.16,159.3 1 0
github.com/modu-ai/moai-adk/internal/cli/glamour_style.go:160.2,160.21 1 1
github.com/modu-ai/moai-adk/internal/cli/glamour_style.go:168.52,169.72 1 1
github.com/modu-ai/moai-adk/internal/cli/glamour_style.go:169.72,171.3 1 1
github.com/modu-ai/moai-adk/internal/cli/glamour_style.go:172.2,173.16 2 0
github.com/modu-ai/moai-adk/internal/cli/glamour_style.go:173.16,175.3 1 0
github.com/modu-ai/moai-adk/internal/cli/glamour_style.go:176.2,176.12 1 0
github.com/modu-ai/moai-adk/internal/cli/glamour_style.go:185.66,187.72 2 1
github.com/modu-ai/moai-adk/internal/cli/glamour_style.go:187.72,189.3 1 1
github.com/modu-ai/moai-adk/internal/cli/glamour_style.go:190.2,192.16 3 0
github.com/modu-ai/moai-adk/internal/cli/glamour_style.go:192.16,194.3 1 0
github.com/modu-ai/moai-adk/internal/cli/glamour_style.go:195.2,195.12 1 0
github.com/modu-ai/moai-adk/internal/cli/glm.go:35.13,36.45 1 1
github.com/modu-ai/moai-adk/internal/cli/glm.go:36.45,36.71 1 1
github.com/modu-ai/moai-adk/internal/cli/glm.go:138.51,140.16 2 0
github.com/modu-ai/moai-adk/internal/cli/glm.go:140.16,144.4 3 0
github.com/modu-ai/moai-adk/internal/cli/glm.go:145.3,146.13 2 0
github.com/modu-ai/moai-adk/internal/cli/glm.go:150.13,155.2 2 1
github.com/modu-ai/moai-adk/internal/cli/glm.go:173.54,175.27 1 1
github.com/modu-ai/moai-adk/internal/cli/glm.go:175.27,176.37 1 1
github.com/modu-ai/moai-adk/internal/cli/glm.go:176.37,178.4 1 1
github.com/modu-ai/moai-adk/internal/cli/glm.go:179.3,179.18 1 1
github.com/modu-ai/moai-adk/internal/cli/glm.go:179.18,180.9 1 0
github.com/modu-ai/moai-adk/internal/cli/glm.go:185.2,185.19 1 1
github.com/modu-ai/moai-adk/internal/cli/glm.go:185.19,186.18 1 1
github.com/modu-ai/moai-adk/internal/cli/glm.go:187.16,188.37 1 1
github.com/modu-ai/moai-adk/internal/cli/glm.go:189.17,190.38 1 0
github.com/modu-ai/moai-adk/internal/cli/glm.go:191.16,195.32 2 0
github.com/modu-ai/moai-adk/internal/cli/glm.go:202.2,202.53 1 1
github.com/modu-ai/moai-adk/internal/cli/glm.go:202.53,204.3 1 0
github.com/modu-ai/moai-adk/internal/cli/glm.go:206.2,207.16 2 1
github.com/modu-ai/moai-adk/internal/cli/glm.go:207.16,209.3 1 0
github.com/modu-ai/moai-adk/internal/cli/glm.go:214.2,215.16 2 1
github.com/modu-ai/moai-adk/internal/cli/glm.go:215.16,217.3 1 0
github.com/modu-ai/moai-adk/internal/cli/glm.go:218.2,221.67 4 1
github.com/modu-ai/moai-adk/internal/cli/glm.go:222.25,230.28 8 0
github.com/modu-ai/moai-adk/internal/cli/glm.go:230.28,232.4 1 0
github.com/modu-ai/moai-adk/internal/cli/glm.go:233.3,233.26 1 0
github.com/modu-ai/moai-adk/internal/cli/glm.go:234.27,242.28 6 1
github.com/modu-ai/moai-adk/internal/cli/glm.go:242.28,244.4 1 1
github.com/modu-ai/moai-adk/internal/cli/glm.go:245.3,245.26 1 1
github.com/modu-ai/moai-adk/internal/cli/glm.go:247.2,247.27 1 1
github.com/modu-ai/moai-adk/internal/cli/glm.go:247.27,248.64 1 1
github.com/modu-ai/moai-adk/internal/cli/glm.go:249.25,259.29 8 1
github.com/modu-ai/moai-adk/internal/cli/glm.go:259.29,261.5 1 1
github.com/modu-ai/moai-adk/internal/cli/glm.go:262.4,262.27 1 1
github.com/modu-ai/moai-adk/internal/cli/glm.go:263.30,271.29 6 0
github.com/modu-ai/moai-adk/internal/cli/glm.go:271.29,273.5 1 0
github.com/modu-ai/moai-adk/internal/cli/glm.go:274.4,274.27 1 0
github.com/modu-ai/moai-adk/internal/cli/glm.go:278.2,278.60 1 1
github.com/modu-ai/moai-adk/internal/cli/glm.go:278.60,280.3 1 0
github.com/modu-ai/moai-adk/internal/cli/glm.go:281.2,285.50 2 1
github.com/modu-ai/moai-adk/internal/cli/glm.go:285.50,289.3 3 1
github.com/modu-ai/moai-adk/internal/cli/glm.go:294.2,299.56 5 1
github.com/modu-ai/moai-adk/internal/cli/glm.go:303.62,304.27 1 1
github.com/modu-ai/moai-adk/internal/cli/glm.go:304.27,305.73 1 1
github.com/modu-ai/moai-adk/internal/cli/glm.go:305.73,307.4 1 1
github.com/modu-ai/moai-adk/internal/cli/glm.go:308.3,308.39 1 1
github.com/modu-ai/moai-adk/internal/cli/glm.go:308.39,310.4 1 1
github.com/modu-ai/moai-adk/internal/cli/glm.go:312.2,312.14 1 1
github.com/modu-ai/moai-adk/internal/cli/glm.go:327.60,328.84 1 1
github.com/modu-ai/moai-adk/internal/cli/glm.go:328.84,330.3 1 1
github.com/modu-ai/moai-adk/internal/cli/glm.go:331.2,331.18 1 1
github.com/modu-ai/moai-adk/internal/cli/glm.go:342.59,343.69 1 1
github.com/modu-ai/moai-adk/internal/cli/glm.go:343.69,345.3 1 1
github.com/modu-ai/moai-adk/internal/cli/glm.go:346.2,346.18 1 1
github.com/modu-ai/moai-adk/internal/cli/glm.go:352.61,361.67 7 1
github.com/modu-ai/moai-adk/internal/cli/glm.go:361.67,363.3 1 1
github.com/modu-ai/moai-adk/internal/cli/glm.go:367.2,367.66 1 1
github.com/modu-ai/moai-adk/internal/cli/glm.go:367.66,369.3 1 1
github.com/modu-ai/moai-adk/internal/cli/glm.go:371.2,377.42 4 1
github.com/modu-ai/moai-adk/internal/cli/glm.go:377.42,379.3 1 1
github.com/modu-ai/moai-adk/internal/cli/glm.go:400.46,403.27 3 1
github.com/modu-ai/moai-adk/internal/cli/glm.go:403.27,405.3 1 1
github.com/modu-ai/moai-adk/internal/cli/glm.go:406.2,406.12 1 1
github.com/modu-ai/moai-adk/internal/cli/glm.go:430.74,433.27 3 1
github.com/modu-ai/moai-adk/internal/cli/glm.go:433.27,435.3 1 1
github.com/modu-ai/moai-adk/internal/cli/glm.go:436.2,436.12 1 1
github.com/modu-ai/moai-adk/internal/cli/glm.go:440.59,442.20 2 1
github.com/modu-ai/moai-adk/internal/cli/glm.go:442.20,444.3 1 1
github.com/modu-ai/moai-adk/internal/cli/glm.go:444.8,447.22 3 0
github.com/modu-ai/moai-adk/internal/cli/glm.go:447.22,449.4 1 0
github.com/modu-ai/moai-adk/internal/cli/glm.go:450.3,450.45 1 0
github.com/modu-ai/moai-adk/internal/cli/glm.go:453.2,453.18 1 1
github.com/modu-ai/moai-adk/internal/cli/glm.go:453.18,455.3 1 0
github.com/modu-ai/moai-adk/internal/cli/glm.go:457.2,457.43 1 1
github.com/modu-ai/moai-adk/internal/cli/glm.go:457.43,459.3 1 0
github.com/modu-ai/moai-adk/internal/cli/glm.go:461.2,462.12 2 1
github.com/modu-ai/moai-adk/internal/cli/glm.go:466.36,467.19 1 1
github.com/modu-ai/moai-adk/internal/cli/glm.go:467.19,469.3 1 1
github.com/modu-ai/moai-adk/internal/cli/glm.go:470.2,470.44 1 1
github.com/modu-ai/moai-adk/internal/cli/glm.go:479.78,480.25 1 1
github.com/modu-ai/moai-adk/internal/cli/glm.go:480.25,482.3 1 1
github.com/modu-ai/moai-adk/internal/cli/glm.go:483.2,483.41 1 0
github.com/modu-ai/moai-adk/internal/cli/glm.go:483.41,485.3 1 0
github.com/modu-ai/moai-adk/internal/cli/glm.go:486.2,486.77 1 0
github.com/modu-ai/moai-adk/internal/cli/glm.go:496.89,511.81 2 1
github.com/modu-ai/moai-adk/internal/cli/glm.go:511.81,513.3 1 1
github.com/modu-ai/moai-adk/internal/cli/glm.go:517.2,517.67 1 1
github.com/modu-ai/moai-adk/internal/cli/glm.go:517.67,519.3 1 1
github.com/modu-ai/moai-adk/internal/cli/glm.go:524.2,524.66 1 1
github.com/modu-ai/moai-adk/internal/cli/glm.go:524.66,526.3 1 1
github.com/modu-ai/moai-adk/internal/cli/glm.go:528.2,528.13 1 1
github.com/modu-ai/moai-adk/internal/cli/glm.go:535.106,545.46 4 1
github.com/modu-ai/moai-adk/internal/cli/glm.go:545.46,546.74 1 1
github.com/modu-ai/moai-adk/internal/cli/glm.go:546.74,548.4 1 0
github.com/modu-ai/moai-adk/internal/cli/glm.go:549.3,549.29 1 1
github.com/modu-ai/moai-adk/internal/cli/glm.go:552.2,552.20 1 1
github.com/modu-ai/moai-adk/internal/cli/glm.go:552.20,554.3 1 0
github.com/modu-ai/moai-adk/internal/cli/glm.go:555.2,555.33 1 1
github.com/modu-ai/moai-adk/internal/cli/glm.go:563.34,564.25 1 1
github.com/modu-ai/moai-adk/internal/cli/glm.go:564.25,566.3 1 1
github.com/modu-ai/moai-adk/internal/cli/glm.go:567.2,567.41 1 0
github.com/modu-ai/moai-adk/internal/cli/glm.go:567.41,569.3 1 0
github.com/modu-ai/moai-adk/internal/cli/glm.go:571.2,573.12 3 0
github.com/modu-ai/moai-adk/internal/cli/glm.go:584.36,611.2 1 1
github.com/modu-ai/moai-adk/internal/cli/glm.go:614.54,616.56 2 1
github.com/modu-ai/moai-adk/internal/cli/glm.go:616.56,618.3 1 0
github.com/modu-ai/moai-adk/internal/cli/glm.go:620.2,621.16 2 1
github.com/modu-ai/moai-adk/internal/cli/glm.go:621.16,623.3 1 0
github.com/modu-ai/moai-adk/internal/cli/glm.go:625.2,627.44 2 1
github.com/modu-ai/moai-adk/internal/cli/glm.go:631.71,634.52 2 1
github.com/modu-ai/moai-adk/internal/cli/glm.go:634.52,636.3 1 1
github.com/modu-ai/moai-adk/internal/cli/glm.go:638.2,639.16 2 1
github.com/modu-ai/moai-adk/internal/cli/glm.go:639.16,641.3 1 1
github.com/modu-ai/moai-adk/internal/cli/glm.go:643.2,646.55 2 1
github.com/modu-ai/moai-adk/internal/cli/glm.go:646.55,648.3 1 1
github.com/modu-ai/moai-adk/internal/cli/glm.go:650.2,650.25 1 1
github.com/modu-ai/moai-adk/internal/cli/glm.go:654.48,656.2 1 1
github.com/modu-ai/moai-adk/internal/cli/glm.go:668.69,673.27 2 1
github.com/modu-ai/moai-adk/internal/cli/glm.go:673.27,675.3 1 1
github.com/modu-ai/moai-adk/internal/cli/glm.go:676.2,676.31 1 1
github.com/modu-ai/moai-adk/internal/cli/glm.go:676.31,678.3 1 1
github.com/modu-ai/moai-adk/internal/cli/glm.go:679.2,679.33 1 1
github.com/modu-ai/moai-adk/internal/cli/glm.go:679.33,681.3 1 1
github.com/modu-ai/moai-adk/internal/cli/glm.go:682.2,682.30 1 1
github.com/modu-ai/moai-adk/internal/cli/glm.go:682.30,684.3 1 1
github.com/modu-ai/moai-adk/internal/cli/glm.go:685.2,685.32 1 1
github.com/modu-ai/moai-adk/internal/cli/glm.go:685.32,687.3 1 1
github.com/modu-ai/moai-adk/internal/cli/glm.go:689.2,689.31 1 1
github.com/modu-ai/moai-adk/internal/cli/glm.go:689.31,691.3 1 1
github.com/modu-ai/moai-adk/internal/cli/glm.go:692.2,692.33 1 1
github.com/modu-ai/moai-adk/internal/cli/glm.go:692.33,694.3 1 1
github.com/modu-ai/moai-adk/internal/cli/glm.go:695.2,695.32 1 1
github.com/modu-ai/moai-adk/internal/cli/glm.go:695.32,697.3 1 1
github.com/modu-ai/moai-adk/internal/cli/glm.go:699.2,699.25 1 1
github.com/modu-ai/moai-adk/internal/cli/glm.go:699.25,701.3 1 1
github.com/modu-ai/moai-adk/internal/cli/glm.go:703.2,711.55 2 1
github.com/modu-ai/moai-adk/internal/cli/glm.go:711.55,713.3 1 1
github.com/modu-ai/moai-adk/internal/cli/glm.go:715.2,716.16 2 1
github.com/modu-ai/moai-adk/internal/cli/glm.go:716.16,718.3 1 0
github.com/modu-ai/moai-adk/internal/cli/glm.go:720.2,721.43 2 1
github.com/modu-ai/moai-adk/internal/cli/glm.go:728.82,730.16 2 1
github.com/modu-ai/moai-adk/internal/cli/glm.go:730.16,731.25 1 1
github.com/modu-ai/moai-adk/internal/cli/glm.go:731.25,733.4 1 1
github.com/modu-ai/moai-adk/internal/cli/glm.go:734.3,734.73 1 1
github.com/modu-ai/moai-adk/internal/cli/glm.go:736.2,739.55 2 1
github.com/modu-ai/moai-adk/internal/cli/glm.go:739.55,741.3 1 0
github.com/modu-ai/moai-adk/internal/cli/glm.go:742.2,742.31 1 1
github.com/modu-ai/moai-adk/internal/cli/glm.go:750.62,754.2 3 1
github.com/modu-ai/moai-adk/internal/cli/glm.go:761.51,762.23 1 1
github.com/modu-ai/moai-adk/internal/cli/glm.go:762.23,764.3 1 1
github.com/modu-ai/moai-adk/internal/cli/glm.go:765.2,765.28 1 1
github.com/modu-ai/moai-adk/internal/cli/glm.go:765.28,767.3 1 1
github.com/modu-ai/moai-adk/internal/cli/glm.go:768.2,768.29 1 1
github.com/modu-ai/moai-adk/internal/cli/glm.go:768.29,770.3 1 1
github.com/modu-ai/moai-adk/internal/cli/glm.go:771.2,771.33 1 1
github.com/modu-ai/moai-adk/internal/cli/glm.go:771.33,773.3 1 1
github.com/modu-ai/moai-adk/internal/cli/glm.go:794.82,798.16 3 1
github.com/modu-ai/moai-adk/internal/cli/glm.go:798.16,800.3 1 1
github.com/modu-ai/moai-adk/internal/cli/glm.go:801.2,801.16 1 1
github.com/modu-ai/moai-adk/internal/cli/glm.go:801.16,803.3 1 1
github.com/modu-ai/moai-adk/internal/cli/glm.go:805.2,806.18 2 1
github.com/modu-ai/moai-adk/internal/cli/glm.go:806.18,808.3 1 1
github.com/modu-ai/moai-adk/internal/cli/glm.go:809.2,809.18 1 1
github.com/modu-ai/moai-adk/internal/cli/glm.go:809.18,811.3 1 1
github.com/modu-ai/moai-adk/internal/cli/glm.go:813.2,814.15 2 1
github.com/modu-ai/moai-adk/internal/cli/glm.go:814.15,816.3 1 1
github.com/modu-ai/moai-adk/internal/cli/glm.go:817.2,817.15 1 1
github.com/modu-ai/moai-adk/internal/cli/glm.go:817.15,819.3 1 1
github.com/modu-ai/moai-adk/internal/cli/glm.go:821.2,822.17 2 1
github.com/modu-ai/moai-adk/internal/cli/glm.go:822.17,824.3 1 1
github.com/modu-ai/moai-adk/internal/cli/glm.go:826.2,826.33 1 1
github.com/modu-ai/moai-adk/internal/cli/glm.go:839.61,843.9 3 1
github.com/modu-ai/moai-adk/internal/cli/glm.go:844.69,846.30 1 1
github.com/modu-ai/moai-adk/internal/cli/glm.go:847.10,852.17 3 1
github.com/modu-ai/moai-adk/internal/cli/glm.go:852.17,854.4 1 0
github.com/modu-ai/moai-adk/internal/cli/glm.go:855.3,855.16 1 1
github.com/modu-ai/moai-adk/internal/cli/glm.go:858.2,859.19 2 1
github.com/modu-ai/moai-adk/internal/cli/glm.go:859.19,861.3 1 1
github.com/modu-ai/moai-adk/internal/cli/glm.go:863.2,864.18 2 1
github.com/modu-ai/moai-adk/internal/cli/glm.go:864.18,866.3 1 1
github.com/modu-ai/moai-adk/internal/cli/glm.go:868.2,884.8 2 1
github.com/modu-ai/moai-adk/internal/cli/glm.go:900.78,901.17 1 1
github.com/modu-ai/moai-adk/internal/cli/glm.go:901.17,903.3 1 1
github.com/modu-ai/moai-adk/internal/cli/glm.go:904.2,905.50 2 1
github.com/modu-ai/moai-adk/internal/cli/glm.go:906.14,907.21 1 1
github.com/modu-ai/moai-adk/internal/cli/glm.go:908.16,909.23 1 1
github.com/modu-ai/moai-adk/internal/cli/glm.go:910.15,911.20 1 1
github.com/modu-ai/moai-adk/internal/cli/glm.go:912.15,913.22 1 1
github.com/modu-ai/moai-adk/internal/cli/glm.go:914.10,915.12 1 1
github.com/modu-ai/moai-adk/internal/cli/glm.go:933.99,934.64 1 1
github.com/modu-ai/moai-adk/internal/cli/glm.go:934.64,936.3 1 1
github.com/modu-ai/moai-adk/internal/cli/glm.go:937.2,937.17 1 1
github.com/modu-ai/moai-adk/internal/cli/glm.go:947.29,949.2 1 1
github.com/modu-ai/moai-adk/internal/cli/glm.go:957.35,959.2 1 1
github.com/modu-ai/moai-adk/internal/cli/glm.go:963.26,965.2 1 1
github.com/modu-ai/moai-adk/internal/cli/glm.go:972.47,972.84 1 1
github.com/modu-ai/moai-adk/internal/cli/glm.go:973.47,973.86 1 1
github.com/modu-ai/moai-adk/internal/cli/glm.go:976.41,977.36 1 1
github.com/modu-ai/moai-adk/internal/cli/glm.go:977.36,979.3 1 1
github.com/modu-ai/moai-adk/internal/cli/glm.go:980.2,980.26 1 1
github.com/modu-ai/moai-adk/internal/cli/glm.go:989.76,991.18 2 1
github.com/modu-ai/moai-adk/internal/cli/glm.go:991.18,993.3 1 1
github.com/modu-ai/moai-adk/internal/cli/glm.go:999.2,999.66 1 1
github.com/modu-ai/moai-adk/internal/cli/glm.go:999.66,1004.109 2 1
github.com/modu-ai/moai-adk/internal/cli/glm.go:1004.109,1006.4 1 0
github.com/modu-ai/moai-adk/internal/cli/glm.go:1009.3,1020.68 9 1
github.com/modu-ai/moai-adk/internal/cli/glm.go:1020.68,1022.4 1 0
github.com/modu-ai/moai-adk/internal/cli/glm.go:1022.9,1024.4 1 1
github.com/modu-ai/moai-adk/internal/cli/glm.go:1028.3,1028.67 1 1
github.com/modu-ai/moai-adk/internal/cli/glm.go:1028.67,1030.4 1 1
github.com/modu-ai/moai-adk/internal/cli/glm.go:1030.9,1032.4 1 1
github.com/modu-ai/moai-adk/internal/cli/glm.go:1033.3,1033.20 1 1
github.com/modu-ai/moai-adk/internal/cli/glm.go:1033.20,1035.4 1 0
github.com/modu-ai/moai-adk/internal/cli/glm.go:1040.31,1041.56 1 1
github.com/modu-ai/moai-adk/internal/cli/glm.go:1041.56,1043.3 1 1
github.com/modu-ai/moai-adk/internal/cli/glm.go:1046.2,1046.30 1 1
github.com/modu-ai/moai-adk/internal/cli/glm.go:1046.30,1047.113 1 1
github.com/modu-ai/moai-adk/internal/cli/glm.go:1047.113,1049.4 1 1
github.com/modu-ai/moai-adk/internal/cli/glm.go:1051.2,1051.14 1 0
github.com/modu-ai/moai-adk/internal/cli/glm.go:1058.40,1060.16 2 1
github.com/modu-ai/moai-adk/internal/cli/glm.go:1060.16,1062.3 1 0
github.com/modu-ai/moai-adk/internal/cli/glm.go:1065.2,1065.61 1 1
github.com/modu-ai/moai-adk/internal/cli/glm.go:1065.61,1067.3 1 1
github.com/modu-ai/moai-adk/internal/cli/glm.go:1069.2,1070.19 2 1
github.com/modu-ai/moai-adk/internal/cli/glm.go:1070.19,1071.66 1 1
github.com/modu-ai/moai-adk/internal/cli/glm.go:1071.66,1073.4 1 1
github.com/modu-ai/moai-adk/internal/cli/glm.go:1076.2,1076.6 1 1
github.com/modu-ai/moai-adk/internal/cli/glm.go:1076.6,1078.38 1 1
github.com/modu-ai/moai-adk/internal/cli/glm.go:1078.38,1080.4 1 1
github.com/modu-ai/moai-adk/internal/cli/glm.go:1081.3,1081.65 1 1
github.com/modu-ai/moai-adk/internal/cli/glm.go:1081.65,1083.4 1 1
github.com/modu-ai/moai-adk/internal/cli/glm.go:1084.3,1085.20 2 1
github.com/modu-ai/moai-adk/internal/cli/glm.go:1085.20,1087.4 1 1
github.com/modu-ai/moai-adk/internal/cli/glm.go:1088.3,1088.15 1 1
github.com/modu-ai/moai-adk/internal/cli/glm_job_control.go:106.98,108.22 2 1
github.com/modu-ai/moai-adk/internal/cli/glm_job_control.go:108.22,110.3 1 1
github.com/modu-ai/moai-adk/internal/cli/glm_job_control.go:111.2,111.49 1 1
github.com/modu-ai/moai-adk/internal/cli/glm_job_control.go:119.98,121.22 2 1
github.com/modu-ai/moai-adk/internal/cli/glm_job_control.go:121.22,123.3 1 1
github.com/modu-ai/moai-adk/internal/cli/glm_job_control.go:125.2,130.18 2 1
github.com/modu-ai/moai-adk/internal/cli/glm_job_control.go:130.18,133.3 2 1
github.com/modu-ai/moai-adk/internal/cli/glm_job_control.go:133.8,135.3 1 1
github.com/modu-ai/moai-adk/internal/cli/glm_job_control.go:136.2,136.49 1 1
github.com/modu-ai/moai-adk/internal/cli/glm_job_control.go:147.98,149.22 2 1
github.com/modu-ai/moai-adk/internal/cli/glm_job_control.go:149.22,151.3 1 1
github.com/modu-ai/moai-adk/internal/cli/glm_job_control.go:153.2,156.32 2 1
github.com/modu-ai/moai-adk/internal/cli/glm_job_control.go:156.32,159.3 2 1
github.com/modu-ai/moai-adk/internal/cli/glm_job_control.go:164.2,166.28 3 1
github.com/modu-ai/moai-adk/internal/cli/glm_job_control.go:166.28,172.3 1 1
github.com/modu-ai/moai-adk/internal/cli/glm_job_control.go:179.2,179.82 1 1
github.com/modu-ai/moai-adk/internal/cli/glm_job_control.go:179.82,181.3 1 1
github.com/modu-ai/moai-adk/internal/cli/glm_job_control.go:181.17,183.3 1 0
github.com/modu-ai/moai-adk/internal/cli/glm_job_control.go:183.8,185.3 1 1
github.com/modu-ai/moai-adk/internal/cli/glm_job_control.go:190.2,194.48 3 1
github.com/modu-ai/moai-adk/internal/cli/glm_job_control.go:194.48,197.3 2 1
github.com/modu-ai/moai-adk/internal/cli/glm_job_control.go:198.2,199.49 2 0
github.com/modu-ai/moai-adk/internal/cli/glm_job_control.go:205.46,207.2 1 1
github.com/modu-ai/moai-adk/internal/cli/glm_job_control.go:212.94,214.17 2 1
github.com/modu-ai/moai-adk/internal/cli/glm_job_control.go:214.17,216.3 1 1
github.com/modu-ai/moai-adk/internal/cli/glm_job_control.go:217.2,218.16 2 1
github.com/modu-ai/moai-adk/internal/cli/glm_job_control.go:218.16,219.26 1 1
github.com/modu-ai/moai-adk/internal/cli/glm_job_control.go:219.26,221.4 1 1
github.com/modu-ai/moai-adk/internal/cli/glm_job_control.go:222.3,222.44 1 1
github.com/modu-ai/moai-adk/internal/cli/glm_job_control.go:224.2,224.17 1 1
github.com/modu-ai/moai-adk/internal/cli/glm_job_control.go:232.62,234.6 2 1
github.com/modu-ai/moai-adk/internal/cli/glm_job_control.go:234.6,235.48 1 1
github.com/modu-ai/moai-adk/internal/cli/glm_job_control.go:235.48,237.4 1 1
github.com/modu-ai/moai-adk/internal/cli/glm_job_control.go:238.3,238.35 1 1
github.com/modu-ai/moai-adk/internal/cli/glm_job_control.go:238.35,240.4 1 0
github.com/modu-ai/moai-adk/internal/cli/glm_job_control.go:241.3,241.47 1 1
github.com/modu-ai/moai-adk/internal/cli/glm_jobs.go:90.39,91.39 1 1
github.com/modu-ai/moai-adk/internal/cli/glm_jobs.go:91.39,92.17 1 1
github.com/modu-ai/moai-adk/internal/cli/glm_jobs.go:92.17,94.4 1 1
github.com/modu-ai/moai-adk/internal/cli/glm_jobs.go:96.2,96.14 1 0
github.com/modu-ai/moai-adk/internal/cli/glm_jobs.go:102.36,103.11 1 1
github.com/modu-ai/moai-adk/internal/cli/glm_jobs.go:104.72,105.14 1 1
github.com/modu-ai/moai-adk/internal/cli/glm_jobs.go:107.2,107.14 1 1
github.com/modu-ai/moai-adk/internal/cli/glm_jobs.go:155.37,155.81 1 1
github.com/modu-ai/moai-adk/internal/cli/glm_jobs.go:167.43,169.2 1 1
github.com/modu-ai/moai-adk/internal/cli/glm_jobs.go:171.43,171.59 1 1
github.com/modu-ai/moai-adk/internal/cli/glm_jobs.go:188.59,190.2 1 1
github.com/modu-ai/moai-adk/internal/cli/glm_jobs.go:193.52,195.2 1 1
github.com/modu-ai/moai-adk/internal/cli/glm_jobs.go:198.72,200.16 2 1
github.com/modu-ai/moai-adk/internal/cli/glm_jobs.go:200.16,202.3 1 0
github.com/modu-ai/moai-adk/internal/cli/glm_jobs.go:203.2,215.37 5 1
github.com/modu-ai/moai-adk/internal/cli/glm_jobs.go:215.37,217.3 1 0
github.com/modu-ai/moai-adk/internal/cli/glm_jobs.go:218.2,218.17 1 1
github.com/modu-ai/moai-adk/internal/cli/glm_jobs.go:224.94,226.2 1 1
github.com/modu-ai/moai-adk/internal/cli/glm_jobs.go:238.109,240.2 1 1
github.com/modu-ai/moai-adk/internal/cli/glm_jobs.go:244.120,249.16 4 1
github.com/modu-ai/moai-adk/internal/cli/glm_jobs.go:249.16,251.3 1 0
github.com/modu-ai/moai-adk/internal/cli/glm_jobs.go:252.2,252.58 1 1
github.com/modu-ai/moai-adk/internal/cli/glm_jobs.go:252.58,254.3 1 1
github.com/modu-ai/moai-adk/internal/cli/glm_jobs.go:255.2,256.36 2 1
github.com/modu-ai/moai-adk/internal/cli/glm_jobs.go:256.36,259.3 1 0
github.com/modu-ai/moai-adk/internal/cli/glm_jobs.go:260.2,263.37 4 1
github.com/modu-ai/moai-adk/internal/cli/glm_jobs.go:263.37,265.3 1 0
github.com/modu-ai/moai-adk/internal/cli/glm_jobs.go:266.2,266.17 1 1
github.com/modu-ai/moai-adk/internal/cli/glm_jobs.go:270.64,274.2 3 1
github.com/modu-ai/moai-adk/internal/cli/glm_jobs.go:277.64,280.16 3 1
github.com/modu-ai/moai-adk/internal/cli/glm_jobs.go:280.16,281.25 1 1
github.com/modu-ai/moai-adk/internal/cli/glm_jobs.go:281.25,283.4 1 1
github.com/modu-ai/moai-adk/internal/cli/glm_jobs.go:284.3,284.77 1 0
github.com/modu-ai/moai-adk/internal/cli/glm_jobs.go:286.2,287.50 2 1
github.com/modu-ai/moai-adk/internal/cli/glm_jobs.go:287.50,289.3 1 1
github.com/modu-ai/moai-adk/internal/cli/glm_jobs.go:290.2,290.17 1 1
github.com/modu-ai/moai-adk/internal/cli/glm_jobs.go:296.56,297.58 1 1
github.com/modu-ai/moai-adk/internal/cli/glm_jobs.go:297.58,299.3 1 0
github.com/modu-ai/moai-adk/internal/cli/glm_jobs.go:300.2,301.16 2 1
github.com/modu-ai/moai-adk/internal/cli/glm_jobs.go:301.16,303.3 1 0
github.com/modu-ai/moai-adk/internal/cli/glm_jobs.go:304.2,305.79 2 1
github.com/modu-ai/moai-adk/internal/cli/glm_jobs.go:305.79,307.3 1 0
github.com/modu-ai/moai-adk/internal/cli/glm_jobs.go:308.2,308.12 1 1
github.com/modu-ai/moai-adk/internal/cli/glm_jobs.go:316.36,318.45 2 1
github.com/modu-ai/moai-adk/internal/cli/glm_jobs.go:318.45,320.3 1 0
github.com/modu-ai/moai-adk/internal/cli/glm_jobs.go:321.2,321.109 1 1
github.com/modu-ai/moai-adk/internal/cli/glm_task.go:90.37,93.2 1 1
github.com/modu-ai/moai-adk/internal/cli/glm_task.go:124.35,126.2 1 1
github.com/modu-ai/moai-adk/internal/cli/glm_task.go:138.95,144.18 5 1
github.com/modu-ai/moai-adk/internal/cli/glm_task.go:144.18,146.3 1 1
github.com/modu-ai/moai-adk/internal/cli/glm_task.go:148.2,153.15 3 1
github.com/modu-ai/moai-adk/internal/cli/glm_task.go:153.15,157.3 3 1
github.com/modu-ai/moai-adk/internal/cli/glm_task.go:159.2,160.17 2 1
github.com/modu-ai/moai-adk/internal/cli/glm_task.go:160.17,162.3 1 1
github.com/modu-ai/moai-adk/internal/cli/glm_task.go:162.8,162.58 1 1
github.com/modu-ai/moai-adk/internal/cli/glm_task.go:162.58,174.3 3 1
github.com/modu-ai/moai-adk/internal/cli/glm_task.go:175.2,179.20 4 1
github.com/modu-ai/moai-adk/internal/cli/glm_task.go:179.20,181.3 1 1
github.com/modu-ai/moai-adk/internal/cli/glm_task.go:183.2,183.17 1 1
github.com/modu-ai/moai-adk/internal/cli/glm_task.go:183.17,191.17 4 1
github.com/modu-ai/moai-adk/internal/cli/glm_task.go:191.17,195.4 3 1
github.com/modu-ai/moai-adk/internal/cli/glm_task.go:196.3,198.48 3 1
github.com/modu-ai/moai-adk/internal/cli/glm_task.go:204.2,209.16 3 1
github.com/modu-ai/moai-adk/internal/cli/glm_task.go:209.16,211.3 1 0
github.com/modu-ai/moai-adk/internal/cli/glm_task.go:215.2,218.61 3 1
github.com/modu-ai/moai-adk/internal/cli/glm_task.go:218.61,218.95 1 1
github.com/modu-ai/moai-adk/internal/cli/glm_task.go:218.109,222.3 3 0
github.com/modu-ai/moai-adk/internal/cli/glm_task.go:224.2,228.47 4 1
github.com/modu-ai/moai-adk/internal/cli/glm_task.go:238.157,239.15 1 1
github.com/modu-ai/moai-adk/internal/cli/glm_task.go:239.15,242.3 2 1
github.com/modu-ai/moai-adk/internal/cli/glm_task.go:247.2,258.16 4 1
github.com/modu-ai/moai-adk/internal/cli/glm_task.go:258.16,259.70 1 1
github.com/modu-ai/moai-adk/internal/cli/glm_task.go:259.70,262.4 2 1
github.com/modu-ai/moai-adk/internal/cli/glm_task.go:263.3,263.9 1 1
github.com/modu-ai/moai-adk/internal/cli/glm_task.go:265.2,265.69 1 1
github.com/modu-ai/moai-adk/internal/cli/glm_task.go:265.69,268.3 2 1
github.com/modu-ai/moai-adk/internal/cli/glm_task.go:286.130,293.16 2 1
github.com/modu-ai/moai-adk/internal/cli/glm_task.go:293.16,295.3 1 0
github.com/modu-ai/moai-adk/internal/cli/glm_task.go:297.2,299.16 3 1
github.com/modu-ai/moai-adk/internal/cli/glm_task.go:299.16,301.3 1 0
github.com/modu-ai/moai-adk/internal/cli/glm_task.go:302.2,308.16 6 1
github.com/modu-ai/moai-adk/internal/cli/glm_task.go:308.16,311.47 1 1
github.com/modu-ai/moai-adk/internal/cli/glm_task.go:311.47,313.4 1 1
github.com/modu-ai/moai-adk/internal/cli/glm_task.go:314.3,314.56 1 1
github.com/modu-ai/moai-adk/internal/cli/glm_task.go:316.2,316.15 1 1
github.com/modu-ai/moai-adk/internal/cli/glm_task.go:316.15,316.40 1 1
github.com/modu-ai/moai-adk/internal/cli/glm_task.go:318.2,318.53 1 1
github.com/modu-ai/moai-adk/internal/cli/glm_task.go:318.53,321.3 1 1
github.com/modu-ai/moai-adk/internal/cli/glm_task.go:323.2,324.16 2 1
github.com/modu-ai/moai-adk/internal/cli/glm_task.go:324.16,326.3 1 0
github.com/modu-ai/moai-adk/internal/cli/glm_task.go:327.2,330.50 3 1
github.com/modu-ai/moai-adk/internal/cli/glm_task.go:330.50,332.3 1 1
github.com/modu-ai/moai-adk/internal/cli/glm_task.go:333.2,333.56 1 1
github.com/modu-ai/moai-adk/internal/cli/glm_task.go:333.56,335.3 1 1
github.com/modu-ai/moai-adk/internal/cli/glm_task.go:336.2,336.33 1 1
github.com/modu-ai/moai-adk/internal/cli/glm_tools.go:76.47,77.18 1 1
github.com/modu-ai/moai-adk/internal/cli/glm_tools.go:78.16,79.35 1 1
github.com/modu-ai/moai-adk/internal/cli/glm_tools.go:80.19,81.40 1 1
github.com/modu-ai/moai-adk/internal/cli/glm_tools.go:82.19,83.35 1 1
github.com/modu-ai/moai-adk/internal/cli/glm_tools.go:84.13,85.74 1 1
github.com/modu-ai/moai-adk/internal/cli/glm_tools.go:86.10,87.13 1 0
github.com/modu-ai/moai-adk/internal/cli/glm_tools.go:93.45,94.47 1 1
github.com/modu-ai/moai-adk/internal/cli/glm_tools.go:94.47,95.29 1 1
github.com/modu-ai/moai-adk/internal/cli/glm_tools.go:95.29,97.4 1 1
github.com/modu-ai/moai-adk/internal/cli/glm_tools.go:99.2,99.14 1 1
github.com/modu-ai/moai-adk/internal/cli/glm_tools.go:186.13,199.2 5 1
github.com/modu-ai/moai-adk/internal/cli/glm_tools.go:204.65,206.19 2 1
github.com/modu-ai/moai-adk/internal/cli/glm_tools.go:206.19,208.3 1 1
github.com/modu-ai/moai-adk/internal/cli/glm_tools.go:211.2,211.51 1 1
github.com/modu-ai/moai-adk/internal/cli/glm_tools.go:211.51,213.3 1 1
github.com/modu-ai/moai-adk/internal/cli/glm_tools.go:216.2,217.17 2 1
github.com/modu-ai/moai-adk/internal/cli/glm_tools.go:217.17,224.3 1 1
github.com/modu-ai/moai-adk/internal/cli/glm_tools.go:228.2,228.32 1 1
github.com/modu-ai/moai-adk/internal/cli/glm_tools.go:228.32,230.17 2 1
github.com/modu-ai/moai-adk/internal/cli/glm_tools.go:230.17,231.39 1 1
github.com/modu-ai/moai-adk/internal/cli/glm_tools.go:231.39,240.5 1 1
github.com/modu-ai/moai-adk/internal/cli/glm_tools.go:241.4,241.59 1 0
github.com/modu-ai/moai-adk/internal/cli/glm_tools.go:243.3,243.34 1 1
github.com/modu-ai/moai-adk/internal/cli/glm_tools.go:243.34,251.4 1 1
github.com/modu-ai/moai-adk/internal/cli/glm_tools.go:255.2,259.16 4 1
github.com/modu-ai/moai-adk/internal/cli/glm_tools.go:259.16,261.3 1 0
github.com/modu-ai/moai-adk/internal/cli/glm_tools.go:264.2,264.11 1 1
github.com/modu-ai/moai-adk/internal/cli/glm_tools.go:264.11,265.82 1 0
github.com/modu-ai/moai-adk/internal/cli/glm_tools.go:265.82,267.4 1 0
github.com/modu-ai/moai-adk/internal/cli/glm_tools.go:268.8,270.17 2 1
github.com/modu-ai/moai-adk/internal/cli/glm_tools.go:270.17,272.4 1 0
github.com/modu-ai/moai-adk/internal/cli/glm_tools.go:273.3,273.14 1 1
github.com/modu-ai/moai-adk/internal/cli/glm_tools.go:273.14,277.4 3 0
github.com/modu-ai/moai-adk/internal/cli/glm_tools.go:281.2,284.53 4 1
github.com/modu-ai/moai-adk/internal/cli/glm_tools.go:284.53,286.3 1 1
github.com/modu-ai/moai-adk/internal/cli/glm_tools.go:287.2,293.12 6 1
github.com/modu-ai/moai-adk/internal/cli/glm_tools.go:298.52,300.47 2 1
github.com/modu-ai/moai-adk/internal/cli/glm_tools.go:300.47,301.45 1 1
github.com/modu-ai/moai-adk/internal/cli/glm_tools.go:301.45,303.4 1 1
github.com/modu-ai/moai-adk/internal/cli/glm_tools.go:305.2,305.14 1 1
github.com/modu-ai/moai-adk/internal/cli/glm_tools.go:310.58,312.47 2 1
github.com/modu-ai/moai-adk/internal/cli/glm_tools.go:312.47,313.50 1 1
github.com/modu-ai/moai-adk/internal/cli/glm_tools.go:313.50,315.4 1 1
github.com/modu-ai/moai-adk/internal/cli/glm_tools.go:317.2,317.14 1 1
github.com/modu-ai/moai-adk/internal/cli/glm_tools.go:321.66,323.19 2 1
github.com/modu-ai/moai-adk/internal/cli/glm_tools.go:323.19,325.3 1 1
github.com/modu-ai/moai-adk/internal/cli/glm_tools.go:328.2,328.51 1 1
github.com/modu-ai/moai-adk/internal/cli/glm_tools.go:328.51,330.3 1 0
github.com/modu-ai/moai-adk/internal/cli/glm_tools.go:333.2,335.16 3 1
github.com/modu-ai/moai-adk/internal/cli/glm_tools.go:335.16,337.3 1 0
github.com/modu-ai/moai-adk/internal/cli/glm_tools.go:340.2,341.16 2 1
github.com/modu-ai/moai-adk/internal/cli/glm_tools.go:341.16,343.3 1 0
github.com/modu-ai/moai-adk/internal/cli/glm_tools.go:345.2,345.14 1 1
github.com/modu-ai/moai-adk/internal/cli/glm_tools.go:345.14,348.3 2 1
github.com/modu-ai/moai-adk/internal/cli/glm_tools.go:350.2,356.12 6 1
github.com/modu-ai/moai-adk/internal/cli/glm_tools.go:363.54,364.24 1 1
github.com/modu-ai/moai-adk/internal/cli/glm_tools.go:364.24,366.17 2 1
github.com/modu-ai/moai-adk/internal/cli/glm_tools.go:366.17,368.4 1 0
github.com/modu-ai/moai-adk/internal/cli/glm_tools.go:369.3,369.46 1 1
github.com/modu-ai/moai-adk/internal/cli/glm_tools.go:372.2,373.16 2 1
github.com/modu-ai/moai-adk/internal/cli/glm_tools.go:373.16,375.3 1 0
github.com/modu-ai/moai-adk/internal/cli/glm_tools.go:376.2,376.49 1 1
github.com/modu-ai/moai-adk/internal/cli/glm_tools.go:380.42,381.26 1 1
github.com/modu-ai/moai-adk/internal/cli/glm_tools.go:381.26,383.3 1 1
github.com/modu-ai/moai-adk/internal/cli/glm_tools.go:384.2,387.3 1 1
github.com/modu-ai/moai-adk/internal/cli/glm_tools.go:392.52,401.2 1 1
github.com/modu-ai/moai-adk/internal/cli/glm_tools.go:405.51,413.2 1 1
github.com/modu-ai/moai-adk/internal/cli/glm_tools.go:417.75,419.47 2 1
github.com/modu-ai/moai-adk/internal/cli/glm_tools.go:419.47,420.14 1 1
github.com/modu-ai/moai-adk/internal/cli/glm_tools.go:421.24,422.42 1 1
github.com/modu-ai/moai-adk/internal/cli/glm_tools.go:423.29,424.58 1 1
github.com/modu-ai/moai-adk/internal/cli/glm_tools.go:425.24,426.53 1 1
github.com/modu-ai/moai-adk/internal/cli/glm_tools.go:429.2,429.16 1 1
github.com/modu-ai/moai-adk/internal/cli/glm_tools.go:434.46,437.2 2 1
github.com/modu-ai/moai-adk/internal/cli/glm_tools.go:441.64,443.24 2 1
github.com/modu-ai/moai-adk/internal/cli/glm_tools.go:443.24,445.3 1 1
github.com/modu-ai/moai-adk/internal/cli/glm_tools.go:446.2,446.16 1 1
github.com/modu-ai/moai-adk/internal/cli/glm_tools.go:446.16,448.3 1 0
github.com/modu-ai/moai-adk/internal/cli/glm_tools.go:449.2,449.20 1 1
github.com/modu-ai/moai-adk/internal/cli/glm_tools.go:449.20,451.3 1 0
github.com/modu-ai/moai-adk/internal/cli/glm_tools.go:452.2,453.52 2 1
github.com/modu-ai/moai-adk/internal/cli/glm_tools.go:453.52,455.3 1 1
github.com/modu-ai/moai-adk/internal/cli/glm_tools.go:456.2,456.18 1 1
github.com/modu-ai/moai-adk/internal/cli/glm_tools.go:468.65,470.2 1 1
github.com/modu-ai/moai-adk/internal/cli/glm_tools.go:477.75,483.24 2 1
github.com/modu-ai/moai-adk/internal/cli/glm_tools.go:483.24,485.3 1 1
github.com/modu-ai/moai-adk/internal/cli/glm_tools.go:486.2,486.16 1 1
github.com/modu-ai/moai-adk/internal/cli/glm_tools.go:486.16,488.3 1 1
github.com/modu-ai/moai-adk/internal/cli/glm_tools.go:489.2,489.20 1 1
github.com/modu-ai/moai-adk/internal/cli/glm_tools.go:489.20,491.3 1 0
github.com/modu-ai/moai-adk/internal/cli/glm_tools.go:492.2,493.16 2 1
github.com/modu-ai/moai-adk/internal/cli/glm_tools.go:493.16,495.3 1 0
github.com/modu-ai/moai-adk/internal/cli/glm_tools.go:496.2,496.24 1 1
github.com/modu-ai/moai-adk/internal/cli/glm_tools.go:501.59,503.52 2 1
github.com/modu-ai/moai-adk/internal/cli/glm_tools.go:503.52,505.3 1 0
github.com/modu-ai/moai-adk/internal/cli/glm_tools.go:506.2,506.17 1 1
github.com/modu-ai/moai-adk/internal/cli/glm_tools.go:506.17,508.3 1 0
github.com/modu-ai/moai-adk/internal/cli/glm_tools.go:509.2,509.18 1 1
github.com/modu-ai/moai-adk/internal/cli/glm_tools.go:542.113,543.69 1 1
github.com/modu-ai/moai-adk/internal/cli/glm_tools.go:543.69,545.3 1 0
github.com/modu-ai/moai-adk/internal/cli/glm_tools.go:548.2,549.16 2 1
github.com/modu-ai/moai-adk/internal/cli/glm_tools.go:549.16,551.3 1 1
github.com/modu-ai/moai-adk/internal/cli/glm_tools.go:552.2,553.16 2 1
github.com/modu-ai/moai-adk/internal/cli/glm_tools.go:553.16,555.3 1 1
github.com/modu-ai/moai-adk/internal/cli/glm_tools.go:556.2,556.18 1 1
github.com/modu-ai/moai-adk/internal/cli/glm_tools.go:556.18,558.3 1 1
github.com/modu-ai/moai-adk/internal/cli/glm_tools.go:559.2,560.16 2 1
github.com/modu-ai/moai-adk/internal/cli/glm_tools.go:560.16,562.3 1 0
github.com/modu-ai/moai-adk/internal/cli/glm_tools.go:566.2,566.39 1 1
github.com/modu-ai/moai-adk/internal/cli/glm_tools.go:566.39,568.3 1 1
github.com/modu-ai/moai-adk/internal/cli/glm_tools.go:571.2,571.64 1 1
github.com/modu-ai/moai-adk/internal/cli/glm_tools.go:571.64,572.14 1 1
github.com/modu-ai/moai-adk/internal/cli/glm_tools.go:572.14,575.4 1 0
github.com/modu-ai/moai-adk/internal/cli/glm_tools.go:581.3,583.33 3 1
github.com/modu-ai/moai-adk/internal/cli/glm_tools.go:583.33,587.43 2 1
github.com/modu-ai/moai-adk/internal/cli/glm_tools.go:587.43,589.5 1 0
github.com/modu-ai/moai-adk/internal/cli/glm_tools.go:590.4,590.38 1 1
github.com/modu-ai/moai-adk/internal/cli/glm_tools.go:590.38,591.10 1 1
github.com/modu-ai/moai-adk/internal/cli/glm_tools.go:593.4,593.44 1 1
github.com/modu-ai/moai-adk/internal/cli/glm_tools.go:593.44,597.10 2 0
github.com/modu-ai/moai-adk/internal/cli/glm_tools.go:600.4,601.19 2 1
github.com/modu-ai/moai-adk/internal/cli/glm_tools.go:601.19,603.5 1 0
github.com/modu-ai/moai-adk/internal/cli/glm_tools.go:604.4,605.19 2 1
github.com/modu-ai/moai-adk/internal/cli/glm_tools.go:605.19,607.5 1 0
github.com/modu-ai/moai-adk/internal/cli/glm_tools.go:608.4,608.21 1 1
github.com/modu-ai/moai-adk/internal/cli/glm_tools.go:608.21,610.5 1 0
github.com/modu-ai/moai-adk/internal/cli/glm_tools.go:611.4,612.19 2 1
github.com/modu-ai/moai-adk/internal/cli/glm_tools.go:612.19,614.5 1 0
github.com/modu-ai/moai-adk/internal/cli/glm_tools.go:615.4,617.41 3 1
github.com/modu-ai/moai-adk/internal/cli/glm_tools.go:621.3,621.54 1 1
github.com/modu-ai/moai-adk/internal/cli/glm_tools.go:621.54,623.4 1 0
github.com/modu-ai/moai-adk/internal/cli/glm_tools.go:624.3,624.54 1 1
github.com/modu-ai/moai-adk/internal/cli/glm_tools.go:635.78,638.16 3 1
github.com/modu-ai/moai-adk/internal/cli/glm_tools.go:638.16,642.3 2 0
github.com/modu-ai/moai-adk/internal/cli/glm_tools.go:643.2,643.15 1 1
github.com/modu-ai/moai-adk/internal/cli/glm_tools.go:643.15,643.36 1 1
github.com/modu-ai/moai-adk/internal/cli/glm_tools.go:645.2,645.45 1 1
github.com/modu-ai/moai-adk/internal/cli/glm_tools.go:645.45,649.3 2 0
github.com/modu-ai/moai-adk/internal/cli/glm_tools.go:650.2,650.15 1 1
github.com/modu-ai/moai-adk/internal/cli/glm_tools.go:650.15,650.45 1 1
github.com/modu-ai/moai-adk/internal/cli/glm_tools.go:651.2,651.17 1 1
github.com/modu-ai/moai-adk/internal/cli/glm_tools.go:656.48,658.24 2 1
github.com/modu-ai/moai-adk/internal/cli/glm_tools.go:658.24,660.3 1 1
github.com/modu-ai/moai-adk/internal/cli/glm_tools.go:661.2,661.16 1 1
github.com/modu-ai/moai-adk/internal/cli/glm_tools.go:661.16,663.3 1 0
github.com/modu-ai/moai-adk/internal/cli/glm_tools.go:665.2,668.62 3 1
github.com/modu-ai/moai-adk/internal/cli/glm_tools.go:668.62,670.3 1 0
github.com/modu-ai/moai-adk/internal/cli/glm_tools.go:671.2,671.12 1 1
github.com/modu-ai/moai-adk/internal/cli/glm_tools.go:680.64,682.2 1 1
github.com/modu-ai/moai-adk/internal/cli/glm_tools.go:695.74,697.2 1 1
github.com/modu-ai/moai-adk/internal/cli/glm_tools.go:708.76,710.2 1 1
github.com/modu-ai/moai-adk/internal/cli/glm_tools.go:714.84,715.17 1 1
github.com/modu-ai/moai-adk/internal/cli/glm_tools.go:715.17,720.3 1 1
github.com/modu-ai/moai-adk/internal/cli/glm_tools.go:722.2,724.84 2 1
github.com/modu-ai/moai-adk/internal/cli/glm_tools.go:724.84,729.58 2 1
github.com/modu-ai/moai-adk/internal/cli/glm_tools.go:729.58,730.72 1 1
github.com/modu-ai/moai-adk/internal/cli/glm_tools.go:730.72,732.31 2 1
github.com/modu-ai/moai-adk/internal/cli/glm_tools.go:732.31,741.6 1 1
github.com/modu-ai/moai-adk/internal/cli/glm_tools.go:746.3,746.35 1 1
github.com/modu-ai/moai-adk/internal/cli/glm_tools.go:746.35,748.4 1 1
github.com/modu-ai/moai-adk/internal/cli/glm_tools.go:749.3,750.19 2 1
github.com/modu-ai/moai-adk/internal/cli/glm_tools.go:756.79,758.2 1 1
github.com/modu-ai/moai-adk/internal/cli/glm_tools.go:771.89,772.17 1 1
github.com/modu-ai/moai-adk/internal/cli/glm_tools.go:772.17,777.3 1 0
github.com/modu-ai/moai-adk/internal/cli/glm_tools.go:779.2,782.84 3 1
github.com/modu-ai/moai-adk/internal/cli/glm_tools.go:782.84,786.48 2 1
github.com/modu-ai/moai-adk/internal/cli/glm_tools.go:786.48,787.72 1 1
github.com/modu-ai/moai-adk/internal/cli/glm_tools.go:787.72,788.49 1 1
github.com/modu-ai/moai-adk/internal/cli/glm_tools.go:788.49,793.6 1 1
github.com/modu-ai/moai-adk/internal/cli/glm_tools.go:798.3,799.35 2 1
github.com/modu-ai/moai-adk/internal/cli/glm_tools.go:799.35,801.46 2 1
github.com/modu-ai/moai-adk/internal/cli/glm_tools.go:801.46,803.10 2 1
github.com/modu-ai/moai-adk/internal/cli/glm_tools.go:807.3,807.18 1 1
github.com/modu-ai/moai-adk/internal/cli/glm_tools.go:807.18,811.4 2 1
github.com/modu-ai/moai-adk/internal/cli/glm_tools.go:814.3,814.35 1 1
github.com/modu-ai/moai-adk/internal/cli/glm_tools.go:814.35,816.4 1 1
github.com/modu-ai/moai-adk/internal/cli/glm_tools.go:817.3,819.19 3 1
github.com/modu-ai/moai-adk/internal/cli/glm_tools.go:822.2,822.21 1 1
github.com/modu-ai/moai-adk/internal/cli/glm_tools.go:828.28,829.48 1 1
github.com/modu-ai/moai-adk/internal/cli/glm_tools.go:829.48,831.3 1 1
github.com/modu-ai/moai-adk/internal/cli/glm_tools.go:833.2,834.17 2 1
github.com/modu-ai/moai-adk/internal/cli/glm_tools.go:834.17,836.3 1 1
github.com/modu-ai/moai-adk/internal/cli/glm_tools.go:838.2,839.16 2 1
github.com/modu-ai/moai-adk/internal/cli/glm_tools.go:839.16,842.3 2 0
github.com/modu-ai/moai-adk/internal/cli/glm_tools.go:844.2,845.16 2 1
github.com/modu-ai/moai-adk/internal/cli/glm_tools.go:845.16,850.3 4 0
github.com/modu-ai/moai-adk/internal/cli/glm_tools.go:852.2,852.14 1 1
github.com/modu-ai/moai-adk/internal/cli/glm_tools.go:852.14,855.3 2 1
github.com/modu-ai/moai-adk/internal/cli/glm_tools.go:859.71,861.2 1 1
github.com/modu-ai/moai-adk/internal/cli/glm_tools.go:868.60,870.2 1 1
github.com/modu-ai/moai-adk/internal/cli/glm_tools.go:875.73,877.16 2 1
github.com/modu-ai/moai-adk/internal/cli/glm_tools.go:877.16,879.3 1 0
github.com/modu-ai/moai-adk/internal/cli/glm_tools.go:881.2,885.47 3 1
github.com/modu-ai/moai-adk/internal/cli/glm_tools.go:885.47,886.35 1 1
github.com/modu-ai/moai-adk/internal/cli/glm_tools.go:886.35,888.4 1 1
github.com/modu-ai/moai-adk/internal/cli/glm_tools.go:891.2,891.23 1 1
github.com/modu-ai/moai-adk/internal/cli/glm_tools.go:891.23,894.3 1 1
github.com/modu-ai/moai-adk/internal/cli/glm_tools.go:897.2,897.53 1 1
github.com/modu-ai/moai-adk/internal/cli/glm_tools.go:897.53,899.3 1 0
github.com/modu-ai/moai-adk/internal/cli/glm_tools.go:901.2,901.30 1 1
github.com/modu-ai/moai-adk/internal/cli/glm_tools.go:901.30,903.3 1 1
github.com/modu-ai/moai-adk/internal/cli/glm_tools.go:904.2,907.16 3 1
github.com/modu-ai/moai-adk/internal/cli/glm_tools.go:907.16,909.3 1 0
github.com/modu-ai/moai-adk/internal/cli/glm_tools.go:910.2,910.58 1 1
github.com/modu-ai/moai-adk/internal/cli/glm_tools.go:916.46,918.16 2 1
github.com/modu-ai/moai-adk/internal/cli/glm_tools.go:918.16,920.3 1 0
github.com/modu-ai/moai-adk/internal/cli/glm_tools.go:921.2,922.16 2 1
github.com/modu-ai/moai-adk/internal/cli/glm_tools.go:922.16,924.3 1 0
github.com/modu-ai/moai-adk/internal/cli/glm_tools.go:925.2,925.33 1 1
github.com/modu-ai/moai-adk/internal/cli/glm_tools.go:930.37,931.23 1 1
github.com/modu-ai/moai-adk/internal/cli/glm_tools.go:932.22,934.25 2 1
github.com/modu-ai/moai-adk/internal/cli/glm_tools.go:934.25,936.4 1 1
github.com/modu-ai/moai-adk/internal/cli/glm_tools.go:937.3,937.13 1 1
github.com/modu-ai/moai-adk/internal/cli/glm_tools.go:938.25,940.25 2 1
github.com/modu-ai/moai-adk/internal/cli/glm_tools.go:940.25,942.4 1 1
github.com/modu-ai/moai-adk/internal/cli/glm_tools.go:943.3,943.13 1 1
github.com/modu-ai/moai-adk/internal/cli/glm_tools.go:944.13,946.25 2 1
github.com/modu-ai/moai-adk/internal/cli/glm_tools.go:946.25,948.4 1 1
github.com/modu-ai/moai-adk/internal/cli/glm_tools.go:949.3,949.13 1 1
github.com/modu-ai/moai-adk/internal/cli/glm_tools.go:950.16,952.25 2 1
github.com/modu-ai/moai-adk/internal/cli/glm_tools.go:952.25,954.4 1 1
github.com/modu-ai/moai-adk/internal/cli/glm_tools.go:955.3,955.13 1 1
github.com/modu-ai/moai-adk/internal/cli/glm_tools.go:956.10,957.11 1 1
github.com/modu-ai/moai-adk/internal/cli/glm_tools.go:965.56,966.61 1 1
github.com/modu-ai/moai-adk/internal/cli/glm_tools.go:966.61,968.3 1 1
github.com/modu-ai/moai-adk/internal/cli/glm_tools.go:969.2,971.10 3 1
github.com/modu-ai/moai-adk/internal/cli/glm_tools.go:975.57,977.9 2 1
github.com/modu-ai/moai-adk/internal/cli/glm_tools.go:977.9,979.3 1 1
github.com/modu-ai/moai-adk/internal/cli/glm_tools.go:980.2,980.30 1 1
github.com/modu-ai/moai-adk/internal/cli/glm_tools.go:981.22,982.48 1 1
github.com/modu-ai/moai-adk/internal/cli/glm_tools.go:982.48,984.4 1 1
github.com/modu-ai/moai-adk/internal/cli/glm_tools.go:985.25,986.29 1 1
github.com/modu-ai/moai-adk/internal/cli/glm_tools.go:988.2,988.11 1 0
github.com/modu-ai/moai-adk/internal/cli/glm_tools.go:992.39,993.21 1 1
github.com/modu-ai/moai-adk/internal/cli/glm_tools.go:993.21,995.3 1 1
github.com/modu-ai/moai-adk/internal/cli/glm_tools.go:996.2,996.27 1 1
github.com/modu-ai/moai-adk/internal/cli/glm_tools.go:1003.31,1005.16 2 1
github.com/modu-ai/moai-adk/internal/cli/glm_tools.go:1005.16,1006.38 1 1
github.com/modu-ai/moai-adk/internal/cli/glm_tools.go:1006.38,1013.4 1 1
github.com/modu-ai/moai-adk/internal/cli/glm_tools.go:1014.3,1014.58 1 0
github.com/modu-ai/moai-adk/internal/cli/glm_tools.go:1016.2,1016.33 1 1
github.com/modu-ai/moai-adk/internal/cli/glm_tools.go:1016.33,1022.3 1 1
github.com/modu-ai/moai-adk/internal/cli/glm_tools.go:1023.2,1023.12 1 0
github.com/modu-ai/moai-adk/internal/cli/glm_tools.go:1028.47,1030.16 2 1
github.com/modu-ai/moai-adk/internal/cli/glm_tools.go:1030.16,1032.3 1 0
github.com/modu-ai/moai-adk/internal/cli/glm_tools.go:1033.2,1036.16 3 1
github.com/modu-ai/moai-adk/internal/cli/glm_tools.go:1036.16,1040.3 1 0
github.com/modu-ai/moai-adk/internal/cli/glm_tools.go:1042.2,1044.16 3 1
github.com/modu-ai/moai-adk/internal/cli/glm_tools.go:1044.16,1046.3 1 0
github.com/modu-ai/moai-adk/internal/cli/glm_tools.go:1048.2,1048.31 1 1
github.com/modu-ai/moai-adk/internal/cli/glm_tools.go:1052.57,1055.39 3 1
github.com/modu-ai/moai-adk/internal/cli/glm_tools.go:1055.39,1057.3 1 0
github.com/modu-ai/moai-adk/internal/cli/glm_tools.go:1058.2,1059.16 2 1
github.com/modu-ai/moai-adk/internal/cli/glm_tools.go:1059.16,1061.3 1 0
github.com/modu-ai/moai-adk/internal/cli/glm_tools.go:1062.2,1062.19 1 1
github.com/modu-ai/moai-adk/internal/cli/goal.go:51.46,54.51 3 1
github.com/modu-ai/moai-adk/internal/cli/goal.go:54.51,55.40 1 1
github.com/modu-ai/moai-adk/internal/cli/goal.go:55.40,57.4 1 1
github.com/modu-ai/moai-adk/internal/cli/goal.go:59.2,61.61 3 1
github.com/modu-ai/moai-adk/internal/cli/goal.go:61.61,64.3 2 1
github.com/modu-ai/moai-adk/internal/cli/goal.go:65.2,65.85 1 1
github.com/modu-ai/moai-adk/internal/cli/goal.go:76.34,102.53 4 1
github.com/modu-ai/moai-adk/internal/cli/goal.go:102.53,104.22 1 1
github.com/modu-ai/moai-adk/internal/cli/goal.go:104.22,106.5 1 1
github.com/modu-ai/moai-adk/internal/cli/goal.go:107.4,107.55 1 1
github.com/modu-ai/moai-adk/internal/cli/goal.go:110.2,126.53 6 1
github.com/modu-ai/moai-adk/internal/cli/goal.go:126.53,128.4 1 1
github.com/modu-ai/moai-adk/internal/cli/goal.go:130.2,135.50 1 1
github.com/modu-ai/moai-adk/internal/cli/goal.go:135.50,137.4 1 1
github.com/modu-ai/moai-adk/internal/cli/goal.go:139.2,146.50 2 1
github.com/modu-ai/moai-adk/internal/cli/goal.go:146.50,148.4 1 1
github.com/modu-ai/moai-adk/internal/cli/goal.go:156.2,161.50 1 1
github.com/modu-ai/moai-adk/internal/cli/goal.go:161.50,163.4 1 1
github.com/modu-ai/moai-adk/internal/cli/goal.go:166.2,167.12 2 1
github.com/modu-ai/moai-adk/internal/cli/goal.go:173.31,175.2 1 1
github.com/modu-ai/moai-adk/internal/cli/goal.go:184.64,185.23 1 1
github.com/modu-ai/moai-adk/internal/cli/goal.go:185.23,187.3 1 1
github.com/modu-ai/moai-adk/internal/cli/goal.go:188.2,188.55 1 1
github.com/modu-ai/moai-adk/internal/cli/goal.go:188.55,193.45 1 1
github.com/modu-ai/moai-adk/internal/cli/goal.go:193.45,195.4 1 1
github.com/modu-ai/moai-adk/internal/cli/goal.go:210.3,210.58 1 1
github.com/modu-ai/moai-adk/internal/cli/goal.go:210.58,211.65 1 1
github.com/modu-ai/moai-adk/internal/cli/goal.go:211.65,213.31 2 1
github.com/modu-ai/moai-adk/internal/cli/goal.go:213.31,214.29 1 1
github.com/modu-ai/moai-adk/internal/cli/goal.go:214.29,216.7 1 1
github.com/modu-ai/moai-adk/internal/cli/goal.go:218.5,218.21 1 1
github.com/modu-ai/moai-adk/internal/cli/goal.go:218.21,225.6 1 1
github.com/modu-ai/moai-adk/internal/cli/goal.go:228.3,228.18 1 1
github.com/modu-ai/moai-adk/internal/cli/goal.go:230.2,235.50 2 1
github.com/modu-ai/moai-adk/internal/cli/goal.go:241.49,242.23 1 1
github.com/modu-ai/moai-adk/internal/cli/goal.go:242.23,244.3 1 1
github.com/modu-ai/moai-adk/internal/cli/goal.go:245.2,245.50 1 1
github.com/modu-ai/moai-adk/internal/cli/goal.go:245.50,247.3 1 1
github.com/modu-ai/moai-adk/internal/cli/goal.go:248.2,248.28 1 0
github.com/modu-ai/moai-adk/internal/cli/goal.go:251.95,253.16 2 1
github.com/modu-ai/moai-adk/internal/cli/goal.go:253.16,255.3 1 0
github.com/modu-ai/moai-adk/internal/cli/goal.go:256.2,257.25 2 1
github.com/modu-ai/moai-adk/internal/cli/goal.go:257.25,259.3 1 0
github.com/modu-ai/moai-adk/internal/cli/goal.go:264.2,268.25 5 1
github.com/modu-ai/moai-adk/internal/cli/goal.go:268.25,270.27 1 1
github.com/modu-ai/moai-adk/internal/cli/goal.go:270.27,273.4 2 1
github.com/modu-ai/moai-adk/internal/cli/goal.go:285.2,285.39 1 1
github.com/modu-ai/moai-adk/internal/cli/goal.go:285.39,292.3 2 1
github.com/modu-ai/moai-adk/internal/cli/goal.go:294.2,295.16 2 1
github.com/modu-ai/moai-adk/internal/cli/goal.go:295.16,297.3 1 1
github.com/modu-ai/moai-adk/internal/cli/goal.go:299.2,301.19 3 1
github.com/modu-ai/moai-adk/internal/cli/goal.go:301.19,303.3 1 1
github.com/modu-ai/moai-adk/internal/cli/goal.go:304.2,307.47 4 1
github.com/modu-ai/moai-adk/internal/cli/goal.go:307.47,309.3 1 0
github.com/modu-ai/moai-adk/internal/cli/goal.go:311.2,311.16 1 1
github.com/modu-ai/moai-adk/internal/cli/goal.go:311.16,319.3 1 1
github.com/modu-ai/moai-adk/internal/cli/goal.go:320.2,323.12 2 1
github.com/modu-ai/moai-adk/internal/cli/goal.go:326.92,328.16 2 1
github.com/modu-ai/moai-adk/internal/cli/goal.go:328.16,330.3 1 0
github.com/modu-ai/moai-adk/internal/cli/goal.go:331.2,331.13 1 1
github.com/modu-ai/moai-adk/internal/cli/goal.go:331.13,333.3 1 1
github.com/modu-ai/moai-adk/internal/cli/goal.go:335.2,337.16 3 1
github.com/modu-ai/moai-adk/internal/cli/goal.go:337.16,339.3 1 0
github.com/modu-ai/moai-adk/internal/cli/goal.go:340.2,340.14 1 1
github.com/modu-ai/moai-adk/internal/cli/goal.go:340.14,341.17 1 1
github.com/modu-ai/moai-adk/internal/cli/goal.go:341.17,343.4 1 0
github.com/modu-ai/moai-adk/internal/cli/goal.go:344.3,345.13 2 1
github.com/modu-ai/moai-adk/internal/cli/goal.go:347.2,347.16 1 1
github.com/modu-ai/moai-adk/internal/cli/goal.go:347.16,349.24 2 1
github.com/modu-ai/moai-adk/internal/cli/goal.go:349.24,351.4 1 0
github.com/modu-ai/moai-adk/internal/cli/goal.go:352.3,353.13 2 1
github.com/modu-ai/moai-adk/internal/cli/goal.go:355.2,356.12 2 1
github.com/modu-ai/moai-adk/internal/cli/goal.go:359.79,362.16 3 1
github.com/modu-ai/moai-adk/internal/cli/goal.go:362.16,363.25 1 1
github.com/modu-ai/moai-adk/internal/cli/goal.go:363.25,366.4 2 1
github.com/modu-ai/moai-adk/internal/cli/goal.go:367.3,367.50 1 0
github.com/modu-ai/moai-adk/internal/cli/goal.go:369.2,370.28 2 1
github.com/modu-ai/moai-adk/internal/cli/goal.go:370.28,371.57 1 1
github.com/modu-ai/moai-adk/internal/cli/goal.go:371.57,372.12 1 0
github.com/modu-ai/moai-adk/internal/cli/goal.go:374.3,376.33 3 1
github.com/modu-ai/moai-adk/internal/cli/goal.go:376.33,377.12 1 0
github.com/modu-ai/moai-adk/internal/cli/goal.go:379.3,379.27 1 1
github.com/modu-ai/moai-adk/internal/cli/goal.go:381.2,381.16 1 1
github.com/modu-ai/moai-adk/internal/cli/goal.go:381.16,383.24 2 1
github.com/modu-ai/moai-adk/internal/cli/goal.go:383.24,385.4 1 0
github.com/modu-ai/moai-adk/internal/cli/goal.go:386.3,387.13 2 1
github.com/modu-ai/moai-adk/internal/cli/goal.go:389.2,389.21 1 1
github.com/modu-ai/moai-adk/internal/cli/goal.go:389.21,392.3 2 0
github.com/modu-ai/moai-adk/internal/cli/goal.go:393.2,393.26 1 1
github.com/modu-ai/moai-adk/internal/cli/goal.go:393.26,395.3 1 1
github.com/modu-ai/moai-adk/internal/cli/goal.go:396.2,396.12 1 1
github.com/modu-ai/moai-adk/internal/cli/goal.go:399.82,401.16 2 1
github.com/modu-ai/moai-adk/internal/cli/goal.go:401.16,403.3 1 0
github.com/modu-ai/moai-adk/internal/cli/goal.go:404.2,407.54 3 1
github.com/modu-ai/moai-adk/internal/cli/goal.go:407.54,409.3 1 1
github.com/modu-ai/moai-adk/internal/cli/goal.go:410.2,410.56 1 1
github.com/modu-ai/moai-adk/internal/cli/goal.go:410.56,412.3 1 0
github.com/modu-ai/moai-adk/internal/cli/goal.go:413.2,413.16 1 1
github.com/modu-ai/moai-adk/internal/cli/goal.go:413.16,415.3 1 1
github.com/modu-ai/moai-adk/internal/cli/goal.go:416.2,416.13 1 1
github.com/modu-ai/moai-adk/internal/cli/goal.go:416.13,418.3 1 1
github.com/modu-ai/moai-adk/internal/cli/goal.go:418.8,420.3 1 0
github.com/modu-ai/moai-adk/internal/cli/goal.go:421.2,421.12 1 1
github.com/modu-ai/moai-adk/internal/cli/goal.go:425.55,433.33 8 1
github.com/modu-ai/moai-adk/internal/cli/goal.go:433.33,434.41 1 1
github.com/modu-ai/moai-adk/internal/cli/goal.go:434.41,436.4 1 1
github.com/modu-ai/moai-adk/internal/cli/goal.go:436.9,438.4 1 0
github.com/modu-ai/moai-adk/internal/cli/goal.go:440.2,440.25 1 1
github.com/modu-ai/moai-adk/internal/cli/goal.go:440.25,442.3 1 0
github.com/modu-ai/moai-adk/internal/cli/goal.go:450.83,452.16 2 1
github.com/modu-ai/moai-adk/internal/cli/goal.go:452.16,454.3 1 0
github.com/modu-ai/moai-adk/internal/cli/goal.go:455.2,457.16 3 1
github.com/modu-ai/moai-adk/internal/cli/goal.go:457.16,459.3 1 0
github.com/modu-ai/moai-adk/internal/cli/goal.go:460.2,460.14 1 1
github.com/modu-ai/moai-adk/internal/cli/goal.go:460.14,465.3 2 1
github.com/modu-ai/moai-adk/internal/cli/goal.go:473.2,480.16 4 1
github.com/modu-ai/moai-adk/internal/cli/goal.go:480.16,482.3 1 0
github.com/modu-ai/moai-adk/internal/cli/goal.go:483.2,484.67 2 1
github.com/modu-ai/moai-adk/internal/cli/goal.go:484.67,486.3 1 0
github.com/modu-ai/moai-adk/internal/cli/goal.go:487.2,487.59 1 1
github.com/modu-ai/moai-adk/internal/cli/goal.go:487.59,489.3 1 0
github.com/modu-ai/moai-adk/internal/cli/goal.go:491.2,491.16 1 1
github.com/modu-ai/moai-adk/internal/cli/goal.go:491.16,498.3 1 1
github.com/modu-ai/moai-adk/internal/cli/goal.go:499.2,501.12 2 1
github.com/modu-ai/moai-adk/internal/cli/goal.go:504.13,508.2 1 1
github.com/modu-ai/moai-adk/internal/cli/goal.go:520.67,522.55 2 1
github.com/modu-ai/moai-adk/internal/cli/goal.go:522.55,524.3 1 1
github.com/modu-ai/moai-adk/internal/cli/goal.go:525.2,533.24 3 1
github.com/modu-ai/moai-adk/internal/cli/goal.go:533.24,535.3 1 1
github.com/modu-ai/moai-adk/internal/cli/goal.go:536.2,536.11 1 1
github.com/modu-ai/moai-adk/internal/cli/goal.go:543.80,546.16 3 1
github.com/modu-ai/moai-adk/internal/cli/goal.go:546.16,548.3 1 0
github.com/modu-ai/moai-adk/internal/cli/goal.go:549.2,549.28 1 1
github.com/modu-ai/moai-adk/internal/cli/goal.go:549.28,550.16 1 1
github.com/modu-ai/moai-adk/internal/cli/goal.go:550.16,551.12 1 0
github.com/modu-ai/moai-adk/internal/cli/goal.go:553.3,554.40 2 1
github.com/modu-ai/moai-adk/internal/cli/goal.go:554.40,555.12 1 0
github.com/modu-ai/moai-adk/internal/cli/goal.go:557.3,558.29 2 1
github.com/modu-ai/moai-adk/internal/cli/goal.go:558.29,559.12 1 1
github.com/modu-ai/moai-adk/internal/cli/goal.go:561.3,562.29 2 1
github.com/modu-ai/moai-adk/internal/cli/goal.go:562.29,563.12 1 0
github.com/modu-ai/moai-adk/internal/cli/goal.go:565.3,565.34 1 1
github.com/modu-ai/moai-adk/internal/cli/goal.go:565.34,567.4 1 1
github.com/modu-ai/moai-adk/internal/cli/goal.go:569.2,569.11 1 1
github.com/modu-ai/moai-adk/internal/cli/graph.go:24.35,30.55 1 1
github.com/modu-ai/moai-adk/internal/cli/graph.go:30.55,32.4 1 0
github.com/modu-ai/moai-adk/internal/cli/graph.go:34.2,38.12 5 1
github.com/modu-ai/moai-adk/internal/cli/graph.go:63.55,65.16 2 1
github.com/modu-ai/moai-adk/internal/cli/graph.go:65.16,67.3 1 1
github.com/modu-ai/moai-adk/internal/cli/graph.go:68.2,69.31 2 1
github.com/modu-ai/moai-adk/internal/cli/graph.go:69.31,70.85 1 1
github.com/modu-ai/moai-adk/internal/cli/graph.go:70.85,72.4 1 1
github.com/modu-ai/moai-adk/internal/cli/graph.go:74.2,74.19 1 1
github.com/modu-ai/moai-adk/internal/cli/graph.go:81.40,111.55 4 1
github.com/modu-ai/moai-adk/internal/cli/graph.go:111.55,113.104 2 1
github.com/modu-ai/moai-adk/internal/cli/graph.go:113.104,114.11 1 1
github.com/modu-ai/moai-adk/internal/cli/graph.go:114.11,116.6 1 1
github.com/modu-ai/moai-adk/internal/cli/graph.go:118.4,118.22 1 1
github.com/modu-ai/moai-adk/internal/cli/graph.go:118.22,120.5 1 1
github.com/modu-ai/moai-adk/internal/cli/graph.go:122.4,123.18 2 1
github.com/modu-ai/moai-adk/internal/cli/graph.go:123.18,125.5 1 0
github.com/modu-ai/moai-adk/internal/cli/graph.go:127.4,128.23 2 1
github.com/modu-ai/moai-adk/internal/cli/graph.go:128.23,130.5 1 1
github.com/modu-ai/moai-adk/internal/cli/graph.go:130.10,130.68 1 0
github.com/modu-ai/moai-adk/internal/cli/graph.go:130.68,132.5 1 0
github.com/modu-ai/moai-adk/internal/cli/graph.go:133.4,136.38 2 1
github.com/modu-ai/moai-adk/internal/cli/graph.go:136.38,138.5 1 1
github.com/modu-ai/moai-adk/internal/cli/graph.go:139.4,139.18 1 1
github.com/modu-ai/moai-adk/internal/cli/graph.go:139.18,141.5 1 0
github.com/modu-ai/moai-adk/internal/cli/graph.go:152.4,152.129 1 1
github.com/modu-ai/moai-adk/internal/cli/graph.go:152.129,153.81 1 1
github.com/modu-ai/moai-adk/internal/cli/graph.go:153.81,155.6 1 0
github.com/modu-ai/moai-adk/internal/cli/graph.go:155.11,155.82 1 1
github.com/modu-ai/moai-adk/internal/cli/graph.go:155.82,159.6 1 1
github.com/modu-ai/moai-adk/internal/cli/graph.go:160.5,161.19 2 1
github.com/modu-ai/moai-adk/internal/cli/graph.go:161.19,163.6 1 0
github.com/modu-ai/moai-adk/internal/cli/graph.go:167.4,167.101 1 1
github.com/modu-ai/moai-adk/internal/cli/graph.go:167.101,169.5 1 1
github.com/modu-ai/moai-adk/internal/cli/graph.go:171.4,172.11 2 1
github.com/modu-ai/moai-adk/internal/cli/graph.go:173.27,176.27 3 1
github.com/modu-ai/moai-adk/internal/cli/graph.go:176.27,178.6 1 1
github.com/modu-ai/moai-adk/internal/cli/graph.go:179.25,182.27 3 1
github.com/modu-ai/moai-adk/internal/cli/graph.go:182.27,184.6 1 1
github.com/modu-ai/moai-adk/internal/cli/graph.go:185.15,188.28 3 1
github.com/modu-ai/moai-adk/internal/cli/graph.go:188.28,190.6 1 1
github.com/modu-ai/moai-adk/internal/cli/graph.go:191.21,193.19 2 1
github.com/modu-ai/moai-adk/internal/cli/graph.go:193.19,195.6 1 0
github.com/modu-ai/moai-adk/internal/cli/graph.go:196.5,197.26 2 1
github.com/modu-ai/moai-adk/internal/cli/graph.go:197.26,199.6 1 1
github.com/modu-ai/moai-adk/internal/cli/graph.go:200.5,204.28 4 1
github.com/modu-ai/moai-adk/internal/cli/graph.go:204.28,206.6 1 1
github.com/modu-ai/moai-adk/internal/cli/graph.go:207.5,207.53 1 1
github.com/modu-ai/moai-adk/internal/cli/graph.go:208.26,213.30 4 1
github.com/modu-ai/moai-adk/internal/cli/graph.go:213.30,214.27 1 1
github.com/modu-ai/moai-adk/internal/cli/graph.go:214.27,217.15 3 1
github.com/modu-ai/moai-adk/internal/cli/graph.go:219.6,220.35 2 1
github.com/modu-ai/moai-adk/internal/cli/graph.go:220.35,221.33 1 1
github.com/modu-ai/moai-adk/internal/cli/graph.go:221.33,223.8 1 1
github.com/modu-ai/moai-adk/internal/cli/graph.go:225.6,225.26 1 1
github.com/modu-ai/moai-adk/internal/cli/graph.go:225.26,229.7 2 1
github.com/modu-ai/moai-adk/internal/cli/graph.go:231.5,232.25 2 1
github.com/modu-ai/moai-adk/internal/cli/graph.go:232.25,234.6 1 0
github.com/modu-ai/moai-adk/internal/cli/graph.go:235.5,235.17 1 1
github.com/modu-ai/moai-adk/internal/cli/graph.go:235.17,237.6 1 1
github.com/modu-ai/moai-adk/internal/cli/graph.go:238.5,238.52 1 1
github.com/modu-ai/moai-adk/internal/cli/graph.go:240.4,240.14 1 1
github.com/modu-ai/moai-adk/internal/cli/graph.go:244.2,253.12 9 1
github.com/modu-ai/moai-adk/internal/cli/graph.go:259.40,286.55 4 1
github.com/modu-ai/moai-adk/internal/cli/graph.go:286.55,288.18 2 1
github.com/modu-ai/moai-adk/internal/cli/graph.go:288.18,290.5 1 0
github.com/modu-ai/moai-adk/internal/cli/graph.go:292.4,293.24 2 1
github.com/modu-ai/moai-adk/internal/cli/graph.go:293.24,295.5 1 0
github.com/modu-ai/moai-adk/internal/cli/graph.go:296.4,297.18 2 1
github.com/modu-ai/moai-adk/internal/cli/graph.go:297.18,299.5 1 0
github.com/modu-ai/moai-adk/internal/cli/graph.go:301.4,302.20 2 1
github.com/modu-ai/moai-adk/internal/cli/graph.go:302.20,304.5 1 1
github.com/modu-ai/moai-adk/internal/cli/graph.go:304.10,306.22 2 1
github.com/modu-ai/moai-adk/internal/cli/graph.go:306.22,308.6 1 0
github.com/modu-ai/moai-adk/internal/cli/graph.go:309.5,309.17 1 1
github.com/modu-ai/moai-adk/internal/cli/graph.go:311.4,311.58 1 1
github.com/modu-ai/moai-adk/internal/cli/graph.go:311.58,313.5 1 0
github.com/modu-ai/moai-adk/internal/cli/graph.go:317.4,318.129 2 1
github.com/modu-ai/moai-adk/internal/cli/graph.go:318.129,320.5 1 0
github.com/modu-ai/moai-adk/internal/cli/graph.go:322.4,324.28 3 1
github.com/modu-ai/moai-adk/internal/cli/graph.go:324.28,326.5 1 1
github.com/modu-ai/moai-adk/internal/cli/graph.go:327.4,328.187 2 1
github.com/modu-ai/moai-adk/internal/cli/graph.go:328.187,329.33 1 1
github.com/modu-ai/moai-adk/internal/cli/graph.go:329.33,331.6 1 1
github.com/modu-ai/moai-adk/internal/cli/graph.go:334.4,334.61 1 1
github.com/modu-ai/moai-adk/internal/cli/graph.go:334.61,336.5 1 0
github.com/modu-ai/moai-adk/internal/cli/graph.go:337.4,337.14 1 1
github.com/modu-ai/moai-adk/internal/cli/graph.go:341.2,346.12 4 1
github.com/modu-ai/moai-adk/internal/cli/graph.go:351.55,352.19 1 1
github.com/modu-ai/moai-adk/internal/cli/graph.go:352.19,354.17 2 0
github.com/modu-ai/moai-adk/internal/cli/graph.go:354.17,356.4 1 0
github.com/modu-ai/moai-adk/internal/cli/graph.go:357.3,357.19 1 0
github.com/modu-ai/moai-adk/internal/cli/graph.go:359.2,360.16 2 1
github.com/modu-ai/moai-adk/internal/cli/graph.go:360.16,362.3 1 0
github.com/modu-ai/moai-adk/internal/cli/graph.go:363.2,363.17 1 1
github.com/modu-ai/moai-adk/internal/cli/graph.go:366.13,368.2 1 1
github.com/modu-ai/moai-adk/internal/cli/graph_check.go:35.40,66.55 3 1
github.com/modu-ai/moai-adk/internal/cli/graph_check.go:66.55,68.18 2 1
github.com/modu-ai/moai-adk/internal/cli/graph_check.go:68.18,70.5 1 0
github.com/modu-ai/moai-adk/internal/cli/graph_check.go:72.4,73.21 2 1
github.com/modu-ai/moai-adk/internal/cli/graph_check.go:73.21,80.5 2 1
github.com/modu-ai/moai-adk/internal/cli/graph_check.go:82.4,83.18 2 1
github.com/modu-ai/moai-adk/internal/cli/graph_check.go:83.18,90.5 2 1
github.com/modu-ai/moai-adk/internal/cli/graph_check.go:92.4,92.14 1 1
github.com/modu-ai/moai-adk/internal/cli/graph_check.go:92.14,94.19 2 1
github.com/modu-ai/moai-adk/internal/cli/graph_check.go:94.19,96.6 1 0
github.com/modu-ai/moai-adk/internal/cli/graph_check.go:97.5,97.57 1 1
github.com/modu-ai/moai-adk/internal/cli/graph_check.go:98.10,100.34 2 1
github.com/modu-ai/moai-adk/internal/cli/graph_check.go:100.34,102.24 2 1
github.com/modu-ai/moai-adk/internal/cli/graph_check.go:102.24,104.7 1 0
github.com/modu-ai/moai-adk/internal/cli/graph_check.go:105.6,106.66 1 1
github.com/modu-ai/moai-adk/internal/cli/graph_check.go:110.4,110.21 1 1
github.com/modu-ai/moai-adk/internal/cli/graph_check.go:110.21,112.5 1 1
github.com/modu-ai/moai-adk/internal/cli/graph_check.go:113.4,114.44 2 1
github.com/modu-ai/moai-adk/internal/cli/graph_check.go:114.44,118.5 2 1
github.com/modu-ai/moai-adk/internal/cli/graph_check.go:120.4,120.111 1 1
github.com/modu-ai/moai-adk/internal/cli/graph_check.go:124.2,127.12 3 1
github.com/modu-ai/moai-adk/internal/cli/graph_check.go:141.65,142.9 1 1
github.com/modu-ai/moai-adk/internal/cli/graph_check.go:143.29,145.20 2 0
github.com/modu-ai/moai-adk/internal/cli/graph_check.go:145.20,147.4 1 0
github.com/modu-ai/moai-adk/internal/cli/graph_check.go:148.3,149.27 2 0
github.com/modu-ai/moai-adk/internal/cli/graph_check.go:149.27,151.4 1 0
github.com/modu-ai/moai-adk/internal/cli/graph_check.go:152.3,153.32 1 0
github.com/modu-ai/moai-adk/internal/cli/graph_check.go:154.40,157.94 1 1
github.com/modu-ai/moai-adk/internal/cli/graph_check.go:159.2,159.38 1 1
github.com/modu-ai/moai-adk/internal/cli/graph_check.go:159.38,161.3 1 1
github.com/modu-ai/moai-adk/internal/cli/graph_check.go:162.2,162.31 1 1
github.com/modu-ai/moai-adk/internal/cli/graph_check.go:162.31,164.3 1 1
github.com/modu-ai/moai-adk/internal/cli/graph_check.go:171.73,180.52 4 1
github.com/modu-ai/moai-adk/internal/cli/graph_check.go:180.52,182.62 2 1
github.com/modu-ai/moai-adk/internal/cli/graph_check.go:182.62,184.4 1 1
github.com/modu-ai/moai-adk/internal/cli/graph_check.go:187.2,189.16 3 1
github.com/modu-ai/moai-adk/internal/cli/graph_check.go:189.16,191.3 1 0
github.com/modu-ai/moai-adk/internal/cli/graph_check.go:192.2,193.33 2 1
github.com/modu-ai/moai-adk/internal/cli/graph_check.go:193.33,195.3 1 1
github.com/modu-ai/moai-adk/internal/cli/graph_check.go:196.2,196.32 1 1
github.com/modu-ai/moai-adk/internal/cli/graph_check.go:196.32,198.3 1 1
github.com/modu-ai/moai-adk/internal/cli/graph_check.go:199.2,199.16 1 1
github.com/modu-ai/moai-adk/internal/cli/graph_refresh_cli.go:20.50,22.30 2 1
github.com/modu-ai/moai-adk/internal/cli/graph_refresh_cli.go:22.30,22.58 1 1
github.com/modu-ai/moai-adk/internal/cli/graph_refresh_cli.go:43.86,46.2 1 1
github.com/modu-ai/moai-adk/internal/cli/graph_refresh_cli.go:53.85,56.107 2 1
github.com/modu-ai/moai-adk/internal/cli/graph_refresh_cli.go:56.107,58.3 1 0
github.com/modu-ai/moai-adk/internal/cli/graph_refresh_cli.go:59.2,60.16 2 1
github.com/modu-ai/moai-adk/internal/cli/graph_refresh_cli.go:60.16,62.3 1 0
github.com/modu-ai/moai-adk/internal/cli/graph_refresh_cli.go:63.2,63.59 1 1
github.com/modu-ai/moai-adk/internal/cli/graph_refresh_cli.go:63.59,65.3 1 0
github.com/modu-ai/moai-adk/internal/cli/graph_refresh_cli.go:66.2,67.87 1 1
github.com/modu-ai/moai-adk/internal/cli/graph_refresh_cli.go:67.87,69.3 1 0
github.com/modu-ai/moai-adk/internal/cli/graph_refresh_cli.go:70.2,70.52 1 1
github.com/modu-ai/moai-adk/internal/cli/graph_refresh_cli.go:77.51,80.16 3 1
github.com/modu-ai/moai-adk/internal/cli/graph_refresh_cli.go:80.16,82.3 1 0
github.com/modu-ai/moai-adk/internal/cli/graph_refresh_cli.go:83.2,83.48 1 1
github.com/modu-ai/moai-adk/internal/cli/graph_refresh_cli.go:83.48,85.3 1 1
github.com/modu-ai/moai-adk/internal/cli/graph_refresh_cli.go:86.2,86.51 1 0
github.com/modu-ai/moai-adk/internal/cli/graph_refresh_cli.go:91.84,93.24 2 1
github.com/modu-ai/moai-adk/internal/cli/graph_refresh_cli.go:93.24,95.3 1 1
github.com/modu-ai/moai-adk/internal/cli/graph_refresh_cli.go:96.2,96.26 1 1
github.com/modu-ai/moai-adk/internal/cli/graph_stamp.go:30.38,32.25 2 1
github.com/modu-ai/moai-adk/internal/cli/graph_stamp.go:32.25,34.3 1 1
github.com/modu-ai/moai-adk/internal/cli/graph_stamp.go:35.2,36.25 2 1
github.com/modu-ai/moai-adk/internal/cli/graph_stamp.go:36.25,38.3 1 1
github.com/modu-ai/moai-adk/internal/cli/graph_stamp.go:39.2,39.20 1 0
github.com/modu-ai/moai-adk/internal/cli/graph_stamp.go:49.40,73.55 3 1
github.com/modu-ai/moai-adk/internal/cli/graph_stamp.go:73.55,75.18 2 1
github.com/modu-ai/moai-adk/internal/cli/graph_stamp.go:75.18,77.5 1 0
github.com/modu-ai/moai-adk/internal/cli/graph_stamp.go:83.4,84.23 2 1
github.com/modu-ai/moai-adk/internal/cli/graph_stamp.go:84.23,86.19 2 1
github.com/modu-ai/moai-adk/internal/cli/graph_stamp.go:86.19,88.6 1 1
github.com/modu-ai/moai-adk/internal/cli/graph_stamp.go:91.4,92.18 2 1
github.com/modu-ai/moai-adk/internal/cli/graph_stamp.go:92.18,94.5 1 1
github.com/modu-ai/moai-adk/internal/cli/graph_stamp.go:96.4,97.52 2 1
github.com/modu-ai/moai-adk/internal/cli/graph_stamp.go:97.52,99.5 1 1
github.com/modu-ai/moai-adk/internal/cli/graph_stamp.go:100.4,101.18 2 1
github.com/modu-ai/moai-adk/internal/cli/graph_stamp.go:101.18,103.5 1 0
github.com/modu-ai/moai-adk/internal/cli/graph_stamp.go:105.4,107.71 3 1
github.com/modu-ai/moai-adk/internal/cli/graph_stamp.go:107.71,109.5 1 1
github.com/modu-ai/moai-adk/internal/cli/graph_stamp.go:115.4,115.17 1 1
github.com/modu-ai/moai-adk/internal/cli/graph_stamp.go:115.17,116.65 1 1
github.com/modu-ai/moai-adk/internal/cli/graph_stamp.go:116.65,118.6 1 0
github.com/modu-ai/moai-adk/internal/cli/graph_stamp.go:120.4,120.49 1 1
github.com/modu-ai/moai-adk/internal/cli/graph_stamp.go:120.49,122.5 1 1
github.com/modu-ai/moai-adk/internal/cli/graph_stamp.go:124.4,125.14 2 1
github.com/modu-ai/moai-adk/internal/cli/graph_stamp.go:129.2,132.12 3 1
github.com/modu-ai/moai-adk/internal/cli/handoff.go:21.13,23.2 1 1
github.com/modu-ai/moai-adk/internal/cli/handoff.go:28.37,43.2 5 1
github.com/modu-ai/moai-adk/internal/cli/handoff.go:47.59,63.52 2 1
github.com/modu-ai/moai-adk/internal/cli/handoff.go:63.52,65.16 2 1
github.com/modu-ai/moai-adk/internal/cli/handoff.go:65.16,67.19 2 1
github.com/modu-ai/moai-adk/internal/cli/handoff.go:67.19,69.6 1 0
github.com/modu-ai/moai-adk/internal/cli/handoff.go:70.5,70.21 1 1
github.com/modu-ai/moai-adk/internal/cli/handoff.go:72.4,73.18 2 1
github.com/modu-ai/moai-adk/internal/cli/handoff.go:73.18,75.5 1 0
github.com/modu-ai/moai-adk/internal/cli/handoff.go:80.4,82.26 3 1
github.com/modu-ai/moai-adk/internal/cli/handoff.go:82.26,84.5 1 1
github.com/modu-ai/moai-adk/internal/cli/handoff.go:85.4,85.119 1 1
github.com/modu-ai/moai-adk/internal/cli/handoff.go:85.119,92.5 1 0
github.com/modu-ai/moai-adk/internal/cli/handoff.go:93.4,108.18 3 1
github.com/modu-ai/moai-adk/internal/cli/handoff.go:108.18,110.5 1 1
github.com/modu-ai/moai-adk/internal/cli/handoff.go:111.4,112.14 2 1
github.com/modu-ai/moai-adk/internal/cli/handoff.go:115.2,124.16 10 1
github.com/modu-ai/moai-adk/internal/cli/handoff.go:128.60,132.52 1 1
github.com/modu-ai/moai-adk/internal/cli/handoff.go:132.52,134.18 2 1
github.com/modu-ai/moai-adk/internal/cli/handoff.go:134.18,136.5 1 0
github.com/modu-ai/moai-adk/internal/cli/handoff.go:137.4,138.18 2 1
github.com/modu-ai/moai-adk/internal/cli/handoff.go:138.18,140.5 1 0
github.com/modu-ai/moai-adk/internal/cli/handoff.go:141.4,142.14 2 1
github.com/modu-ai/moai-adk/internal/cli/handoff.go:148.57,149.20 1 1
github.com/modu-ai/moai-adk/internal/cli/handoff.go:149.20,151.3 1 1
github.com/modu-ai/moai-adk/internal/cli/handoff.go:152.2,153.16 2 0
github.com/modu-ai/moai-adk/internal/cli/handoff.go:153.16,155.3 1 0
github.com/modu-ai/moai-adk/internal/cli/handoff.go:156.2,156.16 1 0
github.com/modu-ai/moai-adk/internal/cli/handoff.go:161.81,162.53 1 1
github.com/modu-ai/moai-adk/internal/cli/handoff.go:162.53,164.3 1 1
github.com/modu-ai/moai-adk/internal/cli/handoff.go:165.2,165.61 1 1
github.com/modu-ai/moai-adk/internal/cli/handoff.go:165.61,167.3 1 0
github.com/modu-ai/moai-adk/internal/cli/handoff.go:168.2,168.45 1 1
github.com/modu-ai/moai-adk/internal/cli/handoff.go:172.54,173.57 1 1
github.com/modu-ai/moai-adk/internal/cli/handoff.go:173.57,175.3 1 0
github.com/modu-ai/moai-adk/internal/cli/handoff.go:176.2,176.45 1 1
github.com/modu-ai/moai-adk/internal/cli/harness.go:69.37,98.2 11 1
github.com/modu-ai/moai-adk/internal/cli/harness.go:101.61,103.16 2 1
github.com/modu-ai/moai-adk/internal/cli/harness.go:103.16,105.65 1 0
github.com/modu-ai/moai-adk/internal/cli/harness.go:105.65,107.4 1 0
github.com/modu-ai/moai-adk/internal/cli/harness.go:109.2,109.16 1 1
github.com/modu-ai/moai-adk/internal/cli/harness.go:109.16,112.17 3 0
github.com/modu-ai/moai-adk/internal/cli/harness.go:112.17,114.4 1 0
github.com/modu-ai/moai-adk/internal/cli/harness.go:116.2,116.18 1 1
github.com/modu-ai/moai-adk/internal/cli/harness.go:123.43,131.2 1 1
github.com/modu-ai/moai-adk/internal/cli/harness.go:134.61,136.16 2 1
github.com/modu-ai/moai-adk/internal/cli/harness.go:136.16,138.3 1 0
github.com/modu-ai/moai-adk/internal/cli/harness.go:141.2,142.16 2 1
github.com/modu-ai/moai-adk/internal/cli/harness.go:142.16,145.3 1 0
github.com/modu-ai/moai-adk/internal/cli/harness.go:148.2,152.26 4 1
github.com/modu-ai/moai-adk/internal/cli/harness.go:152.26,154.3 1 0
github.com/modu-ai/moai-adk/internal/cli/harness.go:157.2,163.29 6 1
github.com/modu-ai/moai-adk/internal/cli/harness.go:163.29,166.3 2 1
github.com/modu-ai/moai-adk/internal/cli/harness.go:169.2,188.12 17 1
github.com/modu-ai/moai-adk/internal/cli/harness.go:197.37,199.16 2 1
github.com/modu-ai/moai-adk/internal/cli/harness.go:199.16,201.3 1 0
github.com/modu-ai/moai-adk/internal/cli/harness.go:202.2,202.17 1 1
github.com/modu-ai/moai-adk/internal/cli/harness.go:209.42,227.55 2 1
github.com/modu-ai/moai-adk/internal/cli/harness.go:227.55,229.4 1 1
github.com/modu-ai/moai-adk/internal/cli/harness.go:232.2,236.12 3 1
github.com/modu-ai/moai-adk/internal/cli/harness.go:246.85,248.16 2 1
github.com/modu-ai/moai-adk/internal/cli/harness.go:248.16,250.3 1 0
github.com/modu-ai/moai-adk/internal/cli/harness.go:256.2,256.13 1 1
github.com/modu-ai/moai-adk/internal/cli/harness.go:256.13,258.21 2 1
github.com/modu-ai/moai-adk/internal/cli/harness.go:258.21,261.4 2 1
github.com/modu-ai/moai-adk/internal/cli/harness.go:262.3,263.13 2 0
github.com/modu-ai/moai-adk/internal/cli/harness.go:268.2,270.33 3 1
github.com/modu-ai/moai-adk/internal/cli/harness.go:270.33,273.3 2 1
github.com/modu-ai/moai-adk/internal/cli/harness.go:277.2,278.16 2 1
github.com/modu-ai/moai-adk/internal/cli/harness.go:278.16,280.3 1 0
github.com/modu-ai/moai-adk/internal/cli/harness.go:281.2,282.16 2 1
github.com/modu-ai/moai-adk/internal/cli/harness.go:282.16,284.3 1 0
github.com/modu-ai/moai-adk/internal/cli/harness.go:287.2,293.12 6 1
github.com/modu-ai/moai-adk/internal/cli/harness.go:300.45,311.2 1 1
github.com/modu-ai/moai-adk/internal/cli/harness.go:314.66,316.16 2 1
github.com/modu-ai/moai-adk/internal/cli/harness.go:316.16,318.3 1 0
github.com/modu-ai/moai-adk/internal/cli/harness.go:320.2,324.64 3 1
github.com/modu-ai/moai-adk/internal/cli/harness.go:324.64,326.3 1 1
github.com/modu-ai/moai-adk/internal/cli/harness.go:329.2,329.61 1 1
github.com/modu-ai/moai-adk/internal/cli/harness.go:329.61,331.3 1 0
github.com/modu-ai/moai-adk/internal/cli/harness.go:334.2,339.12 5 1
github.com/modu-ai/moai-adk/internal/cli/harness.go:346.44,357.2 1 1
github.com/modu-ai/moai-adk/internal/cli/harness.go:361.62,363.16 2 1
github.com/modu-ai/moai-adk/internal/cli/harness.go:363.16,365.3 1 0
github.com/modu-ai/moai-adk/internal/cli/harness.go:367.2,371.16 3 1
github.com/modu-ai/moai-adk/internal/cli/harness.go:371.16,373.3 1 0
github.com/modu-ai/moai-adk/internal/cli/harness.go:376.2,377.53 2 1
github.com/modu-ai/moai-adk/internal/cli/harness.go:377.53,379.3 1 0
github.com/modu-ai/moai-adk/internal/cli/harness.go:382.2,382.91 1 1
github.com/modu-ai/moai-adk/internal/cli/harness.go:382.91,384.3 1 0
github.com/modu-ai/moai-adk/internal/cli/harness.go:387.2,388.16 2 1
github.com/modu-ai/moai-adk/internal/cli/harness.go:388.16,390.3 1 0
github.com/modu-ai/moai-adk/internal/cli/harness.go:392.2,392.77 1 1
github.com/modu-ai/moai-adk/internal/cli/harness.go:392.77,394.3 1 0
github.com/modu-ai/moai-adk/internal/cli/harness.go:396.2,398.12 3 1
github.com/modu-ai/moai-adk/internal/cli/harness.go:403.78,404.23 1 1
github.com/modu-ai/moai-adk/internal/cli/harness.go:404.23,406.3 1 0
github.com/modu-ai/moai-adk/internal/cli/harness.go:409.2,410.65 2 1
github.com/modu-ai/moai-adk/internal/cli/harness.go:410.65,412.3 1 1
github.com/modu-ai/moai-adk/internal/cli/harness.go:414.2,414.37 1 1
github.com/modu-ai/moai-adk/internal/cli/harness.go:414.37,416.3 1 0
github.com/modu-ai/moai-adk/internal/cli/harness.go:419.2,419.48 1 1
github.com/modu-ai/moai-adk/internal/cli/harness.go:419.48,423.34 3 1
github.com/modu-ai/moai-adk/internal/cli/harness.go:423.34,424.25 1 1
github.com/modu-ai/moai-adk/internal/cli/harness.go:424.25,430.5 4 1
github.com/modu-ai/moai-adk/internal/cli/harness.go:432.4,432.58 1 1
github.com/modu-ai/moai-adk/internal/cli/harness.go:436.2,436.53 1 0
github.com/modu-ai/moai-adk/internal/cli/harness.go:464.59,466.16 2 1
github.com/modu-ai/moai-adk/internal/cli/harness.go:466.16,468.3 1 0
github.com/modu-ai/moai-adk/internal/cli/harness.go:470.2,471.52 2 1
github.com/modu-ai/moai-adk/internal/cli/harness.go:471.52,473.3 1 0
github.com/modu-ai/moai-adk/internal/cli/harness.go:475.2,475.27 1 1
github.com/modu-ai/moai-adk/internal/cli/harness.go:479.45,487.2 1 0
github.com/modu-ai/moai-adk/internal/cli/harness_clusters.go:24.45,46.55 2 1
github.com/modu-ai/moai-adk/internal/cli/harness_clusters.go:46.55,48.4 1 1
github.com/modu-ai/moai-adk/internal/cli/harness_clusters.go:50.2,51.12 2 1
github.com/modu-ai/moai-adk/internal/cli/harness_clusters.go:61.76,65.16 2 1
github.com/modu-ai/moai-adk/internal/cli/harness_clusters.go:65.16,67.3 1 0
github.com/modu-ai/moai-adk/internal/cli/harness_clusters.go:69.2,71.16 3 1
github.com/modu-ai/moai-adk/internal/cli/harness_clusters.go:71.16,73.3 1 0
github.com/modu-ai/moai-adk/internal/cli/harness_clusters.go:75.2,77.12 2 1
github.com/modu-ai/moai-adk/internal/cli/harness_clusters.go:77.12,81.18 3 1
github.com/modu-ai/moai-adk/internal/cli/harness_clusters.go:81.18,83.4 1 0
github.com/modu-ai/moai-adk/internal/cli/harness_clusters.go:84.3,85.13 2 1
github.com/modu-ai/moai-adk/internal/cli/harness_clusters.go:89.2,89.24 1 1
github.com/modu-ai/moai-adk/internal/cli/harness_clusters.go:89.24,93.3 2 1
github.com/modu-ai/moai-adk/internal/cli/harness_clusters.go:95.2,96.29 2 1
github.com/modu-ai/moai-adk/internal/cli/harness_clusters.go:96.29,105.3 8 1
github.com/modu-ai/moai-adk/internal/cli/harness_clusters.go:107.2,107.12 1 1
github.com/modu-ai/moai-adk/internal/cli/harness_delegation.go:33.47,46.2 3 1
github.com/modu-ai/moai-adk/internal/cli/harness_delegation.go:49.54,69.52 2 1
github.com/modu-ai/moai-adk/internal/cli/harness_delegation.go:69.52,71.18 2 1
github.com/modu-ai/moai-adk/internal/cli/harness_delegation.go:71.18,73.5 1 0
github.com/modu-ai/moai-adk/internal/cli/harness_delegation.go:74.4,74.24 1 1
github.com/modu-ai/moai-adk/internal/cli/harness_delegation.go:74.24,76.5 1 1
github.com/modu-ai/moai-adk/internal/cli/harness_delegation.go:77.4,77.21 1 1
github.com/modu-ai/moai-adk/internal/cli/harness_delegation.go:77.21,79.5 1 1
github.com/modu-ai/moai-adk/internal/cli/harness_delegation.go:81.4,85.18 2 1
github.com/modu-ai/moai-adk/internal/cli/harness_delegation.go:85.18,87.5 1 0
github.com/modu-ai/moai-adk/internal/cli/harness_delegation.go:88.4,88.46 1 1
github.com/modu-ai/moai-adk/internal/cli/harness_delegation.go:88.46,90.5 1 0
github.com/modu-ai/moai-adk/internal/cli/harness_delegation.go:92.4,93.15 2 1
github.com/modu-ai/moai-adk/internal/cli/harness_delegation.go:93.15,96.20 3 1
github.com/modu-ai/moai-adk/internal/cli/harness_delegation.go:96.20,98.6 1 0
github.com/modu-ai/moai-adk/internal/cli/harness_delegation.go:99.5,100.27 2 1
github.com/modu-ai/moai-adk/internal/cli/harness_delegation.go:100.27,102.6 1 1
github.com/modu-ai/moai-adk/internal/cli/harness_delegation.go:105.4,106.15 2 1
github.com/modu-ai/moai-adk/internal/cli/harness_delegation.go:106.15,108.20 2 1
github.com/modu-ai/moai-adk/internal/cli/harness_delegation.go:108.20,110.6 1 0
github.com/modu-ai/moai-adk/internal/cli/harness_delegation.go:111.5,112.15 2 1
github.com/modu-ai/moai-adk/internal/cli/harness_delegation.go:115.4,117.35 2 0
github.com/modu-ai/moai-adk/internal/cli/harness_delegation.go:117.35,120.5 1 0
github.com/modu-ai/moai-adk/internal/cli/harness_delegation.go:121.4,121.14 1 0
github.com/modu-ai/moai-adk/internal/cli/harness_delegation.go:121.14,123.5 1 0
github.com/modu-ai/moai-adk/internal/cli/harness_delegation.go:123.10,125.5 1 0
github.com/modu-ai/moai-adk/internal/cli/harness_delegation.go:126.4,126.14 1 0
github.com/modu-ai/moai-adk/internal/cli/harness_delegation.go:129.2,135.12 7 1
github.com/modu-ai/moai-adk/internal/cli/harness_ledger.go:17.42,19.2 1 1
github.com/modu-ai/moai-adk/internal/cli/harness_ledger.go:23.31,24.13 1 1
github.com/modu-ai/moai-adk/internal/cli/harness_ledger.go:24.13,26.3 1 1
github.com/modu-ai/moai-adk/internal/cli/harness_ledger.go:27.2,27.11 1 1
github.com/modu-ai/moai-adk/internal/cli/harness_ledger.go:39.43,59.2 6 1
github.com/modu-ai/moai-adk/internal/cli/harness_ledger.go:71.51,93.52 2 1
github.com/modu-ai/moai-adk/internal/cli/harness_ledger.go:93.52,95.18 2 1
github.com/modu-ai/moai-adk/internal/cli/harness_ledger.go:95.18,97.5 1 0
github.com/modu-ai/moai-adk/internal/cli/harness_ledger.go:99.4,99.39 1 1
github.com/modu-ai/moai-adk/internal/cli/harness_ledger.go:99.39,101.5 1 0
github.com/modu-ai/moai-adk/internal/cli/harness_ledger.go:102.4,111.45 2 1
github.com/modu-ai/moai-adk/internal/cli/harness_ledger.go:111.45,113.5 1 0
github.com/modu-ai/moai-adk/internal/cli/harness_ledger.go:114.4,114.93 1 1
github.com/modu-ai/moai-adk/internal/cli/harness_ledger.go:114.93,116.5 1 0
github.com/modu-ai/moai-adk/internal/cli/harness_ledger.go:117.4,117.14 1 1
github.com/modu-ai/moai-adk/internal/cli/harness_ledger.go:120.2,128.12 9 1
github.com/modu-ai/moai-adk/internal/cli/harness_ledger.go:132.49,153.52 2 1
github.com/modu-ai/moai-adk/internal/cli/harness_ledger.go:153.52,155.18 2 1
github.com/modu-ai/moai-adk/internal/cli/harness_ledger.go:155.18,157.5 1 0
github.com/modu-ai/moai-adk/internal/cli/harness_ledger.go:159.4,159.39 1 1
github.com/modu-ai/moai-adk/internal/cli/harness_ledger.go:159.39,161.5 1 1
github.com/modu-ai/moai-adk/internal/cli/harness_ledger.go:163.4,164.18 2 1
github.com/modu-ai/moai-adk/internal/cli/harness_ledger.go:164.18,166.5 1 0
github.com/modu-ai/moai-adk/internal/cli/harness_ledger.go:167.4,179.78 2 1
github.com/modu-ai/moai-adk/internal/cli/harness_ledger.go:179.78,181.5 1 0
github.com/modu-ai/moai-adk/internal/cli/harness_ledger.go:182.4,182.14 1 1
github.com/modu-ai/moai-adk/internal/cli/harness_ledger.go:185.2,194.12 10 1
github.com/modu-ai/moai-adk/internal/cli/harness_ledger.go:198.51,222.52 2 1
github.com/modu-ai/moai-adk/internal/cli/harness_ledger.go:222.52,224.18 2 1
github.com/modu-ai/moai-adk/internal/cli/harness_ledger.go:224.18,226.5 1 0
github.com/modu-ai/moai-adk/internal/cli/harness_ledger.go:227.4,227.39 1 1
github.com/modu-ai/moai-adk/internal/cli/harness_ledger.go:227.39,229.5 1 0
github.com/modu-ai/moai-adk/internal/cli/harness_ledger.go:230.4,232.22 2 1
github.com/modu-ai/moai-adk/internal/cli/harness_ledger.go:232.22,239.64 2 0
github.com/modu-ai/moai-adk/internal/cli/harness_ledger.go:239.64,241.6 1 0
github.com/modu-ai/moai-adk/internal/cli/harness_ledger.go:242.5,242.15 1 0
github.com/modu-ai/moai-adk/internal/cli/harness_ledger.go:245.4,246.38 2 1
github.com/modu-ai/moai-adk/internal/cli/harness_ledger.go:246.38,248.5 1 1
github.com/modu-ai/moai-adk/internal/cli/harness_ledger.go:249.4,250.61 2 1
github.com/modu-ai/moai-adk/internal/cli/harness_ledger.go:250.61,252.5 1 0
github.com/modu-ai/moai-adk/internal/cli/harness_ledger.go:253.4,253.14 1 1
github.com/modu-ai/moai-adk/internal/cli/harness_ledger.go:256.2,266.12 11 1
github.com/modu-ai/moai-adk/internal/cli/harness_ledger.go:270.47,285.52 2 1
github.com/modu-ai/moai-adk/internal/cli/harness_ledger.go:285.52,287.18 2 1
github.com/modu-ai/moai-adk/internal/cli/harness_ledger.go:287.18,289.5 1 0
github.com/modu-ai/moai-adk/internal/cli/harness_ledger.go:290.4,291.19 2 1
github.com/modu-ai/moai-adk/internal/cli/harness_ledger.go:291.19,293.20 2 0
github.com/modu-ai/moai-adk/internal/cli/harness_ledger.go:293.20,295.6 1 0
github.com/modu-ai/moai-adk/internal/cli/harness_ledger.go:296.5,296.23 1 0
github.com/modu-ai/moai-adk/internal/cli/harness_ledger.go:298.4,298.19 1 1
github.com/modu-ai/moai-adk/internal/cli/harness_ledger.go:298.19,300.20 2 0
github.com/modu-ai/moai-adk/internal/cli/harness_ledger.go:300.20,302.6 1 0
github.com/modu-ai/moai-adk/internal/cli/harness_ledger.go:303.5,303.23 1 0
github.com/modu-ai/moai-adk/internal/cli/harness_ledger.go:305.4,307.19 3 1
github.com/modu-ai/moai-adk/internal/cli/harness_ledger.go:307.19,309.5 1 0
github.com/modu-ai/moai-adk/internal/cli/harness_ledger.go:310.4,311.15 2 1
github.com/modu-ai/moai-adk/internal/cli/harness_ledger.go:311.15,312.28 1 1
github.com/modu-ai/moai-adk/internal/cli/harness_ledger.go:312.28,314.21 2 1
github.com/modu-ai/moai-adk/internal/cli/harness_ledger.go:314.21,316.7 1 0
github.com/modu-ai/moai-adk/internal/cli/harness_ledger.go:317.6,317.42 1 1
github.com/modu-ai/moai-adk/internal/cli/harness_ledger.go:319.10,320.28 1 0
github.com/modu-ai/moai-adk/internal/cli/harness_ledger.go:320.28,322.6 1 0
github.com/modu-ai/moai-adk/internal/cli/harness_ledger.go:323.5,323.89 1 0
github.com/modu-ai/moai-adk/internal/cli/harness_ledger.go:325.4,325.14 1 1
github.com/modu-ai/moai-adk/internal/cli/harness_ledger.go:328.2,334.12 7 1
github.com/modu-ai/moai-adk/internal/cli/harness_mute.go:44.41,56.2 1 1
github.com/modu-ai/moai-adk/internal/cli/harness_mute.go:59.45,65.2 1 1
github.com/modu-ai/moai-adk/internal/cli/harness_mute.go:68.43,75.2 1 1
github.com/modu-ai/moai-adk/internal/cli/harness_mute.go:78.43,89.2 3 1
github.com/modu-ai/moai-adk/internal/cli/harness_mute.go:95.62,97.36 2 1
github.com/modu-ai/moai-adk/internal/cli/harness_mute.go:97.36,100.3 1 1
github.com/modu-ai/moai-adk/internal/cli/harness_mute.go:102.2,103.16 2 1
github.com/modu-ai/moai-adk/internal/cli/harness_mute.go:103.16,105.3 1 0
github.com/modu-ai/moai-adk/internal/cli/harness_mute.go:107.2,108.16 2 1
github.com/modu-ai/moai-adk/internal/cli/harness_mute.go:108.16,110.3 1 0
github.com/modu-ai/moai-adk/internal/cli/harness_mute.go:113.2,113.57 1 1
github.com/modu-ai/moai-adk/internal/cli/harness_mute.go:113.57,114.20 1 0
github.com/modu-ai/moai-adk/internal/cli/harness_mute.go:114.20,117.4 2 0
github.com/modu-ai/moai-adk/internal/cli/harness_mute.go:119.2,121.91 2 1
github.com/modu-ai/moai-adk/internal/cli/harness_mute.go:121.91,123.3 1 0
github.com/modu-ai/moai-adk/internal/cli/harness_mute.go:124.2,125.12 2 1
github.com/modu-ai/moai-adk/internal/cli/harness_mute.go:128.63,130.16 2 1
github.com/modu-ai/moai-adk/internal/cli/harness_mute.go:130.16,132.3 1 0
github.com/modu-ai/moai-adk/internal/cli/harness_mute.go:134.2,135.16 2 1
github.com/modu-ai/moai-adk/internal/cli/harness_mute.go:135.16,137.3 1 0
github.com/modu-ai/moai-adk/internal/cli/harness_mute.go:139.2,140.20 2 1
github.com/modu-ai/moai-adk/internal/cli/harness_mute.go:140.20,143.3 2 0
github.com/modu-ai/moai-adk/internal/cli/harness_mute.go:144.2,144.25 1 1
github.com/modu-ai/moai-adk/internal/cli/harness_mute.go:144.25,146.3 1 1
github.com/modu-ai/moai-adk/internal/cli/harness_mute.go:147.2,147.12 1 1
github.com/modu-ai/moai-adk/internal/cli/harness_mute.go:150.64,154.16 3 1
github.com/modu-ai/moai-adk/internal/cli/harness_mute.go:154.16,156.3 1 0
github.com/modu-ai/moai-adk/internal/cli/harness_mute.go:158.2,159.16 2 1
github.com/modu-ai/moai-adk/internal/cli/harness_mute.go:159.16,161.3 1 0
github.com/modu-ai/moai-adk/internal/cli/harness_mute.go:163.2,165.57 3 1
github.com/modu-ai/moai-adk/internal/cli/harness_mute.go:165.57,166.20 1 1
github.com/modu-ai/moai-adk/internal/cli/harness_mute.go:166.20,168.4 1 1
github.com/modu-ai/moai-adk/internal/cli/harness_mute.go:168.9,170.4 1 1
github.com/modu-ai/moai-adk/internal/cli/harness_mute.go:172.2,172.14 1 1
github.com/modu-ai/moai-adk/internal/cli/harness_mute.go:172.14,175.3 2 0
github.com/modu-ai/moai-adk/internal/cli/harness_mute.go:176.2,178.91 2 1
github.com/modu-ai/moai-adk/internal/cli/harness_mute.go:178.91,180.3 1 0
github.com/modu-ai/moai-adk/internal/cli/harness_mute.go:181.2,182.12 2 1
github.com/modu-ai/moai-adk/internal/cli/harness_mute.go:185.61,190.2 2 1
github.com/modu-ai/moai-adk/internal/cli/harness_mute.go:198.70,201.24 3 1
github.com/modu-ai/moai-adk/internal/cli/harness_mute.go:201.24,203.3 1 0
github.com/modu-ai/moai-adk/internal/cli/harness_mute.go:204.2,204.16 1 1
github.com/modu-ai/moai-adk/internal/cli/harness_mute.go:204.16,206.3 1 0
github.com/modu-ai/moai-adk/internal/cli/harness_mute.go:207.2,207.51 1 1
github.com/modu-ai/moai-adk/internal/cli/harness_mute.go:207.51,209.3 1 0
github.com/modu-ai/moai-adk/internal/cli/harness_mute.go:210.2,210.17 1 1
github.com/modu-ai/moai-adk/internal/cli/harness_mute.go:220.72,225.16 4 1
github.com/modu-ai/moai-adk/internal/cli/harness_mute.go:225.16,226.26 1 0
github.com/modu-ai/moai-adk/internal/cli/harness_mute.go:226.26,228.4 1 0
github.com/modu-ai/moai-adk/internal/cli/harness_mute.go:230.3,230.93 1 0
github.com/modu-ai/moai-adk/internal/cli/harness_mute.go:231.8,232.53 1 1
github.com/modu-ai/moai-adk/internal/cli/harness_mute.go:232.53,234.4 1 0
github.com/modu-ai/moai-adk/internal/cli/harness_mute.go:235.3,235.27 1 1
github.com/modu-ai/moai-adk/internal/cli/harness_mute.go:238.2,238.118 1 1
github.com/modu-ai/moai-adk/internal/cli/harness_mute.go:238.118,240.3 1 0
github.com/modu-ai/moai-adk/internal/cli/harness_mute.go:242.2,243.16 2 1
github.com/modu-ai/moai-adk/internal/cli/harness_mute.go:243.16,245.3 1 0
github.com/modu-ai/moai-adk/internal/cli/harness_mute.go:246.2,246.42 1 1
github.com/modu-ai/moai-adk/internal/cli/harness_mute.go:251.41,253.38 2 1
github.com/modu-ai/moai-adk/internal/cli/harness_mute.go:253.38,254.31 1 1
github.com/modu-ai/moai-adk/internal/cli/harness_mute.go:254.31,257.4 2 0
github.com/modu-ai/moai-adk/internal/cli/harness_mute.go:258.3,258.29 1 1
github.com/modu-ai/moai-adk/internal/cli/harness_mute.go:260.2,260.37 1 1
github.com/modu-ai/moai-adk/internal/cli/harness_mute.go:260.37,264.3 2 0
github.com/modu-ai/moai-adk/internal/cli/harness_mute.go:270.84,271.23 1 1
github.com/modu-ai/moai-adk/internal/cli/harness_mute.go:271.23,273.3 1 0
github.com/modu-ai/moai-adk/internal/cli/harness_mute.go:274.2,275.65 2 1
github.com/modu-ai/moai-adk/internal/cli/harness_mute.go:275.65,277.3 1 1
github.com/modu-ai/moai-adk/internal/cli/harness_mute.go:278.2,278.37 1 1
github.com/modu-ai/moai-adk/internal/cli/harness_mute.go:278.37,280.3 1 0
github.com/modu-ai/moai-adk/internal/cli/harness_mute.go:282.2,282.30 1 1
github.com/modu-ai/moai-adk/internal/cli/harness_mute.go:282.30,285.15 3 1
github.com/modu-ai/moai-adk/internal/cli/harness_mute.go:285.15,286.14 1 1
github.com/modu-ai/moai-adk/internal/cli/harness_mute.go:286.14,289.5 2 1
github.com/modu-ai/moai-adk/internal/cli/harness_mute.go:290.4,291.38 2 1
github.com/modu-ai/moai-adk/internal/cli/harness_mute.go:291.38,293.5 1 0
github.com/modu-ai/moai-adk/internal/cli/harness_mute.go:294.4,294.18 1 1
github.com/modu-ai/moai-adk/internal/cli/harness_mute.go:295.9,298.14 3 0
github.com/modu-ai/moai-adk/internal/cli/harness_mute.go:298.14,300.5 1 0
github.com/modu-ai/moai-adk/internal/cli/harness_mute.go:300.10,302.5 1 0
github.com/modu-ai/moai-adk/internal/cli/harness_mute.go:303.4,304.14 2 0
github.com/modu-ai/moai-adk/internal/cli/harness_mute.go:304.14,306.5 1 0
github.com/modu-ai/moai-adk/internal/cli/harness_mute.go:307.4,307.20 1 0
github.com/modu-ai/moai-adk/internal/cli/harness_mute.go:310.2,310.12 1 0
github.com/modu-ai/moai-adk/internal/cli/harness_mute.go:314.55,315.43 1 1
github.com/modu-ai/moai-adk/internal/cli/harness_mute.go:315.43,316.32 1 1
github.com/modu-ai/moai-adk/internal/cli/harness_mute.go:316.32,318.4 1 1
github.com/modu-ai/moai-adk/internal/cli/harness_mute.go:320.2,320.11 1 0
github.com/modu-ai/moai-adk/internal/cli/harness_mute.go:324.56,326.27 2 1
github.com/modu-ai/moai-adk/internal/cli/harness_mute.go:326.27,332.3 1 1
github.com/modu-ai/moai-adk/internal/cli/harness_mute.go:333.2,333.12 1 1
github.com/modu-ai/moai-adk/internal/cli/harness_mute.go:337.33,339.37 2 1
github.com/modu-ai/moai-adk/internal/cli/harness_mute.go:339.37,341.3 1 1
github.com/modu-ai/moai-adk/internal/cli/harness_mute.go:343.2,343.35 1 1
github.com/modu-ai/moai-adk/internal/cli/harness_mute.go:343.35,344.38 1 1
github.com/modu-ai/moai-adk/internal/cli/harness_mute.go:344.38,345.25 1 1
github.com/modu-ai/moai-adk/internal/cli/harness_mute.go:345.25,347.5 1 1
github.com/modu-ai/moai-adk/internal/cli/harness_mute.go:350.2,350.33 1 1
github.com/modu-ai/moai-adk/internal/cli/harness_route.go:69.43,158.2 25 1
github.com/modu-ai/moai-adk/internal/cli/harness_route.go:169.56,174.40 4 1
github.com/modu-ai/moai-adk/internal/cli/harness_route.go:174.40,176.3 1 1
github.com/modu-ai/moai-adk/internal/cli/harness_route.go:179.2,180.28 2 1
github.com/modu-ai/moai-adk/internal/cli/harness_route.go:180.28,181.51 1 1
github.com/modu-ai/moai-adk/internal/cli/harness_route.go:181.51,183.4 1 1
github.com/modu-ai/moai-adk/internal/cli/harness_route.go:186.2,190.28 5 1
github.com/modu-ai/moai-adk/internal/cli/harness_route.go:190.28,200.3 8 1
github.com/modu-ai/moai-adk/internal/cli/harness_route.go:201.2,203.19 3 1
github.com/modu-ai/moai-adk/internal/cli/harness_route.go:209.39,210.24 1 1
github.com/modu-ai/moai-adk/internal/cli/harness_route.go:210.24,211.28 1 1
github.com/modu-ai/moai-adk/internal/cli/harness_route.go:211.28,213.4 1 1
github.com/modu-ai/moai-adk/internal/cli/harness_route.go:215.2,215.12 1 1
github.com/modu-ai/moai-adk/internal/cli/harness_route.go:220.42,238.55 2 1
github.com/modu-ai/moai-adk/internal/cli/harness_route.go:238.55,240.4 1 1
github.com/modu-ai/moai-adk/internal/cli/harness_route.go:243.2,248.53 5 1
github.com/modu-ai/moai-adk/internal/cli/harness_route.go:248.53,249.65 1 0
github.com/modu-ai/moai-adk/internal/cli/harness_route.go:252.2,252.12 1 1
github.com/modu-ai/moai-adk/internal/cli/harness_route.go:256.112,259.23 2 1
github.com/modu-ai/moai-adk/internal/cli/harness_route.go:259.23,261.3 1 0
github.com/modu-ai/moai-adk/internal/cli/harness_route.go:264.2,265.16 2 1
github.com/modu-ai/moai-adk/internal/cli/harness_route.go:265.16,267.3 1 0
github.com/modu-ai/moai-adk/internal/cli/harness_route.go:270.2,271.16 2 1
github.com/modu-ai/moai-adk/internal/cli/harness_route.go:271.16,273.3 1 0
github.com/modu-ai/moai-adk/internal/cli/harness_route.go:276.2,278.16 3 1
github.com/modu-ai/moai-adk/internal/cli/harness_route.go:278.16,280.3 1 0
github.com/modu-ai/moai-adk/internal/cli/harness_route.go:283.2,288.51 5 1
github.com/modu-ai/moai-adk/internal/cli/harness_route.go:288.51,289.38 1 1
github.com/modu-ai/moai-adk/internal/cli/harness_route.go:289.38,291.4 1 0
github.com/modu-ai/moai-adk/internal/cli/harness_route.go:292.3,293.41 2 1
github.com/modu-ai/moai-adk/internal/cli/harness_route.go:297.2,297.16 1 1
github.com/modu-ai/moai-adk/internal/cli/harness_route.go:297.16,307.17 3 1
github.com/modu-ai/moai-adk/internal/cli/harness_route.go:307.17,309.4 1 0
github.com/modu-ai/moai-adk/internal/cli/harness_route.go:310.3,310.55 1 1
github.com/modu-ai/moai-adk/internal/cli/harness_route.go:311.8,321.34 9 0
github.com/modu-ai/moai-adk/internal/cli/harness_route.go:321.34,323.4 1 0
github.com/modu-ai/moai-adk/internal/cli/harness_route.go:326.2,326.12 1 1
github.com/modu-ai/moai-adk/internal/cli/harness_route.go:331.69,334.16 2 1
github.com/modu-ai/moai-adk/internal/cli/harness_route.go:334.16,337.17 3 0
github.com/modu-ai/moai-adk/internal/cli/harness_route.go:337.17,339.4 1 0
github.com/modu-ai/moai-adk/internal/cli/harness_route.go:342.2,346.39 2 1
github.com/modu-ai/moai-adk/internal/cli/harness_route.go:346.39,347.47 1 1
github.com/modu-ai/moai-adk/internal/cli/harness_route.go:347.47,349.4 1 1
github.com/modu-ai/moai-adk/internal/cli/harness_route.go:352.2,352.84 1 0
github.com/modu-ai/moai-adk/internal/cli/harness_validate.go:18.45,36.55 2 1
github.com/modu-ai/moai-adk/internal/cli/harness_validate.go:36.55,38.4 1 1
github.com/modu-ai/moai-adk/internal/cli/harness_validate.go:41.2,43.12 2 1
github.com/modu-ai/moai-adk/internal/cli/harness_validate.go:50.67,53.23 2 1
github.com/modu-ai/moai-adk/internal/cli/harness_validate.go:53.23,55.3 1 0
github.com/modu-ai/moai-adk/internal/cli/harness_validate.go:58.2,59.16 2 1
github.com/modu-ai/moai-adk/internal/cli/harness_validate.go:59.16,62.3 2 1
github.com/modu-ai/moai-adk/internal/cli/harness_validate.go:66.2,66.78 1 1
github.com/modu-ai/moai-adk/internal/cli/harness_validate.go:66.78,68.3 1 0
github.com/modu-ai/moai-adk/internal/cli/harness_validate.go:71.2,74.12 3 1
github.com/modu-ai/moai-adk/internal/cli/harness_validate.go:83.110,84.16 1 1
github.com/modu-ai/moai-adk/internal/cli/harness_validate.go:84.16,86.3 1 0
github.com/modu-ai/moai-adk/internal/cli/harness_validate.go:92.2,95.25 3 1
github.com/modu-ai/moai-adk/internal/cli/harness_validate.go:95.25,96.52 1 1
github.com/modu-ai/moai-adk/internal/cli/harness_validate.go:96.52,98.4 1 1
github.com/modu-ai/moai-adk/internal/cli/harness_validate.go:100.2,103.46 2 1
github.com/modu-ai/moai-adk/internal/cli/harness_validate.go:103.46,105.24 2 1
github.com/modu-ai/moai-adk/internal/cli/harness_validate.go:105.24,107.4 1 1
github.com/modu-ai/moai-adk/internal/cli/harness_validate.go:108.3,108.24 1 1
github.com/modu-ai/moai-adk/internal/cli/harness_validate.go:108.24,109.12 1 0
github.com/modu-ai/moai-adk/internal/cli/harness_validate.go:112.3,115.57 2 1
github.com/modu-ai/moai-adk/internal/cli/harness_validate.go:115.57,116.12 1 1
github.com/modu-ai/moai-adk/internal/cli/harness_validate.go:120.3,121.17 2 0
github.com/modu-ai/moai-adk/internal/cli/harness_validate.go:121.17,123.12 1 0
github.com/modu-ai/moai-adk/internal/cli/harness_validate.go:127.3,127.20 1 0
github.com/modu-ai/moai-adk/internal/cli/harness_validate.go:127.20,137.4 3 0
github.com/modu-ai/moai-adk/internal/cli/harness_validate.go:140.2,140.12 1 1
github.com/modu-ai/moai-adk/internal/cli/harness_validate.go:145.78,146.16 1 1
github.com/modu-ai/moai-adk/internal/cli/harness_validate.go:146.16,148.3 1 0
github.com/modu-ai/moai-adk/internal/cli/harness_validate.go:149.2,149.86 1 1
github.com/modu-ai/moai-adk/internal/cli/harness_validate.go:149.86,151.3 1 1
github.com/modu-ai/moai-adk/internal/cli/harness_validate.go:154.2,156.80 3 0
github.com/modu-ai/moai-adk/internal/cli/harness_validate.go:156.80,158.23 2 0
github.com/modu-ai/moai-adk/internal/cli/harness_validate.go:158.23,160.4 1 0
github.com/modu-ai/moai-adk/internal/cli/harness_validate.go:161.3,163.44 1 0
github.com/modu-ai/moai-adk/internal/cli/harness_validate.go:168.36,169.38 1 1
github.com/modu-ai/moai-adk/internal/cli/harness_validate.go:169.38,170.40 1 1
github.com/modu-ai/moai-adk/internal/cli/harness_validate.go:170.40,172.4 1 1
github.com/modu-ai/moai-adk/internal/cli/harness_validate.go:174.2,174.13 1 0
github.com/modu-ai/moai-adk/internal/cli/help.go:29.35,70.2 1 1
github.com/modu-ai/moai-adk/internal/cli/help.go:76.68,78.35 2 1
github.com/modu-ai/moai-adk/internal/cli/help.go:78.35,83.17 2 1
github.com/modu-ai/moai-adk/internal/cli/help.go:83.17,84.12 1 0
github.com/modu-ai/moai-adk/internal/cli/help.go:86.3,86.27 1 1
github.com/modu-ai/moai-adk/internal/cli/help.go:89.2,89.12 1 1
github.com/modu-ai/moai-adk/internal/cli/help.go:101.56,103.23 1 1
github.com/modu-ai/moai-adk/internal/cli/help.go:103.23,107.21 2 1
github.com/modu-ai/moai-adk/internal/cli/help.go:107.21,110.4 2 1
github.com/modu-ai/moai-adk/internal/cli/help.go:110.9,110.29 1 1
github.com/modu-ai/moai-adk/internal/cli/help.go:110.29,113.4 2 1
github.com/modu-ai/moai-adk/internal/cli/help.go:114.3,115.9 2 1
github.com/modu-ai/moai-adk/internal/cli/help.go:117.2,117.24 1 1
github.com/modu-ai/moai-adk/internal/cli/help.go:121.44,143.27 10 1
github.com/modu-ai/moai-adk/internal/cli/help.go:143.27,144.30 1 1
github.com/modu-ai/moai-adk/internal/cli/help.go:144.30,145.27 1 1
github.com/modu-ai/moai-adk/internal/cli/help.go:145.27,146.13 1 0
github.com/modu-ai/moai-adk/internal/cli/help.go:148.4,148.33 1 1
github.com/modu-ai/moai-adk/internal/cli/help.go:148.33,150.5 1 1
github.com/modu-ai/moai-adk/internal/cli/help.go:154.2,157.27 3 1
github.com/modu-ai/moai-adk/internal/cli/help.go:157.27,161.30 2 1
github.com/modu-ai/moai-adk/internal/cli/help.go:161.30,162.26 1 1
github.com/modu-ai/moai-adk/internal/cli/help.go:162.26,164.10 2 1
github.com/modu-ai/moai-adk/internal/cli/help.go:167.3,167.21 1 1
github.com/modu-ai/moai-adk/internal/cli/help.go:167.21,168.12 1 0
github.com/modu-ai/moai-adk/internal/cli/help.go:170.3,171.30 2 1
github.com/modu-ai/moai-adk/internal/cli/help.go:171.30,172.27 1 1
github.com/modu-ai/moai-adk/internal/cli/help.go:172.27,173.13 1 0
github.com/modu-ai/moai-adk/internal/cli/help.go:175.4,177.34 3 1
github.com/modu-ai/moai-adk/internal/cli/help.go:179.3,179.27 1 1
github.com/modu-ai/moai-adk/internal/cli/help.go:183.2,194.15 5 1
github.com/modu-ai/moai-adk/internal/cli/help.go:194.15,196.3 1 1
github.com/modu-ai/moai-adk/internal/cli/help_order.go:39.63,40.28 1 1
github.com/modu-ai/moai-adk/internal/cli/help_order.go:40.28,41.25 1 1
github.com/modu-ai/moai-adk/internal/cli/help_order.go:41.25,43.4 1 1
github.com/modu-ai/moai-adk/internal/cli/help_order.go:45.2,45.18 1 1
github.com/modu-ai/moai-adk/internal/cli/help_order.go:53.51,60.44 5 1
github.com/modu-ai/moai-adk/internal/cli/help_order.go:60.44,63.29 3 1
github.com/modu-ai/moai-adk/internal/cli/help_order.go:63.29,64.24 1 1
github.com/modu-ai/moai-adk/internal/cli/help_order.go:64.24,67.5 2 1
github.com/modu-ai/moai-adk/internal/cli/help_order.go:69.3,69.49 1 1
github.com/modu-ai/moai-adk/internal/cli/help_order.go:69.49,71.4 1 1
github.com/modu-ai/moai-adk/internal/cli/help_order.go:72.3,72.26 1 1
github.com/modu-ai/moai-adk/internal/cli/help_order.go:72.26,74.4 1 1
github.com/modu-ai/moai-adk/internal/cli/help_order.go:77.2,78.29 2 1
github.com/modu-ai/moai-adk/internal/cli/homedir.go:18.36,20.2 1 1
github.com/modu-ai/moai-adk/internal/cli/hook.go:37.13,81.38 4 1
github.com/modu-ai/moai-adk/internal/cli/hook.go:81.38,89.53 2 1
github.com/modu-ai/moai-adk/internal/cli/hook.go:89.53,91.5 1 1
github.com/modu-ai/moai-adk/internal/cli/hook.go:93.3,93.26 1 1
github.com/modu-ai/moai-adk/internal/cli/hook.go:97.2,249.50 17 1
github.com/modu-ai/moai-adk/internal/cli/hook.go:249.50,251.4 1 0
github.com/modu-ai/moai-adk/internal/cli/hook.go:267.67,268.73 1 1
github.com/modu-ai/moai-adk/internal/cli/hook.go:268.73,270.3 1 1
github.com/modu-ai/moai-adk/internal/cli/hook.go:272.2,273.16 2 1
github.com/modu-ai/moai-adk/internal/cli/hook.go:273.16,280.3 2 1
github.com/modu-ai/moai-adk/internal/cli/hook.go:283.2,283.67 1 1
github.com/modu-ai/moai-adk/internal/cli/hook.go:283.67,285.3 1 1
github.com/modu-ai/moai-adk/internal/cli/hook.go:292.2,293.17 2 1
github.com/modu-ai/moai-adk/internal/cli/hook.go:293.17,295.3 1 1
github.com/modu-ai/moai-adk/internal/cli/hook.go:296.2,296.18 1 1
github.com/modu-ai/moai-adk/internal/cli/hook.go:296.18,297.67 1 1
github.com/modu-ai/moai-adk/internal/cli/hook.go:297.67,299.4 1 1
github.com/modu-ai/moai-adk/internal/cli/hook.go:307.2,307.71 1 1
github.com/modu-ai/moai-adk/internal/cli/hook.go:307.71,311.52 1 1
github.com/modu-ai/moai-adk/internal/cli/hook.go:311.52,314.79 2 0
github.com/modu-ai/moai-adk/internal/cli/hook.go:314.79,316.5 1 0
github.com/modu-ai/moai-adk/internal/cli/hook.go:317.4,317.14 1 0
github.com/modu-ai/moai-adk/internal/cli/hook.go:321.2,328.58 3 1
github.com/modu-ai/moai-adk/internal/cli/hook.go:328.58,330.3 1 1
github.com/modu-ai/moai-adk/internal/cli/hook.go:333.2,335.28 3 1
github.com/modu-ai/moai-adk/internal/cli/hook.go:335.28,337.3 1 1
github.com/modu-ai/moai-adk/internal/cli/hook.go:338.2,338.16 1 1
github.com/modu-ai/moai-adk/internal/cli/hook.go:338.16,340.3 1 1
github.com/modu-ai/moai-adk/internal/cli/hook.go:347.2,347.18 1 1
github.com/modu-ai/moai-adk/internal/cli/hook.go:347.18,348.61 1 1
github.com/modu-ai/moai-adk/internal/cli/hook.go:348.61,350.4 1 0
github.com/modu-ai/moai-adk/internal/cli/hook.go:351.8,351.69 1 1
github.com/modu-ai/moai-adk/internal/cli/hook.go:351.69,353.3 1 1
github.com/modu-ai/moai-adk/internal/cli/hook.go:358.2,358.43 1 1
github.com/modu-ai/moai-adk/internal/cli/hook.go:358.43,360.3 1 1
github.com/modu-ai/moai-adk/internal/cli/hook.go:369.2,369.28 1 1
github.com/modu-ai/moai-adk/internal/cli/hook.go:369.28,371.3 1 1
github.com/modu-ai/moai-adk/internal/cli/hook.go:373.2,373.12 1 1
github.com/modu-ai/moai-adk/internal/cli/hook.go:388.98,389.76 1 1
github.com/modu-ai/moai-adk/internal/cli/hook.go:389.76,390.19 1 1
github.com/modu-ai/moai-adk/internal/cli/hook.go:390.19,392.4 1 0
github.com/modu-ai/moai-adk/internal/cli/hook.go:393.3,394.86 2 1
github.com/modu-ai/moai-adk/internal/cli/hook.go:394.86,396.4 1 1
github.com/modu-ai/moai-adk/internal/cli/hook.go:397.3,397.21 1 1
github.com/modu-ai/moai-adk/internal/cli/hook.go:397.21,398.73 1 1
github.com/modu-ai/moai-adk/internal/cli/hook.go:398.73,400.5 1 0
github.com/modu-ai/moai-adk/internal/cli/hook.go:402.3,402.13 1 1
github.com/modu-ai/moai-adk/internal/cli/hook.go:405.2,405.83 1 1
github.com/modu-ai/moai-adk/internal/cli/hook.go:405.83,407.3 1 1
github.com/modu-ai/moai-adk/internal/cli/hook.go:408.2,408.12 1 1
github.com/modu-ai/moai-adk/internal/cli/hook.go:412.56,415.45 2 1
github.com/modu-ai/moai-adk/internal/cli/hook.go:415.45,418.3 2 1
github.com/modu-ai/moai-adk/internal/cli/hook.go:420.2,423.31 4 1
github.com/modu-ai/moai-adk/internal/cli/hook.go:423.31,427.16 4 1
github.com/modu-ai/moai-adk/internal/cli/hook.go:427.16,429.17 2 1
github.com/modu-ai/moai-adk/internal/cli/hook.go:429.17,431.5 1 1
github.com/modu-ai/moai-adk/internal/cli/hook.go:432.4,432.102 1 1
github.com/modu-ai/moai-adk/internal/cli/hook.go:436.2,436.24 1 1
github.com/modu-ai/moai-adk/internal/cli/hook.go:436.24,438.3 1 1
github.com/modu-ai/moai-adk/internal/cli/hook.go:438.8,440.3 1 1
github.com/modu-ai/moai-adk/internal/cli/hook.go:442.2,442.12 1 1
github.com/modu-ai/moai-adk/internal/cli/hook.go:447.60,448.73 1 1
github.com/modu-ai/moai-adk/internal/cli/hook.go:448.73,450.3 1 1
github.com/modu-ai/moai-adk/internal/cli/hook.go:452.2,456.16 3 1
github.com/modu-ai/moai-adk/internal/cli/hook.go:456.16,459.96 2 1
github.com/modu-ai/moai-adk/internal/cli/hook.go:459.96,461.4 1 0
github.com/modu-ai/moai-adk/internal/cli/hook.go:462.3,462.13 1 1
github.com/modu-ai/moai-adk/internal/cli/hook.go:469.2,470.9 2 1
github.com/modu-ai/moai-adk/internal/cli/hook.go:471.88,472.31 1 1
github.com/modu-ai/moai-adk/internal/cli/hook.go:473.92,474.32 1 1
github.com/modu-ai/moai-adk/internal/cli/hook.go:475.39,476.33 1 1
github.com/modu-ai/moai-adk/internal/cli/hook.go:477.10,479.31 1 1
github.com/modu-ai/moai-adk/internal/cli/hook.go:482.2,486.58 3 1
github.com/modu-ai/moai-adk/internal/cli/hook.go:486.58,488.3 1 0
github.com/modu-ai/moai-adk/internal/cli/hook.go:490.2,491.16 2 1
github.com/modu-ai/moai-adk/internal/cli/hook.go:491.16,493.3 1 1
github.com/modu-ai/moai-adk/internal/cli/hook.go:495.2,495.83 1 1
github.com/modu-ai/moai-adk/internal/cli/hook.go:495.83,497.3 1 1
github.com/modu-ai/moai-adk/internal/cli/hook.go:502.2,502.43 1 1
github.com/modu-ai/moai-adk/internal/cli/hook.go:502.43,504.3 1 0
github.com/modu-ai/moai-adk/internal/cli/hook.go:506.2,506.12 1 1
github.com/modu-ai/moai-adk/internal/cli/hook.go:510.50,511.34 1 1
github.com/modu-ai/moai-adk/internal/cli/hook.go:511.34,512.64 1 1
github.com/modu-ai/moai-adk/internal/cli/hook.go:512.64,514.4 1 1
github.com/modu-ai/moai-adk/internal/cli/hook.go:516.2,516.14 1 1
github.com/modu-ai/moai-adk/internal/cli/hook.go:520.53,522.2 1 1
github.com/modu-ai/moai-adk/internal/cli/hook.go:526.58,527.73 1 0
github.com/modu-ai/moai-adk/internal/cli/hook.go:527.73,529.3 1 0
github.com/modu-ai/moai-adk/internal/cli/hook.go:532.2,533.16 2 0
github.com/modu-ai/moai-adk/internal/cli/hook.go:533.16,535.3 1 0
github.com/modu-ai/moai-adk/internal/cli/hook.go:537.2,543.16 5 0
github.com/modu-ai/moai-adk/internal/cli/hook.go:543.16,547.3 2 0
github.com/modu-ai/moai-adk/internal/cli/hook.go:549.2,549.91 1 0
github.com/modu-ai/moai-adk/internal/cli/hook.go:549.91,551.3 1 0
github.com/modu-ai/moai-adk/internal/cli/hook.go:554.2,554.12 1 0
github.com/modu-ai/moai-adk/internal/cli/hook.go:560.67,561.45 1 0
github.com/modu-ai/moai-adk/internal/cli/hook.go:561.45,563.3 1 0
github.com/modu-ai/moai-adk/internal/cli/hook.go:564.2,565.16 2 0
github.com/modu-ai/moai-adk/internal/cli/hook.go:565.16,568.3 2 0
github.com/modu-ai/moai-adk/internal/cli/hook.go:569.2,569.31 1 0
github.com/modu-ai/moai-adk/internal/cli/hook.go:569.31,571.3 1 0
github.com/modu-ai/moai-adk/internal/cli/hook.go:572.2,576.16 5 0
github.com/modu-ai/moai-adk/internal/cli/hook.go:576.16,579.3 2 0
github.com/modu-ai/moai-adk/internal/cli/hook.go:580.2,580.108 1 0
github.com/modu-ai/moai-adk/internal/cli/hook.go:580.108,584.3 1 0
github.com/modu-ai/moai-adk/internal/cli/hook.go:585.2,585.12 1 0
github.com/modu-ai/moai-adk/internal/cli/hook.go:592.63,594.2 1 0
github.com/modu-ai/moai-adk/internal/cli/hook.go:598.63,600.2 1 0
github.com/modu-ai/moai-adk/internal/cli/hook.go:605.65,607.2 1 0
github.com/modu-ai/moai-adk/internal/cli/hook.go:628.56,630.2 1 1
github.com/modu-ai/moai-adk/internal/cli/hook.go:652.50,654.2 1 1
github.com/modu-ai/moai-adk/internal/cli/hook.go:681.38,682.63 1 1
github.com/modu-ai/moai-adk/internal/cli/hook.go:682.63,684.3 1 1
github.com/modu-ai/moai-adk/internal/cli/hook.go:685.2,686.16 2 1
github.com/modu-ai/moai-adk/internal/cli/hook.go:686.16,688.3 1 0
github.com/modu-ai/moai-adk/internal/cli/hook.go:689.2,689.12 1 1
github.com/modu-ai/moai-adk/internal/cli/hook.go:707.48,709.32 2 1
github.com/modu-ai/moai-adk/internal/cli/hook.go:709.32,711.3 1 0
github.com/modu-ai/moai-adk/internal/cli/hook.go:712.2,712.14 1 1
github.com/modu-ai/moai-adk/internal/cli/hook.go:715.62,733.38 3 1
github.com/modu-ai/moai-adk/internal/cli/hook.go:733.38,735.3 1 0
github.com/modu-ai/moai-adk/internal/cli/hook.go:740.2,740.37 1 1
github.com/modu-ai/moai-adk/internal/cli/hook.go:740.37,742.3 1 1
github.com/modu-ai/moai-adk/internal/cli/hook.go:744.2,752.19 6 1
github.com/modu-ai/moai-adk/internal/cli/hook.go:752.19,754.3 1 0
github.com/modu-ai/moai-adk/internal/cli/hook.go:759.2,768.53 3 1
github.com/modu-ai/moai-adk/internal/cli/hook.go:768.53,770.3 1 0
github.com/modu-ai/moai-adk/internal/cli/hook.go:788.2,788.62 1 1
github.com/modu-ai/moai-adk/internal/cli/hook.go:788.62,790.3 1 1
github.com/modu-ai/moai-adk/internal/cli/hook.go:792.2,792.12 1 1
github.com/modu-ai/moai-adk/internal/cli/hook.go:810.66,815.31 2 1
github.com/modu-ai/moai-adk/internal/cli/hook.go:815.31,817.3 1 1
github.com/modu-ai/moai-adk/internal/cli/hook.go:819.2,819.37 1 1
github.com/modu-ai/moai-adk/internal/cli/hook.go:819.37,821.3 1 0
github.com/modu-ai/moai-adk/internal/cli/hook.go:826.2,850.53 9 1
github.com/modu-ai/moai-adk/internal/cli/hook.go:850.53,852.3 1 1
github.com/modu-ai/moai-adk/internal/cli/hook.go:861.2,861.96 1 1
github.com/modu-ai/moai-adk/internal/cli/hook.go:861.96,863.3 1 1
github.com/modu-ai/moai-adk/internal/cli/hook.go:863.8,873.21 2 1
github.com/modu-ai/moai-adk/internal/cli/hook.go:873.21,874.55 1 1
github.com/modu-ai/moai-adk/internal/cli/hook.go:874.55,876.5 1 1
github.com/modu-ai/moai-adk/internal/cli/hook.go:876.10,876.20 1 1
github.com/modu-ai/moai-adk/internal/cli/hook.go:876.20,878.5 1 1
github.com/modu-ai/moai-adk/internal/cli/hook.go:892.2,896.12 3 1
github.com/modu-ai/moai-adk/internal/cli/hook.go:908.77,909.31 1 1
github.com/modu-ai/moai-adk/internal/cli/hook.go:909.31,911.3 1 1
github.com/modu-ai/moai-adk/internal/cli/hook.go:912.2,912.37 1 1
github.com/modu-ai/moai-adk/internal/cli/hook.go:912.37,914.3 1 1
github.com/modu-ai/moai-adk/internal/cli/hook.go:915.2,915.96 1 1
github.com/modu-ai/moai-adk/internal/cli/hook.go:925.67,926.15 1 1
github.com/modu-ai/moai-adk/internal/cli/hook.go:926.15,928.3 1 1
github.com/modu-ai/moai-adk/internal/cli/hook.go:929.2,930.52 2 1
github.com/modu-ai/moai-adk/internal/cli/hook.go:948.74,953.31 2 1
github.com/modu-ai/moai-adk/internal/cli/hook.go:953.31,955.3 1 1
github.com/modu-ai/moai-adk/internal/cli/hook.go:957.2,957.37 1 1
github.com/modu-ai/moai-adk/internal/cli/hook.go:957.37,959.3 1 0
github.com/modu-ai/moai-adk/internal/cli/hook.go:965.2,969.19 3 1
github.com/modu-ai/moai-adk/internal/cli/hook.go:969.19,971.3 1 1
github.com/modu-ai/moai-adk/internal/cli/hook.go:973.2,990.53 6 1
github.com/modu-ai/moai-adk/internal/cli/hook.go:990.53,992.3 1 1
github.com/modu-ai/moai-adk/internal/cli/hook.go:994.2,994.12 1 1
github.com/modu-ai/moai-adk/internal/cli/hook.go:1029.63,1030.13 1 1
github.com/modu-ai/moai-adk/internal/cli/hook.go:1031.18,1032.32 1 1
github.com/modu-ai/moai-adk/internal/cli/hook.go:1033.17,1034.35 1 1
github.com/modu-ai/moai-adk/internal/cli/hook.go:1035.14,1036.32 1 1
github.com/modu-ai/moai-adk/internal/cli/hook.go:1037.14,1038.32 1 1
github.com/modu-ai/moai-adk/internal/cli/hook.go:1039.10,1041.32 1 1
github.com/modu-ai/moai-adk/internal/cli/hook.go:1047.45,1048.27 1 1
github.com/modu-ai/moai-adk/internal/cli/hook.go:1048.27,1049.10 1 1
github.com/modu-ai/moai-adk/internal/cli/hook.go:1050.35,1051.15 1 1
github.com/modu-ai/moai-adk/internal/cli/hook.go:1052.69,1053.15 1 1
github.com/modu-ai/moai-adk/internal/cli/hook.go:1054.35,1055.15 1 1
github.com/modu-ai/moai-adk/internal/cli/hook.go:1056.43,1057.15 1 1
github.com/modu-ai/moai-adk/internal/cli/hook.go:1060.2,1060.11 1 1
github.com/modu-ai/moai-adk/internal/cli/hook.go:1065.45,1068.2 2 1
github.com/modu-ai/moai-adk/internal/cli/hook.go:1071.63,1074.16 3 1
github.com/modu-ai/moai-adk/internal/cli/hook.go:1074.16,1076.3 1 0
github.com/modu-ai/moai-adk/internal/cli/hook.go:1077.2,1082.51 2 1
github.com/modu-ai/moai-adk/internal/cli/hook.go:1082.51,1084.3 1 0
github.com/modu-ai/moai-adk/internal/cli/hook.go:1085.2,1085.39 1 1
github.com/modu-ai/moai-adk/internal/cli/hook.go:1094.78,1099.31 2 1
github.com/modu-ai/moai-adk/internal/cli/hook.go:1099.31,1101.3 1 1
github.com/modu-ai/moai-adk/internal/cli/hook.go:1103.2,1103.37 1 1
github.com/modu-ai/moai-adk/internal/cli/hook.go:1103.37,1105.3 1 0
github.com/modu-ai/moai-adk/internal/cli/hook.go:1110.2,1116.19 4 1
github.com/modu-ai/moai-adk/internal/cli/hook.go:1116.19,1118.3 1 1
github.com/modu-ai/moai-adk/internal/cli/hook.go:1121.2,1125.40 3 1
github.com/modu-ai/moai-adk/internal/cli/hook.go:1125.40,1127.3 1 1
github.com/modu-ai/moai-adk/internal/cli/hook.go:1132.2,1154.62 10 1
github.com/modu-ai/moai-adk/internal/cli/hook.go:1154.62,1158.39 3 1
github.com/modu-ai/moai-adk/internal/cli/hook.go:1158.39,1160.4 1 1
github.com/modu-ai/moai-adk/internal/cli/hook.go:1161.3,1161.38 1 1
github.com/modu-ai/moai-adk/internal/cli/hook.go:1165.2,1165.40 1 1
github.com/modu-ai/moai-adk/internal/cli/hook.go:1165.40,1167.3 1 1
github.com/modu-ai/moai-adk/internal/cli/hook.go:1169.2,1169.53 1 1
github.com/modu-ai/moai-adk/internal/cli/hook.go:1169.53,1171.3 1 0
github.com/modu-ai/moai-adk/internal/cli/hook.go:1173.2,1173.12 1 1
github.com/modu-ai/moai-adk/internal/cli/hook.go:1193.51,1196.16 3 1
github.com/modu-ai/moai-adk/internal/cli/hook.go:1196.16,1198.3 1 1
github.com/modu-ai/moai-adk/internal/cli/hook.go:1199.2,1204.51 2 1
github.com/modu-ai/moai-adk/internal/cli/hook.go:1204.51,1206.3 1 0
github.com/modu-ai/moai-adk/internal/cli/hook.go:1207.2,1207.43 1 1
github.com/modu-ai/moai-adk/internal/cli/hook.go:1207.43,1209.3 1 1
github.com/modu-ai/moai-adk/internal/cli/hook.go:1210.2,1210.36 1 0
github.com/modu-ai/moai-adk/internal/cli/hook.go:1248.63,1254.37 2 1
github.com/modu-ai/moai-adk/internal/cli/hook.go:1254.37,1256.3 1 1
github.com/modu-ai/moai-adk/internal/cli/hook.go:1258.2,1259.16 2 1
github.com/modu-ai/moai-adk/internal/cli/hook.go:1259.16,1264.3 2 0
github.com/modu-ai/moai-adk/internal/cli/hook.go:1267.2,1269.12 2 1
github.com/modu-ai/moai-adk/internal/cli/hook.go:1295.60,1298.16 3 1
github.com/modu-ai/moai-adk/internal/cli/hook.go:1298.16,1300.3 1 1
github.com/modu-ai/moai-adk/internal/cli/hook.go:1301.2,1301.15 1 1
github.com/modu-ai/moai-adk/internal/cli/hook.go:1301.15,1301.32 1 1
github.com/modu-ai/moai-adk/internal/cli/hook.go:1302.2,1303.21 2 1
github.com/modu-ai/moai-adk/internal/cli/hook.go:1303.21,1305.17 2 1
github.com/modu-ai/moai-adk/internal/cli/hook.go:1305.17,1306.12 1 0
github.com/modu-ai/moai-adk/internal/cli/hook.go:1308.3,1309.58 2 1
github.com/modu-ai/moai-adk/internal/cli/hook.go:1309.58,1310.12 1 0
github.com/modu-ai/moai-adk/internal/cli/hook.go:1312.3,1312.25 1 1
github.com/modu-ai/moai-adk/internal/cli/hook.go:1312.25,1314.4 1 1
github.com/modu-ai/moai-adk/internal/cli/hook.go:1316.2,1316.18 1 1
github.com/modu-ai/moai-adk/internal/cli/hook.go:1319.85,1327.19 4 1
github.com/modu-ai/moai-adk/internal/cli/hook.go:1327.19,1329.3 1 1
github.com/modu-ai/moai-adk/internal/cli/hook.go:1331.2,1339.29 4 1
github.com/modu-ai/moai-adk/internal/cli/hook.go:1339.29,1345.41 1 1
github.com/modu-ai/moai-adk/internal/cli/hook.go:1345.41,1346.12 1 1
github.com/modu-ai/moai-adk/internal/cli/hook.go:1348.3,1352.64 2 1
github.com/modu-ai/moai-adk/internal/cli/hook.go:1352.64,1353.12 1 1
github.com/modu-ai/moai-adk/internal/cli/hook.go:1356.3,1363.65 2 1
github.com/modu-ai/moai-adk/internal/cli/hook.go:1363.65,1365.4 1 0
github.com/modu-ai/moai-adk/internal/cli/hook.go:1366.3,1366.15 1 1
github.com/modu-ai/moai-adk/internal/cli/hook.go:1369.2,1369.39 1 1
github.com/modu-ai/moai-adk/internal/cli/hook.go:1383.50,1388.16 4 1
github.com/modu-ai/moai-adk/internal/cli/hook.go:1388.16,1390.3 1 0
github.com/modu-ai/moai-adk/internal/cli/hook.go:1391.2,1392.26 2 1
github.com/modu-ai/moai-adk/internal/cli/hook.go:1392.26,1394.3 1 1
github.com/modu-ai/moai-adk/internal/cli/hook.go:1395.2,1396.16 2 1
github.com/modu-ai/moai-adk/internal/cli/hook.go:1396.16,1398.3 1 1
github.com/modu-ai/moai-adk/internal/cli/hook.go:1399.2,1399.26 1 1
github.com/modu-ai/moai-adk/internal/cli/hook_harness_codex.go:30.59,31.47 1 1
github.com/modu-ai/moai-adk/internal/cli/hook_harness_codex.go:32.10,33.20 1 1
github.com/modu-ai/moai-adk/internal/cli/hook_harness_codex.go:34.29,35.19 1 1
github.com/modu-ai/moai-adk/internal/cli/hook_harness_codex.go:36.16,37.20 1 0
github.com/modu-ai/moai-adk/internal/cli/hook_harness_codex.go:38.10,39.91 1 1
github.com/modu-ai/moai-adk/internal/cli/hook_harness_codex.go:48.83,49.47 1 1
github.com/modu-ai/moai-adk/internal/cli/hook_harness_codex.go:49.47,53.3 1 0
github.com/modu-ai/moai-adk/internal/cli/hook_harness_codex.go:54.2,55.16 2 1
github.com/modu-ai/moai-adk/internal/cli/hook_harness_codex.go:55.16,57.3 1 1
github.com/modu-ai/moai-adk/internal/cli/hook_harness_codex.go:58.2,59.16 2 1
github.com/modu-ai/moai-adk/internal/cli/hook_harness_codex.go:59.16,61.3 1 0
github.com/modu-ai/moai-adk/internal/cli/hook_harness_codex.go:62.2,62.26 1 1
github.com/modu-ai/moai-adk/internal/cli/hook_harness_codex.go:62.26,65.3 1 1
github.com/modu-ai/moai-adk/internal/cli/hook_harness_codex.go:66.2,66.12 1 1
github.com/modu-ai/moai-adk/internal/cli/hook_harness_codex.go:76.80,78.68 2 1
github.com/modu-ai/moai-adk/internal/cli/hook_harness_codex.go:78.68,80.3 1 0
github.com/modu-ai/moai-adk/internal/cli/hook_harness_codex.go:81.2,82.16 2 1
github.com/modu-ai/moai-adk/internal/cli/hook_harness_codex.go:82.16,84.3 1 0
github.com/modu-ai/moai-adk/internal/cli/hook_harness_codex.go:89.2,90.112 2 1
github.com/modu-ai/moai-adk/internal/cli/hook_harness_codex.go:90.112,94.3 1 0
github.com/modu-ai/moai-adk/internal/cli/hook_harness_codex.go:96.2,96.65 1 1
github.com/modu-ai/moai-adk/internal/cli/hook_harness_codex.go:96.65,98.3 1 0
github.com/modu-ai/moai-adk/internal/cli/hook_harness_codex.go:99.2,99.12 1 1
github.com/modu-ai/moai-adk/internal/cli/hook_install.go:158.61,160.2 1 1
github.com/modu-ai/moai-adk/internal/cli/hook_install.go:172.64,177.10 4 1
github.com/modu-ai/moai-adk/internal/cli/hook_install.go:177.10,179.3 1 1
github.com/modu-ai/moai-adk/internal/cli/hook_install.go:181.2,182.52 2 1
github.com/modu-ai/moai-adk/internal/cli/hook_install.go:182.52,184.3 1 0
github.com/modu-ai/moai-adk/internal/cli/hook_install.go:186.2,189.45 2 1
github.com/modu-ai/moai-adk/internal/cli/hook_install.go:189.45,192.17 2 1
github.com/modu-ai/moai-adk/internal/cli/hook_install.go:192.17,194.4 1 0
github.com/modu-ai/moai-adk/internal/cli/hook_install.go:195.3,195.21 1 1
github.com/modu-ai/moai-adk/internal/cli/hook_install.go:195.21,197.4 1 1
github.com/modu-ai/moai-adk/internal/cli/hook_install.go:200.3,201.17 2 1
github.com/modu-ai/moai-adk/internal/cli/hook_install.go:201.17,203.4 1 0
github.com/modu-ai/moai-adk/internal/cli/hook_install.go:204.3,210.44 3 1
github.com/modu-ai/moai-adk/internal/cli/hook_install.go:210.44,212.18 2 1
github.com/modu-ai/moai-adk/internal/cli/hook_install.go:212.18,219.5 1 0
github.com/modu-ai/moai-adk/internal/cli/hook_install.go:220.4,220.33 1 1
github.com/modu-ai/moai-adk/internal/cli/hook_install.go:224.2,224.73 1 1
github.com/modu-ai/moai-adk/internal/cli/hook_install.go:224.73,226.3 1 0
github.com/modu-ai/moai-adk/internal/cli/hook_install.go:232.2,234.12 2 1
github.com/modu-ai/moai-adk/internal/cli/hook_install.go:247.85,250.9 3 1
github.com/modu-ai/moai-adk/internal/cli/hook_install.go:251.18,252.12 1 1
github.com/modu-ai/moai-adk/internal/cli/hook_install.go:252.12,254.38 2 1
github.com/modu-ai/moai-adk/internal/cli/hook_install.go:254.38,260.5 1 1
github.com/modu-ai/moai-adk/internal/cli/hook_install.go:261.4,261.42 1 1
github.com/modu-ai/moai-adk/internal/cli/hook_install.go:261.42,265.5 1 0
github.com/modu-ai/moai-adk/internal/cli/hook_install.go:267.41,268.98 1 0
github.com/modu-ai/moai-adk/internal/cli/hook_install.go:269.46,272.111 1 0
github.com/modu-ai/moai-adk/internal/cli/hook_install.go:273.10,274.37 1 0
github.com/modu-ai/moai-adk/internal/cli/hook_install.go:274.37,280.4 1 0
github.com/modu-ai/moai-adk/internal/cli/hook_install.go:280.9,282.4 1 0
github.com/modu-ai/moai-adk/internal/cli/hook_install.go:291.51,293.2 1 1
github.com/modu-ai/moai-adk/internal/cli/hook_install.go:299.55,301.16 2 1
github.com/modu-ai/moai-adk/internal/cli/hook_install.go:301.16,303.3 1 0
github.com/modu-ai/moai-adk/internal/cli/hook_install.go:304.2,304.15 1 1
github.com/modu-ai/moai-adk/internal/cli/hook_install.go:304.15,304.32 1 1
github.com/modu-ai/moai-adk/internal/cli/hook_install.go:306.2,308.38 3 1
github.com/modu-ai/moai-adk/internal/cli/hook_install.go:308.38,309.47 1 1
github.com/modu-ai/moai-adk/internal/cli/hook_install.go:309.47,311.4 1 1
github.com/modu-ai/moai-adk/internal/cli/hook_install.go:312.3,312.14 1 1
github.com/modu-ai/moai-adk/internal/cli/hook_install.go:314.2,314.29 1 1
github.com/modu-ai/moai-adk/internal/cli/hook_install_precommit.go:148.65,150.2 1 1
github.com/modu-ai/moai-adk/internal/cli/hook_install_precommit.go:165.68,170.10 4 1
github.com/modu-ai/moai-adk/internal/cli/hook_install_precommit.go:170.10,172.3 1 1
github.com/modu-ai/moai-adk/internal/cli/hook_install_precommit.go:174.2,175.52 2 1
github.com/modu-ai/moai-adk/internal/cli/hook_install_precommit.go:175.52,177.3 1 1
github.com/modu-ai/moai-adk/internal/cli/hook_install_precommit.go:179.2,182.45 2 1
github.com/modu-ai/moai-adk/internal/cli/hook_install_precommit.go:182.45,185.17 2 1
github.com/modu-ai/moai-adk/internal/cli/hook_install_precommit.go:185.17,187.4 1 0
github.com/modu-ai/moai-adk/internal/cli/hook_install_precommit.go:188.3,188.17 1 1
github.com/modu-ai/moai-adk/internal/cli/hook_install_precommit.go:188.17,190.4 1 1
github.com/modu-ai/moai-adk/internal/cli/hook_install_precommit.go:194.3,195.17 2 1
github.com/modu-ai/moai-adk/internal/cli/hook_install_precommit.go:195.17,197.4 1 0
github.com/modu-ai/moai-adk/internal/cli/hook_install_precommit.go:198.3,204.44 3 1
github.com/modu-ai/moai-adk/internal/cli/hook_install_precommit.go:204.44,206.18 2 1
github.com/modu-ai/moai-adk/internal/cli/hook_install_precommit.go:206.18,214.5 1 1
github.com/modu-ai/moai-adk/internal/cli/hook_install_precommit.go:215.4,215.33 1 1
github.com/modu-ai/moai-adk/internal/cli/hook_install_precommit.go:219.2,219.73 1 1
github.com/modu-ai/moai-adk/internal/cli/hook_install_precommit.go:219.73,221.3 1 0
github.com/modu-ai/moai-adk/internal/cli/hook_install_precommit.go:228.2,230.12 2 1
github.com/modu-ai/moai-adk/internal/cli/hook_install_precommit.go:242.87,245.9 3 1
github.com/modu-ai/moai-adk/internal/cli/hook_install_precommit.go:246.18,247.12 1 1
github.com/modu-ai/moai-adk/internal/cli/hook_install_precommit.go:247.12,249.38 2 1
github.com/modu-ai/moai-adk/internal/cli/hook_install_precommit.go:249.38,257.5 1 1
github.com/modu-ai/moai-adk/internal/cli/hook_install_precommit.go:258.4,258.42 1 1
github.com/modu-ai/moai-adk/internal/cli/hook_install_precommit.go:258.42,263.5 1 1
github.com/modu-ai/moai-adk/internal/cli/hook_install_precommit.go:265.41,266.100 1 1
github.com/modu-ai/moai-adk/internal/cli/hook_install_precommit.go:267.48,270.113 1 1
github.com/modu-ai/moai-adk/internal/cli/hook_install_precommit.go:271.10,272.37 1 1
github.com/modu-ai/moai-adk/internal/cli/hook_install_precommit.go:272.37,278.4 1 0
github.com/modu-ai/moai-adk/internal/cli/hook_install_precommit.go:278.9,280.4 1 1
github.com/modu-ai/moai-adk/internal/cli/hook_install_shared.go:76.36,77.27 1 0
github.com/modu-ai/moai-adk/internal/cli/hook_install_shared.go:77.27,79.3 1 0
github.com/modu-ai/moai-adk/internal/cli/hook_install_shared.go:80.2,80.21 1 0
github.com/modu-ai/moai-adk/internal/cli/hook_install_shared.go:100.36,101.37 1 0
github.com/modu-ai/moai-adk/internal/cli/hook_install_shared.go:101.37,103.3 1 0
github.com/modu-ai/moai-adk/internal/cli/hook_install_shared.go:104.2,104.17 1 0
github.com/modu-ai/moai-adk/internal/cli/hook_install_shared.go:121.93,122.26 1 1
github.com/modu-ai/moai-adk/internal/cli/hook_install_shared.go:122.26,125.39 1 1
github.com/modu-ai/moai-adk/internal/cli/hook_install_shared.go:125.39,127.4 1 1
github.com/modu-ai/moai-adk/internal/cli/hook_install_shared.go:128.3,128.85 1 1
github.com/modu-ai/moai-adk/internal/cli/hook_install_shared.go:131.2,131.48 1 1
github.com/modu-ai/moai-adk/internal/cli/hook_install_shared.go:131.48,133.3 1 1
github.com/modu-ai/moai-adk/internal/cli/hook_install_shared.go:134.2,134.73 1 1
github.com/modu-ai/moai-adk/internal/cli/hook_install_shared.go:140.63,142.16 2 1
github.com/modu-ai/moai-adk/internal/cli/hook_install_shared.go:142.16,144.3 1 1
github.com/modu-ai/moai-adk/internal/cli/hook_install_shared.go:145.2,146.48 2 1
github.com/modu-ai/moai-adk/internal/cli/hook_install_shared.go:146.48,148.3 1 0
github.com/modu-ai/moai-adk/internal/cli/hook_install_shared.go:149.2,149.52 1 1
github.com/modu-ai/moai-adk/internal/cli/hook_install_shared.go:149.52,151.3 1 0
github.com/modu-ai/moai-adk/internal/cli/hook_install_shared.go:152.2,152.15 1 1
github.com/modu-ai/moai-adk/internal/cli/hook_install_shared.go:156.72,158.95 2 1
github.com/modu-ai/moai-adk/internal/cli/hook_install_shared.go:158.95,160.3 1 1
github.com/modu-ai/moai-adk/internal/cli/hook_install_shared.go:161.2,161.12 1 1
github.com/modu-ai/moai-adk/internal/cli/hook_install_shared.go:164.37,167.2 2 1
github.com/modu-ai/moai-adk/internal/cli/hook_install_shared.go:175.94,177.20 2 1
github.com/modu-ai/moai-adk/internal/cli/hook_install_shared.go:177.20,179.12 2 1
github.com/modu-ai/moai-adk/internal/cli/hook_install_shared.go:179.12,181.4 1 1
github.com/modu-ai/moai-adk/internal/cli/hook_install_shared.go:182.3,184.17 3 1
github.com/modu-ai/moai-adk/internal/cli/hook_install_shared.go:184.17,185.23 1 1
github.com/modu-ai/moai-adk/internal/cli/hook_install_shared.go:185.23,186.13 1 1
github.com/modu-ai/moai-adk/internal/cli/hook_install_shared.go:188.4,188.91 1 1
github.com/modu-ai/moai-adk/internal/cli/hook_install_shared.go:190.3,190.44 1 1
github.com/modu-ai/moai-adk/internal/cli/hook_install_shared.go:190.44,193.4 2 0
github.com/modu-ai/moai-adk/internal/cli/hook_install_shared.go:194.3,194.35 1 1
github.com/modu-ai/moai-adk/internal/cli/hook_install_shared.go:194.35,196.4 1 0
github.com/modu-ai/moai-adk/internal/cli/hook_install_shared.go:197.3,197.19 1 1
github.com/modu-ai/moai-adk/internal/cli/hook_pre_push.go:19.13,21.2 1 1
github.com/modu-ai/moai-adk/internal/cli/hook_pre_push.go:60.43,62.62 1 1
github.com/modu-ai/moai-adk/internal/cli/hook_pre_push.go:62.62,63.51 1 1
github.com/modu-ai/moai-adk/internal/cli/hook_pre_push.go:63.51,65.4 1 1
github.com/modu-ai/moai-adk/internal/cli/hook_pre_push.go:69.2,69.39 1 1
github.com/modu-ai/moai-adk/internal/cli/hook_pre_push.go:69.39,70.43 1 1
github.com/modu-ai/moai-adk/internal/cli/hook_pre_push.go:70.43,71.62 1 1
github.com/modu-ai/moai-adk/internal/cli/hook_pre_push.go:71.62,72.76 1 1
github.com/modu-ai/moai-adk/internal/cli/hook_pre_push.go:72.76,74.6 1 1
github.com/modu-ai/moai-adk/internal/cli/hook_pre_push.go:77.5,77.26 1 1
github.com/modu-ai/moai-adk/internal/cli/hook_pre_push.go:83.2,83.23 1 1
github.com/modu-ai/moai-adk/internal/cli/hook_pre_push.go:88.61,89.15 1 1
github.com/modu-ai/moai-adk/internal/cli/hook_pre_push.go:90.14,91.27 1 1
github.com/modu-ai/moai-adk/internal/cli/hook_pre_push.go:92.14,93.27 1 1
github.com/modu-ai/moai-adk/internal/cli/hook_pre_push.go:94.17,95.30 1 1
github.com/modu-ai/moai-adk/internal/cli/hook_pre_push.go:96.10,97.31 1 1
github.com/modu-ai/moai-adk/internal/cli/hook_pre_push.go:107.63,108.52 1 1
github.com/modu-ai/moai-adk/internal/cli/hook_pre_push.go:108.52,110.3 1 1
github.com/modu-ai/moai-adk/internal/cli/hook_pre_push.go:111.2,111.10 1 1
github.com/modu-ai/moai-adk/internal/cli/hook_pre_push.go:115.55,121.31 2 1
github.com/modu-ai/moai-adk/internal/cli/hook_pre_push.go:121.31,123.3 1 1
github.com/modu-ai/moai-adk/internal/cli/hook_pre_push.go:126.2,129.27 2 1
github.com/modu-ai/moai-adk/internal/cli/hook_pre_push.go:129.27,131.3 1 1
github.com/modu-ai/moai-adk/internal/cli/hook_pre_push.go:134.2,135.20 2 1
github.com/modu-ai/moai-adk/internal/cli/hook_pre_push.go:135.20,138.17 3 1
github.com/modu-ai/moai-adk/internal/cli/hook_pre_push.go:138.17,140.4 1 0
github.com/modu-ai/moai-adk/internal/cli/hook_pre_push.go:145.2,148.59 4 1
github.com/modu-ai/moai-adk/internal/cli/hook_pre_push.go:148.59,150.3 1 1
github.com/modu-ai/moai-adk/internal/cli/hook_pre_push.go:151.2,155.16 3 1
github.com/modu-ai/moai-adk/internal/cli/hook_pre_push.go:155.16,157.3 1 0
github.com/modu-ai/moai-adk/internal/cli/hook_pre_push.go:159.2,159.21 1 1
github.com/modu-ai/moai-adk/internal/cli/hook_pre_push.go:159.21,162.3 2 1
github.com/modu-ai/moai-adk/internal/cli/hook_pre_push.go:165.2,169.28 4 1
github.com/modu-ai/moai-adk/internal/cli/hook_pre_push.go:169.28,170.15 1 1
github.com/modu-ai/moai-adk/internal/cli/hook_pre_push.go:170.15,172.4 1 1
github.com/modu-ai/moai-adk/internal/cli/hook_pre_push.go:175.2,175.21 1 1
github.com/modu-ai/moai-adk/internal/cli/hook_pre_push.go:175.21,178.3 2 0
github.com/modu-ai/moai-adk/internal/cli/hook_pre_push.go:183.2,187.28 3 1
github.com/modu-ai/moai-adk/internal/cli/hook_pre_push.go:187.28,188.15 1 1
github.com/modu-ai/moai-adk/internal/cli/hook_pre_push.go:188.15,192.4 3 1
github.com/modu-ai/moai-adk/internal/cli/hook_pre_push.go:199.2,199.41 1 1
github.com/modu-ai/moai-adk/internal/cli/hook_pre_push.go:199.41,201.3 1 1
github.com/modu-ai/moai-adk/internal/cli/hook_pre_push.go:202.2,202.12 1 0
github.com/modu-ai/moai-adk/internal/cli/hook_pre_push.go:207.37,208.64 1 1
github.com/modu-ai/moai-adk/internal/cli/hook_pre_push.go:208.64,210.3 1 1
github.com/modu-ai/moai-adk/internal/cli/hook_pre_push.go:212.2,212.39 1 1
github.com/modu-ai/moai-adk/internal/cli/hook_pre_push.go:212.39,214.55 2 1
github.com/modu-ai/moai-adk/internal/cli/hook_pre_push.go:214.55,216.4 1 1
github.com/modu-ai/moai-adk/internal/cli/hook_pre_push.go:219.2,219.15 1 1
github.com/modu-ai/moai-adk/internal/cli/hook_pre_push.go:227.69,236.39 3 1
github.com/modu-ai/moai-adk/internal/cli/hook_pre_push.go:236.39,237.43 1 1
github.com/modu-ai/moai-adk/internal/cli/hook_pre_push.go:237.43,246.4 3 1
github.com/modu-ai/moai-adk/internal/cli/hook_pre_push.go:249.2,249.24 1 1
github.com/modu-ai/moai-adk/internal/cli/hook_pre_push.go:254.36,255.64 1 1
github.com/modu-ai/moai-adk/internal/cli/hook_pre_push.go:255.64,257.3 1 1
github.com/modu-ai/moai-adk/internal/cli/hook_pre_push.go:259.2,259.39 1 1
github.com/modu-ai/moai-adk/internal/cli/hook_pre_push.go:259.39,261.17 2 1
github.com/modu-ai/moai-adk/internal/cli/hook_pre_push.go:261.17,263.4 1 1
github.com/modu-ai/moai-adk/internal/cli/hook_pre_push.go:266.2,266.14 1 1
github.com/modu-ai/moai-adk/internal/cli/hook_pre_push.go:272.41,274.16 2 1
github.com/modu-ai/moai-adk/internal/cli/hook_pre_push.go:274.16,277.3 1 0
github.com/modu-ai/moai-adk/internal/cli/hook_pre_push.go:279.2,281.27 3 1
github.com/modu-ai/moai-adk/internal/cli/hook_pre_push.go:281.27,283.20 2 1
github.com/modu-ai/moai-adk/internal/cli/hook_pre_push.go:283.20,285.4 1 1
github.com/modu-ai/moai-adk/internal/cli/hook_pre_push.go:287.2,287.19 1 1
github.com/modu-ai/moai-adk/internal/cli/hook_stop_goal.go:26.80,32.32 6 1
github.com/modu-ai/moai-adk/internal/cli/hook_stop_goal.go:32.32,34.3 1 1
github.com/modu-ai/moai-adk/internal/cli/hook_stop_goal.go:35.2,35.29 1 1
github.com/modu-ai/moai-adk/internal/cli/hook_stop_goal.go:35.29,38.3 1 0
github.com/modu-ai/moai-adk/internal/cli/hook_stop_goal.go:39.2,39.31 1 1
github.com/modu-ai/moai-adk/internal/cli/hook_stop_goal.go:64.13,66.2 1 1
github.com/modu-ai/moai-adk/internal/cli/hook_stop_goal.go:68.60,71.16 3 1
github.com/modu-ai/moai-adk/internal/cli/hook_stop_goal.go:71.16,74.3 1 0
github.com/modu-ai/moai-adk/internal/cli/hook_stop_goal.go:75.2,77.16 3 1
github.com/modu-ai/moai-adk/internal/cli/hook_stop_goal.go:77.16,80.3 2 0
github.com/modu-ai/moai-adk/internal/cli/hook_stop_goal.go:81.2,81.14 1 1
github.com/modu-ai/moai-adk/internal/cli/hook_stop_goal.go:81.14,84.3 1 0
github.com/modu-ai/moai-adk/internal/cli/hook_stop_goal.go:91.2,94.47 3 1
github.com/modu-ai/moai-adk/internal/cli/hook_stop_goal.go:94.47,97.3 1 0
github.com/modu-ai/moai-adk/internal/cli/hook_stop_goal.go:105.2,105.28 1 1
github.com/modu-ai/moai-adk/internal/cli/hook_stop_goal.go:105.28,106.66 1 0
github.com/modu-ai/moai-adk/internal/cli/hook_stop_goal.go:106.66,108.4 1 0
github.com/modu-ai/moai-adk/internal/cli/hook_stop_goal.go:110.2,110.79 1 1
github.com/modu-ai/moai-adk/internal/cli/hook_stop_goal.go:110.79,113.3 1 0
github.com/modu-ai/moai-adk/internal/cli/hook_stop_goal.go:114.2,115.16 2 1
github.com/modu-ai/moai-adk/internal/cli/hook_stop_goal.go:115.16,118.3 2 0
github.com/modu-ai/moai-adk/internal/cli/hook_stop_goal.go:119.2,123.12 2 1
github.com/modu-ai/moai-adk/internal/cli/huh_theme.go:31.32,33.2 1 1
github.com/modu-ai/moai-adk/internal/cli/huh_theme.go:60.44,65.12 4 1
github.com/modu-ai/moai-adk/internal/cli/huh_theme.go:65.12,68.3 2 1
github.com/modu-ai/moai-adk/internal/cli/huh_theme.go:70.2,70.42 1 1
github.com/modu-ai/moai-adk/internal/cli/huh_theme.go:70.42,70.74 1 1
github.com/modu-ai/moai-adk/internal/cli/huh_theme.go:72.2,72.52 1 1
github.com/modu-ai/moai-adk/internal/cli/huh_theme.go:72.52,103.3 23 1
github.com/modu-ai/moai-adk/internal/cli/huh_theme.go:105.2,110.10 5 1
github.com/modu-ai/moai-adk/internal/cli/init.go:39.40,44.2 1 1
github.com/modu-ai/moai-adk/internal/cli/init.go:70.13,133.2 29 1
github.com/modu-ai/moai-adk/internal/cli/init.go:159.53,160.28 1 1
github.com/modu-ai/moai-adk/internal/cli/init.go:161.41,162.28 1 1
github.com/modu-ai/moai-adk/internal/cli/init.go:163.10,164.27 1 1
github.com/modu-ai/moai-adk/internal/cli/init.go:176.57,178.2 1 1
github.com/modu-ai/moai-adk/internal/cli/init.go:191.88,192.33 1 1
github.com/modu-ai/moai-adk/internal/cli/init.go:192.33,194.3 1 1
github.com/modu-ai/moai-adk/internal/cli/init.go:195.2,195.95 1 1
github.com/modu-ai/moai-adk/internal/cli/init.go:195.95,197.3 1 0
github.com/modu-ai/moai-adk/internal/cli/init.go:201.60,203.16 2 1
github.com/modu-ai/moai-adk/internal/cli/init.go:203.16,205.3 1 1
github.com/modu-ai/moai-adk/internal/cli/init.go:206.2,206.12 1 1
github.com/modu-ai/moai-adk/internal/cli/init.go:210.56,212.16 2 1
github.com/modu-ai/moai-adk/internal/cli/init.go:212.16,214.3 1 1
github.com/modu-ai/moai-adk/internal/cli/init.go:215.2,215.12 1 1
github.com/modu-ai/moai-adk/internal/cli/init.go:232.96,233.14 1 1
github.com/modu-ai/moai-adk/internal/cli/init.go:233.14,235.3 1 1
github.com/modu-ai/moai-adk/internal/cli/init.go:236.2,237.66 2 1
github.com/modu-ai/moai-adk/internal/cli/init.go:237.66,240.3 2 1
github.com/modu-ai/moai-adk/internal/cli/init.go:241.2,241.94 1 1
github.com/modu-ai/moai-adk/internal/cli/init.go:257.105,258.70 1 1
github.com/modu-ai/moai-adk/internal/cli/init.go:258.70,260.3 1 1
github.com/modu-ai/moai-adk/internal/cli/init.go:261.2,261.40 1 1
github.com/modu-ai/moai-adk/internal/cli/init.go:261.40,263.3 1 1
github.com/modu-ai/moai-adk/internal/cli/init.go:264.2,264.45 1 1
github.com/modu-ai/moai-adk/internal/cli/init.go:264.45,266.3 1 1
github.com/modu-ai/moai-adk/internal/cli/init.go:267.2,267.43 1 1
github.com/modu-ai/moai-adk/internal/cli/init.go:267.43,269.3 1 1
github.com/modu-ai/moai-adk/internal/cli/init.go:275.2,285.50 3 1
github.com/modu-ai/moai-adk/internal/cli/init.go:285.50,287.3 1 1
github.com/modu-ai/moai-adk/internal/cli/init.go:293.2,312.28 9 1
github.com/modu-ai/moai-adk/internal/cli/init.go:317.84,318.32 1 1
github.com/modu-ai/moai-adk/internal/cli/init.go:318.32,320.3 1 1
github.com/modu-ai/moai-adk/internal/cli/init.go:321.2,322.16 2 1
github.com/modu-ai/moai-adk/internal/cli/init.go:322.16,324.3 1 0
github.com/modu-ai/moai-adk/internal/cli/init.go:325.2,325.12 1 1
github.com/modu-ai/moai-adk/internal/cli/init.go:329.62,332.16 2 1
github.com/modu-ai/moai-adk/internal/cli/init.go:332.16,335.13 3 1
github.com/modu-ai/moai-adk/internal/cli/init.go:335.13,337.4 1 1
github.com/modu-ai/moai-adk/internal/cli/init.go:341.2,342.19 2 1
github.com/modu-ai/moai-adk/internal/cli/init.go:342.19,345.13 3 1
github.com/modu-ai/moai-adk/internal/cli/init.go:345.13,347.4 1 1
github.com/modu-ai/moai-adk/internal/cli/init.go:351.2,352.23 2 1
github.com/modu-ai/moai-adk/internal/cli/init.go:352.23,355.13 3 1
github.com/modu-ai/moai-adk/internal/cli/init.go:355.13,357.4 1 1
github.com/modu-ai/moai-adk/internal/cli/init.go:365.2,366.62 2 1
github.com/modu-ai/moai-adk/internal/cli/init.go:366.62,368.3 1 1
github.com/modu-ai/moai-adk/internal/cli/init.go:372.2,373.62 2 1
github.com/modu-ai/moai-adk/internal/cli/init.go:373.62,375.3 1 1
github.com/modu-ai/moai-adk/internal/cli/init.go:381.2,382.23 2 1
github.com/modu-ai/moai-adk/internal/cli/init.go:382.23,384.55 2 1
github.com/modu-ai/moai-adk/internal/cli/init.go:384.55,386.4 1 1
github.com/modu-ai/moai-adk/internal/cli/init.go:394.2,395.68 2 1
github.com/modu-ai/moai-adk/internal/cli/init.go:395.68,398.3 1 1
github.com/modu-ai/moai-adk/internal/cli/init.go:400.2,401.29 2 1
github.com/modu-ai/moai-adk/internal/cli/init.go:401.29,402.61 1 1
github.com/modu-ai/moai-adk/internal/cli/init.go:402.61,404.4 1 1
github.com/modu-ai/moai-adk/internal/cli/init.go:411.2,412.24 2 1
github.com/modu-ai/moai-adk/internal/cli/init.go:412.24,413.79 1 1
github.com/modu-ai/moai-adk/internal/cli/init.go:413.79,415.4 1 1
github.com/modu-ai/moai-adk/internal/cli/init.go:420.2,421.17 2 1
github.com/modu-ai/moai-adk/internal/cli/init.go:421.17,422.29 1 1
github.com/modu-ai/moai-adk/internal/cli/init.go:423.61,423.61 0 1
github.com/modu-ai/moai-adk/internal/cli/init.go:424.11,425.93 1 1
github.com/modu-ai/moai-adk/internal/cli/init.go:429.2,429.12 1 1
github.com/modu-ai/moai-adk/internal/cli/init.go:437.52,438.56 1 1
github.com/modu-ai/moai-adk/internal/cli/init.go:438.56,440.3 1 0
github.com/modu-ai/moai-adk/internal/cli/init.go:441.2,441.30 1 1
github.com/modu-ai/moai-adk/internal/cli/init.go:441.30,443.3 1 0
github.com/modu-ai/moai-adk/internal/cli/init.go:444.2,444.38 1 1
github.com/modu-ai/moai-adk/internal/cli/init.go:444.38,446.3 1 0
github.com/modu-ai/moai-adk/internal/cli/init.go:447.2,447.29 1 1
github.com/modu-ai/moai-adk/internal/cli/init.go:447.29,449.3 1 0
github.com/modu-ai/moai-adk/internal/cli/init.go:450.2,450.11 1 1
github.com/modu-ai/moai-adk/internal/cli/init.go:462.51,463.47 1 1
github.com/modu-ai/moai-adk/internal/cli/init.go:463.47,465.3 1 1
github.com/modu-ai/moai-adk/internal/cli/init.go:466.2,467.49 2 1
github.com/modu-ai/moai-adk/internal/cli/init.go:479.61,503.18 5 1
github.com/modu-ai/moai-adk/internal/cli/init.go:503.18,504.44 1 0
github.com/modu-ai/moai-adk/internal/cli/init.go:504.44,511.4 1 0
github.com/modu-ai/moai-adk/internal/cli/init.go:513.2,513.15 1 1
github.com/modu-ai/moai-adk/internal/cli/init.go:513.15,515.3 1 1
github.com/modu-ai/moai-adk/internal/cli/init.go:518.2,518.48 1 1
github.com/modu-ai/moai-adk/internal/cli/init.go:518.48,521.3 1 0
github.com/modu-ai/moai-adk/internal/cli/init.go:523.2,531.16 4 1
github.com/modu-ai/moai-adk/internal/cli/init.go:531.16,533.3 1 0
github.com/modu-ai/moai-adk/internal/cli/init.go:535.2,535.20 1 1
github.com/modu-ai/moai-adk/internal/cli/init.go:535.21,538.3 0 1
github.com/modu-ai/moai-adk/internal/cli/init.go:538.8,538.44 1 1
github.com/modu-ai/moai-adk/internal/cli/init.go:538.44,546.17 3 1
github.com/modu-ai/moai-adk/internal/cli/init.go:546.17,548.4 1 0
github.com/modu-ai/moai-adk/internal/cli/init.go:549.3,552.53 2 1
github.com/modu-ai/moai-adk/internal/cli/init.go:552.53,554.4 1 0
github.com/modu-ai/moai-adk/internal/cli/init.go:557.3,557.24 1 1
github.com/modu-ai/moai-adk/internal/cli/init.go:557.24,559.4 1 1
github.com/modu-ai/moai-adk/internal/cli/init.go:560.8,563.3 1 1
github.com/modu-ai/moai-adk/internal/cli/init.go:565.2,607.50 4 1
github.com/modu-ai/moai-adk/internal/cli/init.go:607.50,609.25 2 1
github.com/modu-ai/moai-adk/internal/cli/init.go:609.25,611.4 1 1
github.com/modu-ai/moai-adk/internal/cli/init.go:612.3,612.29 1 1
github.com/modu-ai/moai-adk/internal/cli/init.go:612.29,614.4 1 1
github.com/modu-ai/moai-adk/internal/cli/init.go:620.2,623.90 2 1
github.com/modu-ai/moai-adk/internal/cli/init.go:623.90,633.56 4 0
github.com/modu-ai/moai-adk/internal/cli/init.go:633.56,634.52 1 0
github.com/modu-ai/moai-adk/internal/cli/init.go:634.52,636.5 1 0
github.com/modu-ai/moai-adk/internal/cli/init.go:640.2,641.16 2 1
github.com/modu-ai/moai-adk/internal/cli/init.go:641.16,643.3 1 0
github.com/modu-ai/moai-adk/internal/cli/init.go:643.8,644.27 1 1
github.com/modu-ai/moai-adk/internal/cli/init.go:644.27,646.4 1 0
github.com/modu-ai/moai-adk/internal/cli/init.go:647.3,647.35 1 1
github.com/modu-ai/moai-adk/internal/cli/init.go:647.35,649.4 1 0
github.com/modu-ai/moai-adk/internal/cli/init.go:650.3,650.32 1 1
github.com/modu-ai/moai-adk/internal/cli/init.go:650.32,652.4 1 0
github.com/modu-ai/moai-adk/internal/cli/init.go:653.3,653.34 1 1
github.com/modu-ai/moai-adk/internal/cli/init.go:653.34,655.4 1 0
github.com/modu-ai/moai-adk/internal/cli/init.go:656.3,656.26 1 1
github.com/modu-ai/moai-adk/internal/cli/init.go:656.26,658.4 1 0
github.com/modu-ai/moai-adk/internal/cli/init.go:667.2,669.45 2 1
github.com/modu-ai/moai-adk/internal/cli/init.go:669.45,680.20 4 1
github.com/modu-ai/moai-adk/internal/cli/init.go:680.20,681.46 1 0
github.com/modu-ai/moai-adk/internal/cli/init.go:681.46,684.5 2 0
github.com/modu-ai/moai-adk/internal/cli/init.go:685.4,685.50 1 0
github.com/modu-ai/moai-adk/internal/cli/init.go:687.3,694.36 2 1
github.com/modu-ai/moai-adk/internal/cli/init.go:694.36,697.4 2 1
github.com/modu-ai/moai-adk/internal/cli/init.go:698.3,698.28 1 1
github.com/modu-ai/moai-adk/internal/cli/init.go:698.28,701.4 2 1
github.com/modu-ai/moai-adk/internal/cli/init.go:704.3,704.29 1 1
github.com/modu-ai/moai-adk/internal/cli/init.go:704.29,706.4 1 0
github.com/modu-ai/moai-adk/internal/cli/init.go:707.3,707.33 1 1
github.com/modu-ai/moai-adk/internal/cli/init.go:707.33,709.4 1 1
github.com/modu-ai/moai-adk/internal/cli/init.go:714.3,714.31 1 1
github.com/modu-ai/moai-adk/internal/cli/init.go:714.31,716.4 1 1
github.com/modu-ai/moai-adk/internal/cli/init.go:723.3,723.59 1 1
github.com/modu-ai/moai-adk/internal/cli/init.go:723.59,725.4 1 1
github.com/modu-ai/moai-adk/internal/cli/init.go:729.3,729.45 1 1
github.com/modu-ai/moai-adk/internal/cli/init.go:741.2,759.28 3 1
github.com/modu-ai/moai-adk/internal/cli/init.go:759.28,761.3 1 0
github.com/modu-ai/moai-adk/internal/cli/init.go:769.2,769.32 1 1
github.com/modu-ai/moai-adk/internal/cli/init.go:769.32,771.3 1 1
github.com/modu-ai/moai-adk/internal/cli/init.go:774.2,783.19 7 1
github.com/modu-ai/moai-adk/internal/cli/init.go:783.19,785.3 1 0
github.com/modu-ai/moai-adk/internal/cli/init.go:788.2,789.16 2 1
github.com/modu-ai/moai-adk/internal/cli/init.go:789.16,791.3 1 0
github.com/modu-ai/moai-adk/internal/cli/init.go:792.2,795.30 3 1
github.com/modu-ai/moai-adk/internal/cli/init.go:795.30,797.3 1 0
github.com/modu-ai/moai-adk/internal/cli/init.go:797.8,800.21 3 1
github.com/modu-ai/moai-adk/internal/cli/init.go:800.21,802.4 1 0
github.com/modu-ai/moai-adk/internal/cli/init.go:804.3,804.40 1 1
github.com/modu-ai/moai-adk/internal/cli/init.go:807.2,811.16 4 1
github.com/modu-ai/moai-adk/internal/cli/init.go:811.16,813.3 1 1
github.com/modu-ai/moai-adk/internal/cli/init.go:821.2,833.16 5 1
github.com/modu-ai/moai-adk/internal/cli/init.go:833.16,837.89 1 1
github.com/modu-ai/moai-adk/internal/cli/init.go:837.89,839.4 1 1
github.com/modu-ai/moai-adk/internal/cli/init.go:840.3,840.54 1 1
github.com/modu-ai/moai-adk/internal/cli/init.go:851.2,851.57 1 1
github.com/modu-ai/moai-adk/internal/cli/init.go:851.57,857.21 1 1
github.com/modu-ai/moai-adk/internal/cli/init.go:857.21,859.4 1 0
github.com/modu-ai/moai-adk/internal/cli/init.go:860.8,862.3 1 0
github.com/modu-ai/moai-adk/internal/cli/init.go:868.2,868.36 1 1
github.com/modu-ai/moai-adk/internal/cli/init.go:868.36,870.3 1 0
github.com/modu-ai/moai-adk/internal/cli/init.go:871.2,872.20 2 1
github.com/modu-ai/moai-adk/internal/cli/init.go:872.20,874.3 1 1
github.com/modu-ai/moai-adk/internal/cli/init.go:875.2,880.77 3 1
github.com/modu-ai/moai-adk/internal/cli/init.go:880.77,882.3 1 0
github.com/modu-ai/moai-adk/internal/cli/init.go:887.2,888.46 2 1
github.com/modu-ai/moai-adk/internal/cli/init.go:888.46,890.3 1 1
github.com/modu-ai/moai-adk/internal/cli/init.go:891.2,891.65 1 1
github.com/modu-ai/moai-adk/internal/cli/init.go:891.65,892.83 1 1
github.com/modu-ai/moai-adk/internal/cli/init.go:892.83,894.4 1 0
github.com/modu-ai/moai-adk/internal/cli/init.go:902.2,904.20 2 1
github.com/modu-ai/moai-adk/internal/cli/init.go:904.20,906.4 1 1
github.com/modu-ai/moai-adk/internal/cli/init.go:907.3,907.20 1 1
github.com/modu-ai/moai-adk/internal/cli/init.go:907.20,909.4 1 1
github.com/modu-ai/moai-adk/internal/cli/init.go:910.3,910.68 1 1
github.com/modu-ai/moai-adk/internal/cli/init.go:910.68,911.76 1 1
github.com/modu-ai/moai-adk/internal/cli/init.go:911.76,913.5 1 0
github.com/modu-ai/moai-adk/internal/cli/init.go:921.2,921.70 1 1
github.com/modu-ai/moai-adk/internal/cli/init.go:921.70,923.3 1 0
github.com/modu-ai/moai-adk/internal/cli/init.go:926.2,926.50 1 1
github.com/modu-ai/moai-adk/internal/cli/init.go:926.50,928.3 1 0
github.com/modu-ai/moai-adk/internal/cli/init.go:932.2,967.30 5 1
github.com/modu-ai/moai-adk/internal/cli/init.go:968.24,969.21 1 1
github.com/modu-ai/moai-adk/internal/cli/init.go:970.23,971.22 1 1
github.com/modu-ai/moai-adk/internal/cli/init.go:973.2,994.12 5 1
github.com/modu-ai/moai-adk/internal/cli/init_agent_wizard.go:44.109,45.36 1 1
github.com/modu-ai/moai-adk/internal/cli/init_agent_wizard.go:45.36,47.3 1 1
github.com/modu-ai/moai-adk/internal/cli/init_agent_wizard.go:48.2,48.16 1 1
github.com/modu-ai/moai-adk/internal/cli/init_agent_wizard.go:48.16,50.3 1 1
github.com/modu-ai/moai-adk/internal/cli/init_agent_wizard.go:51.2,51.46 1 1
github.com/modu-ai/moai-adk/internal/cli/init_autonomy_wizard.go:34.123,35.36 1 1
github.com/modu-ai/moai-adk/internal/cli/init_autonomy_wizard.go:35.36,38.3 2 1
github.com/modu-ai/moai-adk/internal/cli/init_autonomy_wizard.go:39.2,39.28 1 1
github.com/modu-ai/moai-adk/internal/cli/init_autonomy_wizard.go:39.28,41.3 1 1
github.com/modu-ai/moai-adk/internal/cli/init_autonomy_wizard.go:42.2,45.31 4 1
github.com/modu-ai/moai-adk/internal/cli/init_gitdetect.go:23.58,25.16 2 1
github.com/modu-ai/moai-adk/internal/cli/init_gitdetect.go:25.16,27.3 1 1
github.com/modu-ai/moai-adk/internal/cli/init_gitdetect.go:28.2,28.25 1 1
github.com/modu-ai/moai-adk/internal/cli/init_gitdetect.go:33.57,35.16 2 1
github.com/modu-ai/moai-adk/internal/cli/init_gitdetect.go:35.16,37.3 1 1
github.com/modu-ai/moai-adk/internal/cli/init_gitdetect.go:38.2,38.44 1 1
github.com/modu-ai/moai-adk/internal/cli/init_gitdetect.go:52.58,56.48 3 1
github.com/modu-ai/moai-adk/internal/cli/init_gitdetect.go:56.48,58.3 1 1
github.com/modu-ai/moai-adk/internal/cli/init_gitdetect.go:59.2,62.16 3 1
github.com/modu-ai/moai-adk/internal/cli/init_gitdetect.go:62.16,64.3 1 1
github.com/modu-ai/moai-adk/internal/cli/init_gitdetect.go:65.2,65.88 1 1
github.com/modu-ai/moai-adk/internal/cli/init_gitdetect.go:65.88,67.3 1 1
github.com/modu-ai/moai-adk/internal/cli/init_gitdetect.go:68.2,68.23 1 1
github.com/modu-ai/moai-adk/internal/cli/init_gitdetect.go:75.43,77.15 2 1
github.com/modu-ai/moai-adk/internal/cli/init_gitdetect.go:77.15,79.3 1 1
github.com/modu-ai/moai-adk/internal/cli/init_gitdetect.go:82.2,82.44 1 1
github.com/modu-ai/moai-adk/internal/cli/init_gitdetect.go:82.44,84.3 1 1
github.com/modu-ai/moai-adk/internal/cli/init_gitdetect.go:84.8,84.71 1 1
github.com/modu-ai/moai-adk/internal/cli/init_gitdetect.go:84.71,88.3 1 1
github.com/modu-ai/moai-adk/internal/cli/init_gitdetect.go:88.8,91.3 1 1
github.com/modu-ai/moai-adk/internal/cli/init_gitdetect.go:94.2,94.42 1 1
github.com/modu-ai/moai-adk/internal/cli/init_gitdetect.go:94.42,96.3 1 1
github.com/modu-ai/moai-adk/internal/cli/init_gitdetect.go:98.2,98.42 1 1
github.com/modu-ai/moai-adk/internal/cli/init_gitdetect.go:98.42,100.3 1 1
github.com/modu-ai/moai-adk/internal/cli/init_gitdetect.go:102.2,102.42 1 1
github.com/modu-ai/moai-adk/internal/cli/init_gitdetect.go:102.42,104.3 1 1
github.com/modu-ai/moai-adk/internal/cli/init_gitdetect.go:105.2,105.12 1 1
github.com/modu-ai/moai-adk/internal/cli/init_update_notice.go:48.59,50.2 1 1
github.com/modu-ai/moai-adk/internal/cli/init_update_notice.go:62.38,64.2 1 1
github.com/modu-ai/moai-adk/internal/cli/init_update_notice.go:69.89,71.2 1 0
github.com/modu-ai/moai-adk/internal/cli/init_update_notice.go:77.76,78.33 1 1
github.com/modu-ai/moai-adk/internal/cli/init_update_notice.go:78.33,79.32 1 1
github.com/modu-ai/moai-adk/internal/cli/init_update_notice.go:79.33,79.34 0 1
github.com/modu-ai/moai-adk/internal/cli/init_update_notice.go:84.2,86.12 3 1
github.com/modu-ai/moai-adk/internal/cli/init_update_notice.go:86.12,86.32 1 1
github.com/modu-ai/moai-adk/internal/cli/init_update_notice.go:88.2,88.33 1 1
github.com/modu-ai/moai-adk/internal/cli/init_update_notice.go:88.33,89.10 1 1
github.com/modu-ai/moai-adk/internal/cli/init_update_notice.go:90.20,91.54 1 1
github.com/modu-ai/moai-adk/internal/cli/init_update_notice.go:91.54,95.5 1 1
github.com/modu-ai/moai-adk/internal/cli/init_update_notice.go:96.4,97.43 1 1
github.com/modu-ai/moai-adk/internal/cli/init_update_notice.go:98.42,98.42 0 1
github.com/modu-ai/moai-adk/internal/cli/init_update_notice.go:108.73,109.17 1 1
github.com/modu-ai/moai-adk/internal/cli/init_update_notice.go:109.17,110.45 1 1
github.com/modu-ai/moai-adk/internal/cli/init_update_notice.go:110.45,112.4 1 0
github.com/modu-ai/moai-adk/internal/cli/init_update_notice.go:114.2,114.46 1 1
github.com/modu-ai/moai-adk/internal/cli/init_update_notice.go:114.46,116.3 1 1
github.com/modu-ai/moai-adk/internal/cli/init_update_notice.go:118.2,120.16 3 1
github.com/modu-ai/moai-adk/internal/cli/init_update_notice.go:120.16,122.3 1 1
github.com/modu-ai/moai-adk/internal/cli/init_update_notice.go:123.2,124.17 2 1
github.com/modu-ai/moai-adk/internal/cli/init_update_notice.go:124.17,126.3 1 1
github.com/modu-ai/moai-adk/internal/cli/init_update_notice.go:127.2,127.12 1 1
github.com/modu-ai/moai-adk/internal/cli/init_warnings.go:35.57,37.2 1 1
github.com/modu-ai/moai-adk/internal/cli/init_warnings.go:41.58,47.2 5 1
github.com/modu-ai/moai-adk/internal/cli/init_warnings.go:52.45,56.2 3 1
github.com/modu-ai/moai-adk/internal/cli/init_warnings.go:59.37,63.2 3 1
github.com/modu-ai/moai-adk/internal/cli/init_warnings.go:69.55,72.39 3 1
github.com/modu-ai/moai-adk/internal/cli/init_warnings.go:72.39,74.3 1 1
github.com/modu-ai/moai-adk/internal/cli/init_warnings.go:75.2,79.33 4 1
github.com/modu-ai/moai-adk/internal/cli/init_warnings.go:79.33,81.3 1 1
github.com/modu-ai/moai-adk/internal/cli/init_warnings.go:82.2,83.65 2 1
github.com/modu-ai/moai-adk/internal/cli/init_warnings.go:99.82,111.19 5 1
github.com/modu-ai/moai-adk/internal/cli/init_warnings.go:111.19,115.3 1 1
github.com/modu-ai/moai-adk/internal/cli/init_warnings.go:117.2,122.4 1 1
github.com/modu-ai/moai-adk/internal/cli/init_workflow_flags.go:34.83,35.41 1 1
github.com/modu-ai/moai-adk/internal/cli/init_workflow_flags.go:35.41,39.3 3 1
github.com/modu-ai/moai-adk/internal/cli/init_workflow_flags.go:40.2,40.49 1 1
github.com/modu-ai/moai-adk/internal/cli/init_workflow_flags.go:40.49,44.3 3 1
github.com/modu-ai/moai-adk/internal/cli/init_workflow_flags.go:45.2,45.48 1 1
github.com/modu-ai/moai-adk/internal/cli/init_workflow_flags.go:45.48,49.3 3 1
github.com/modu-ai/moai-adk/internal/cli/init_workflow_flags.go:50.2,50.50 1 1
github.com/modu-ai/moai-adk/internal/cli/init_workflow_flags.go:50.50,54.3 3 1
github.com/modu-ai/moai-adk/internal/cli/init_workflow_flags.go:66.69,68.49 2 1
github.com/modu-ai/moai-adk/internal/cli/init_workflow_flags.go:68.49,71.3 1 1
github.com/modu-ai/moai-adk/internal/cli/init_workflow_flags.go:77.2,77.27 1 1
github.com/modu-ai/moai-adk/internal/cli/init_workflow_flags.go:77.27,79.3 1 1
github.com/modu-ai/moai-adk/internal/cli/init_workflow_flags.go:81.2,82.16 2 1
github.com/modu-ai/moai-adk/internal/cli/init_workflow_flags.go:82.16,84.3 1 0
github.com/modu-ai/moai-adk/internal/cli/init_workflow_flags.go:85.2,94.21 6 1
github.com/modu-ai/moai-adk/internal/cli/init_workflow_flags.go:94.21,96.3 1 0
github.com/modu-ai/moai-adk/internal/cli/init_workflow_flags.go:97.2,97.65 1 1
github.com/modu-ai/moai-adk/internal/cli/init_workflow_flags.go:97.65,99.3 1 0
github.com/modu-ai/moai-adk/internal/cli/init_workflow_flags.go:100.2,100.12 1 1
github.com/modu-ai/moai-adk/internal/cli/init_workflow_flags.go:107.71,109.28 2 1
github.com/modu-ai/moai-adk/internal/cli/init_workflow_flags.go:109.28,114.3 1 1
github.com/modu-ai/moai-adk/internal/cli/init_workflow_flags.go:115.2,115.28 1 1
github.com/modu-ai/moai-adk/internal/cli/init_workflow_flags.go:115.28,120.3 1 1
github.com/modu-ai/moai-adk/internal/cli/init_workflow_flags.go:121.2,121.26 1 1
github.com/modu-ai/moai-adk/internal/cli/init_workflow_flags.go:121.26,126.3 1 1
github.com/modu-ai/moai-adk/internal/cli/init_workflow_flags.go:127.2,127.30 1 1
github.com/modu-ai/moai-adk/internal/cli/init_workflow_flags.go:127.30,132.3 1 1
github.com/modu-ai/moai-adk/internal/cli/init_workflow_flags.go:133.2,133.14 1 1
github.com/modu-ai/moai-adk/internal/cli/init_workflow_flags.go:142.95,144.20 2 1
github.com/modu-ai/moai-adk/internal/cli/init_workflow_flags.go:144.20,146.3 1 0
github.com/modu-ai/moai-adk/internal/cli/init_workflow_flags.go:147.2,148.52 2 1
github.com/modu-ai/moai-adk/internal/cli/init_workflow_flags.go:148.52,150.3 1 0
github.com/modu-ai/moai-adk/internal/cli/init_workflow_flags.go:151.2,152.15 2 1
github.com/modu-ai/moai-adk/internal/cli/init_workflow_flags.go:152.15,154.3 1 0
github.com/modu-ai/moai-adk/internal/cli/init_workflow_flags.go:155.2,155.55 1 1
github.com/modu-ai/moai-adk/internal/cli/init_workflow_flags.go:155.55,157.3 1 0
github.com/modu-ai/moai-adk/internal/cli/init_workflow_flags.go:158.2,158.51 1 1
github.com/modu-ai/moai-adk/internal/cli/init_workflow_flags.go:158.51,162.3 3 1
github.com/modu-ai/moai-adk/internal/cli/init_workflow_flags.go:163.2,163.44 1 1
github.com/modu-ai/moai-adk/internal/cli/init_workflow_flags.go:168.27,169.27 1 1
github.com/modu-ai/moai-adk/internal/cli/init_workflow_flags.go:169.27,171.3 1 1
github.com/modu-ai/moai-adk/internal/cli/init_workflow_flags.go:172.2,172.14 1 0
github.com/modu-ai/moai-adk/internal/cli/init_workflow_flags.go:178.62,182.49 4 1
github.com/modu-ai/moai-adk/internal/cli/init_workflow_flags.go:183.18,184.14 1 1
github.com/modu-ai/moai-adk/internal/cli/init_workflow_flags.go:185.17,186.15 1 1
github.com/modu-ai/moai-adk/internal/cli/init_workflow_flags.go:188.2,188.12 1 0
github.com/modu-ai/moai-adk/internal/cli/init_workflow_flags.go:193.42,193.61 1 0
github.com/modu-ai/moai-adk/internal/cli/integration.go:46.35,47.74 1 1
github.com/modu-ai/moai-adk/internal/cli/integration.go:47.74,49.3 1 1
github.com/modu-ai/moai-adk/internal/cli/integration.go:50.2,51.16 2 0
github.com/modu-ai/moai-adk/internal/cli/integration.go:51.16,53.14 2 0
github.com/modu-ai/moai-adk/internal/cli/integration.go:53.14,54.26 1 0
github.com/modu-ai/moai-adk/internal/cli/integration.go:54.26,55.54 1 0
github.com/modu-ai/moai-adk/internal/cli/integration.go:55.54,57.6 1 0
github.com/modu-ai/moai-adk/internal/cli/integration.go:59.4,59.34 1 0
github.com/modu-ai/moai-adk/internal/cli/integration.go:59.34,61.5 1 0
github.com/modu-ai/moai-adk/internal/cli/integration.go:64.2,64.28 1 0
github.com/modu-ai/moai-adk/internal/cli/integration.go:80.51,81.47 1 1
github.com/modu-ai/moai-adk/internal/cli/integration.go:81.47,83.3 1 1
github.com/modu-ai/moai-adk/internal/cli/integration.go:84.2,84.81 1 1
github.com/modu-ai/moai-adk/internal/cli/integration.go:84.81,86.3 1 1
github.com/modu-ai/moai-adk/internal/cli/integration.go:87.2,88.16 2 1
github.com/modu-ai/moai-adk/internal/cli/integration.go:88.16,90.3 1 1
github.com/modu-ai/moai-adk/internal/cli/integration.go:91.2,91.40 1 0
github.com/modu-ai/moai-adk/internal/cli/integration.go:97.29,99.16 2 1
github.com/modu-ai/moai-adk/internal/cli/integration.go:99.16,101.3 1 0
github.com/modu-ai/moai-adk/internal/cli/integration.go:102.2,102.39 1 1
github.com/modu-ai/moai-adk/internal/cli/integration.go:105.41,122.2 3 1
github.com/modu-ai/moai-adk/internal/cli/integration.go:124.47,129.55 2 1
github.com/modu-ai/moai-adk/internal/cli/integration.go:129.55,132.18 3 1
github.com/modu-ai/moai-adk/internal/cli/integration.go:132.18,134.5 1 0
github.com/modu-ai/moai-adk/internal/cli/integration.go:135.4,135.15 1 1
github.com/modu-ai/moai-adk/internal/cli/integration.go:135.15,142.5 1 1
github.com/modu-ai/moai-adk/internal/cli/integration.go:143.4,143.20 1 1
github.com/modu-ai/moai-adk/internal/cli/integration.go:143.20,146.5 2 1
github.com/modu-ai/moai-adk/internal/cli/integration.go:147.4,148.20 2 0
github.com/modu-ai/moai-adk/internal/cli/integration.go:148.20,150.5 1 0
github.com/modu-ai/moai-adk/internal/cli/integration.go:151.4,153.14 2 0
github.com/modu-ai/moai-adk/internal/cli/integration.go:156.2,157.12 2 1
github.com/modu-ai/moai-adk/internal/cli/integration.go:160.48,166.55 3 1
github.com/modu-ai/moai-adk/internal/cli/integration.go:166.55,168.23 2 1
github.com/modu-ai/moai-adk/internal/cli/integration.go:168.23,170.5 1 1
github.com/modu-ai/moai-adk/internal/cli/integration.go:171.4,174.20 4 1
github.com/modu-ai/moai-adk/internal/cli/integration.go:174.20,176.5 1 1
github.com/modu-ai/moai-adk/internal/cli/integration.go:184.4,194.18 3 1
github.com/modu-ai/moai-adk/internal/cli/integration.go:194.18,196.5 1 1
github.com/modu-ai/moai-adk/internal/cli/integration.go:197.4,197.15 1 1
github.com/modu-ai/moai-adk/internal/cli/integration.go:197.15,204.5 1 0
github.com/modu-ai/moai-adk/internal/cli/integration.go:205.4,206.23 2 1
github.com/modu-ai/moai-adk/internal/cli/integration.go:206.23,210.5 1 1
github.com/modu-ai/moai-adk/internal/cli/integration.go:211.4,211.14 1 1
github.com/modu-ai/moai-adk/internal/cli/integration.go:214.2,220.12 7 1
github.com/modu-ai/moai-adk/internal/cli/integration.go:223.48,229.55 3 1
github.com/modu-ai/moai-adk/internal/cli/integration.go:229.55,231.33 2 1
github.com/modu-ai/moai-adk/internal/cli/integration.go:231.33,233.5 1 0
github.com/modu-ai/moai-adk/internal/cli/integration.go:234.4,235.18 2 1
github.com/modu-ai/moai-adk/internal/cli/integration.go:235.18,237.5 1 1
github.com/modu-ai/moai-adk/internal/cli/integration.go:238.4,238.15 1 1
github.com/modu-ai/moai-adk/internal/cli/integration.go:238.15,243.5 1 0
github.com/modu-ai/moai-adk/internal/cli/integration.go:244.4,245.14 2 1
github.com/modu-ai/moai-adk/internal/cli/integration.go:248.2,251.12 4 1
github.com/modu-ai/moai-adk/internal/cli/integration.go:254.13,256.2 1 1
github.com/modu-ai/moai-adk/internal/cli/inventory.go:28.39,42.55 2 1
github.com/modu-ai/moai-adk/internal/cli/inventory.go:42.55,44.18 2 1
github.com/modu-ai/moai-adk/internal/cli/inventory.go:44.18,46.5 1 0
github.com/modu-ai/moai-adk/internal/cli/inventory.go:53.4,56.41 3 1
github.com/modu-ai/moai-adk/internal/cli/inventory.go:56.41,60.5 1 0
github.com/modu-ai/moai-adk/internal/cli/inventory.go:62.4,62.18 1 1
github.com/modu-ai/moai-adk/internal/cli/inventory.go:62.18,64.5 1 1
github.com/modu-ai/moai-adk/internal/cli/inventory.go:65.4,65.43 1 1
github.com/modu-ai/moai-adk/internal/cli/inventory.go:68.2,70.12 3 1
github.com/modu-ai/moai-adk/internal/cli/inventory.go:76.83,78.16 2 1
github.com/modu-ai/moai-adk/internal/cli/inventory.go:78.16,80.3 1 0
github.com/modu-ai/moai-adk/internal/cli/inventory.go:81.2,82.12 2 1
github.com/modu-ai/moai-adk/internal/cli/inventory.go:90.83,106.2 5 1
github.com/modu-ai/moai-adk/internal/cli/inventory.go:112.59,113.18 1 1
github.com/modu-ai/moai-adk/internal/cli/inventory.go:113.18,115.3 1 1
github.com/modu-ai/moai-adk/internal/cli/inventory.go:116.2,116.16 1 1
github.com/modu-ai/moai-adk/internal/cli/inventory.go:116.16,118.3 1 1
github.com/modu-ai/moai-adk/internal/cli/inventory.go:119.2,119.11 1 1
github.com/modu-ai/moai-adk/internal/cli/inventory.go:123.50,124.63 1 1
github.com/modu-ai/moai-adk/internal/cli/inventory.go:124.63,126.3 1 1
github.com/modu-ai/moai-adk/internal/cli/inventory.go:127.2,128.30 2 1
github.com/modu-ai/moai-adk/internal/cli/inventory.go:128.30,133.3 1 1
github.com/modu-ai/moai-adk/internal/cli/inventory.go:134.2,134.41 1 1
github.com/modu-ai/moai-adk/internal/cli/inventory.go:138.54,139.67 1 1
github.com/modu-ai/moai-adk/internal/cli/inventory.go:139.67,141.3 1 1
github.com/modu-ai/moai-adk/internal/cli/inventory.go:142.2,143.32 2 1
github.com/modu-ai/moai-adk/internal/cli/inventory.go:143.32,148.3 1 1
github.com/modu-ai/moai-adk/internal/cli/inventory.go:149.2,149.41 1 1
github.com/modu-ai/moai-adk/internal/cli/inventory.go:153.51,154.63 1 1
github.com/modu-ai/moai-adk/internal/cli/inventory.go:154.63,156.3 1 1
github.com/modu-ai/moai-adk/internal/cli/inventory.go:157.2,158.30 2 1
github.com/modu-ai/moai-adk/internal/cli/inventory.go:158.30,160.24 2 1
github.com/modu-ai/moai-adk/internal/cli/inventory.go:160.24,162.4 1 1
github.com/modu-ai/moai-adk/internal/cli/inventory.go:163.3,163.63 1 1
github.com/modu-ai/moai-adk/internal/cli/inventory.go:165.2,165.41 1 1
github.com/modu-ai/moai-adk/internal/cli/inventory.go:226.66,232.2 1 1
github.com/modu-ai/moai-adk/internal/cli/inventory.go:237.41,239.16 2 1
github.com/modu-ai/moai-adk/internal/cli/inventory.go:239.16,241.3 1 0
github.com/modu-ai/moai-adk/internal/cli/inventory.go:242.2,243.28 2 1
github.com/modu-ai/moai-adk/internal/cli/inventory.go:243.28,249.3 1 1
github.com/modu-ai/moai-adk/internal/cli/inventory.go:250.2,250.58 1 1
github.com/modu-ai/moai-adk/internal/cli/inventory.go:260.49,261.36 1 1
github.com/modu-ai/moai-adk/internal/cli/inventory.go:261.36,263.3 1 1
github.com/modu-ai/moai-adk/internal/cli/inventory.go:264.2,264.17 1 1
github.com/modu-ai/moai-adk/internal/cli/inventory.go:264.17,266.3 1 1
github.com/modu-ai/moai-adk/internal/cli/inventory.go:267.2,267.52 1 0
github.com/modu-ai/moai-adk/internal/cli/inventory.go:267.52,269.3 1 0
github.com/modu-ai/moai-adk/internal/cli/inventory.go:270.2,270.44 1 0
github.com/modu-ai/moai-adk/internal/cli/inventory.go:279.43,281.21 2 1
github.com/modu-ai/moai-adk/internal/cli/inventory.go:281.21,283.3 1 1
github.com/modu-ai/moai-adk/internal/cli/inventory.go:284.2,285.16 2 1
github.com/modu-ai/moai-adk/internal/cli/inventory.go:285.16,287.3 1 1
github.com/modu-ai/moai-adk/internal/cli/inventory.go:288.2,289.30 2 1
github.com/modu-ai/moai-adk/internal/cli/inventory.go:289.30,295.3 1 1
github.com/modu-ai/moai-adk/internal/cli/inventory.go:296.2,296.59 1 1
github.com/modu-ai/moai-adk/internal/cli/inventory.go:302.60,304.16 2 1
github.com/modu-ai/moai-adk/internal/cli/inventory.go:304.16,306.3 1 0
github.com/modu-ai/moai-adk/internal/cli/inventory.go:307.2,308.28 2 1
github.com/modu-ai/moai-adk/internal/cli/inventory.go:308.28,314.3 1 1
github.com/modu-ai/moai-adk/internal/cli/inventory.go:315.2,315.58 1 1
github.com/modu-ai/moai-adk/internal/cli/inventory.go:321.59,323.30 2 1
github.com/modu-ai/moai-adk/internal/cli/inventory.go:323.30,325.3 1 1
github.com/modu-ai/moai-adk/internal/cli/inventory.go:326.2,326.31 1 1
github.com/modu-ai/moai-adk/internal/cli/inventory.go:326.31,328.3 1 1
github.com/modu-ai/moai-adk/internal/cli/inventory.go:329.2,329.31 1 1
github.com/modu-ai/moai-adk/internal/cli/inventory.go:329.31,331.3 1 1
github.com/modu-ai/moai-adk/internal/cli/inventory.go:332.2,332.10 1 1
github.com/modu-ai/moai-adk/internal/cli/kanban.go:85.69,88.33 2 1
github.com/modu-ai/moai-adk/internal/cli/kanban.go:88.33,90.18 2 1
github.com/modu-ai/moai-adk/internal/cli/kanban.go:90.18,92.9 2 1
github.com/modu-ai/moai-adk/internal/cli/kanban.go:95.3,98.10 4 1
github.com/modu-ai/moai-adk/internal/cli/kanban.go:99.56,102.100 1 1
github.com/modu-ai/moai-adk/internal/cli/kanban.go:102.100,105.5 2 1
github.com/modu-ai/moai-adk/internal/cli/kanban.go:106.96,110.33 2 1
github.com/modu-ai/moai-adk/internal/cli/kanban.go:111.11,113.12 2 1
github.com/modu-ai/moai-adk/internal/cli/kanban.go:116.3,117.16 2 1
github.com/modu-ai/moai-adk/internal/cli/kanban.go:117.16,118.12 1 1
github.com/modu-ai/moai-adk/internal/cli/kanban.go:120.3,120.50 1 1
github.com/modu-ai/moai-adk/internal/cli/kanban.go:120.50,121.13 1 1
github.com/modu-ai/moai-adk/internal/cli/kanban.go:121.13,123.5 1 1
github.com/modu-ai/moai-adk/internal/cli/kanban.go:124.4,126.12 3 1
github.com/modu-ai/moai-adk/internal/cli/kanban.go:128.3,128.13 1 1
github.com/modu-ai/moai-adk/internal/cli/kanban.go:128.13,130.4 1 1
github.com/modu-ai/moai-adk/internal/cli/kanban.go:131.3,131.17 1 1
github.com/modu-ai/moai-adk/internal/cli/kanban.go:138.2,138.42 1 1
github.com/modu-ai/moai-adk/internal/cli/kanban.go:138.42,139.55 1 1
github.com/modu-ai/moai-adk/internal/cli/kanban.go:139.55,142.4 2 1
github.com/modu-ai/moai-adk/internal/cli/kanban.go:145.2,145.15 1 1
github.com/modu-ai/moai-adk/internal/cli/kanban.go:164.55,174.18 9 1
github.com/modu-ai/moai-adk/internal/cli/kanban.go:174.18,176.3 1 1
github.com/modu-ai/moai-adk/internal/cli/kanban.go:182.2,184.16 2 1
github.com/modu-ai/moai-adk/internal/cli/kanban.go:184.16,190.3 5 1
github.com/modu-ai/moai-adk/internal/cli/kanban.go:211.41,212.94 1 1
github.com/modu-ai/moai-adk/internal/cli/kanban.go:212.94,214.3 1 1
github.com/modu-ai/moai-adk/internal/cli/kanban.go:215.2,215.61 1 1
github.com/modu-ai/moai-adk/internal/cli/kanban.go:215.61,217.3 1 1
github.com/modu-ai/moai-adk/internal/cli/kanban.go:218.2,218.26 1 1
github.com/modu-ai/moai-adk/internal/cli/kanban.go:224.31,225.13 1 1
github.com/modu-ai/moai-adk/internal/cli/kanban.go:225.13,227.3 1 0
github.com/modu-ai/moai-adk/internal/cli/kanban.go:228.2,228.22 1 1
github.com/modu-ai/moai-adk/internal/cli/kanban.go:228.22,229.25 1 1
github.com/modu-ai/moai-adk/internal/cli/kanban.go:229.25,231.4 1 1
github.com/modu-ai/moai-adk/internal/cli/kanban.go:233.2,233.13 1 1
github.com/modu-ai/moai-adk/internal/cli/kanban.go:258.32,260.64 2 1
github.com/modu-ai/moai-adk/internal/cli/kanban.go:260.64,262.3 1 1
github.com/modu-ai/moai-adk/internal/cli/kanban.go:263.2,263.16 1 1
github.com/modu-ai/moai-adk/internal/cli/kanban.go:279.32,281.84 2 1
github.com/modu-ai/moai-adk/internal/cli/kanban.go:281.84,284.3 1 1
github.com/modu-ai/moai-adk/internal/cli/kanban.go:285.2,285.16 1 1
github.com/modu-ai/moai-adk/internal/cli/kanban.go:305.52,317.16 5 1
github.com/modu-ai/moai-adk/internal/cli/kanban.go:317.16,321.3 3 1
github.com/modu-ai/moai-adk/internal/cli/kanban.go:329.48,331.2 1 1
github.com/modu-ai/moai-adk/internal/cli/kanban.go:351.71,353.9 2 1
github.com/modu-ai/moai-adk/internal/cli/kanban.go:353.9,355.3 1 1
github.com/modu-ai/moai-adk/internal/cli/kanban.go:356.2,356.74 1 1
github.com/modu-ai/moai-adk/internal/cli/kanban.go:356.74,358.3 1 1
github.com/modu-ai/moai-adk/internal/cli/kanban.go:367.43,369.2 1 1
github.com/modu-ai/moai-adk/internal/cli/kanban.go:387.66,389.2 1 1
github.com/modu-ai/moai-adk/internal/cli/kanban.go:411.83,415.24 2 1
github.com/modu-ai/moai-adk/internal/cli/kanban.go:415.24,416.48 1 1
github.com/modu-ai/moai-adk/internal/cli/kanban.go:416.48,418.4 1 1
github.com/modu-ai/moai-adk/internal/cli/kanban.go:421.2,422.17 2 1
github.com/modu-ai/moai-adk/internal/cli/kanban.go:422.17,423.21 1 1
github.com/modu-ai/moai-adk/internal/cli/kanban.go:423.21,425.67 2 1
github.com/modu-ai/moai-adk/internal/cli/kanban.go:425.67,426.10 1 1
github.com/modu-ai/moai-adk/internal/cli/kanban.go:428.4,428.19 1 1
github.com/modu-ai/moai-adk/internal/cli/kanban.go:430.3,430.37 1 1
github.com/modu-ai/moai-adk/internal/cli/kanban.go:430.37,434.4 1 1
github.com/modu-ai/moai-adk/internal/cli/kanban.go:437.2,442.14 3 1
github.com/modu-ai/moai-adk/internal/cli/kanban.go:447.41,449.16 2 1
github.com/modu-ai/moai-adk/internal/cli/kanban.go:449.16,450.10 1 1
github.com/modu-ai/moai-adk/internal/cli/kanban.go:450.10,453.4 2 1
github.com/modu-ai/moai-adk/internal/cli/kanban.go:454.3,454.23 1 1
github.com/modu-ai/moai-adk/internal/cli/kanban.go:487.61,491.19 3 1
github.com/modu-ai/moai-adk/internal/cli/kanban.go:491.19,493.3 1 1
github.com/modu-ai/moai-adk/internal/cli/kanban.go:496.2,496.18 1 1
github.com/modu-ai/moai-adk/internal/cli/kanban.go:496.18,498.3 1 1
github.com/modu-ai/moai-adk/internal/cli/kanban.go:500.2,500.16 1 1
github.com/modu-ai/moai-adk/internal/cli/kanban.go:500.16,503.3 2 1
github.com/modu-ai/moai-adk/internal/cli/kanban.go:525.65,526.59 1 1
github.com/modu-ai/moai-adk/internal/cli/kanban.go:526.59,529.3 2 1
github.com/modu-ai/moai-adk/internal/cli/kanban.go:542.60,543.59 1 1
github.com/modu-ai/moai-adk/internal/cli/kanban.go:543.59,546.3 2 1
github.com/modu-ai/moai-adk/internal/cli/kanban.go:557.97,558.33 1 1
github.com/modu-ai/moai-adk/internal/cli/kanban.go:558.33,560.18 2 1
github.com/modu-ai/moai-adk/internal/cli/kanban.go:560.18,561.9 1 1
github.com/modu-ai/moai-adk/internal/cli/kanban.go:564.3,565.10 2 1
github.com/modu-ai/moai-adk/internal/cli/kanban.go:566.52,567.39 1 1
github.com/modu-ai/moai-adk/internal/cli/kanban.go:567.39,570.5 2 1
github.com/modu-ai/moai-adk/internal/cli/kanban.go:571.49,572.57 1 1
github.com/modu-ai/moai-adk/internal/cli/kanban.go:573.50,574.58 1 1
github.com/modu-ai/moai-adk/internal/cli/kanban.go:575.11,576.12 1 1
github.com/modu-ai/moai-adk/internal/cli/kanban.go:579.3,579.24 1 1
github.com/modu-ai/moai-adk/internal/cli/kanban.go:579.24,581.4 1 1
github.com/modu-ai/moai-adk/internal/cli/kanban.go:583.2,583.18 1 1
github.com/modu-ai/moai-adk/internal/cli/kanban.go:598.47,599.27 1 1
github.com/modu-ai/moai-adk/internal/cli/kanban.go:599.27,600.10 1 1
github.com/modu-ai/moai-adk/internal/cli/kanban.go:601.20,602.16 1 1
github.com/modu-ai/moai-adk/internal/cli/kanban.go:603.52,604.15 1 1
github.com/modu-ai/moai-adk/internal/cli/kanban.go:605.49,606.15 1 1
github.com/modu-ai/moai-adk/internal/cli/kanban.go:607.50,608.15 1 1
github.com/modu-ai/moai-adk/internal/cli/kanban.go:611.2,611.14 1 1
github.com/modu-ai/moai-adk/internal/cli/kanban.go:631.43,632.32 1 1
github.com/modu-ai/moai-adk/internal/cli/kanban.go:632.32,634.3 1 1
github.com/modu-ai/moai-adk/internal/cli/kanban.go:635.2,635.51 1 1
github.com/modu-ai/moai-adk/internal/cli/kanban.go:651.85,653.24 2 1
github.com/modu-ai/moai-adk/internal/cli/kanban.go:653.24,658.54 1 1
github.com/modu-ai/moai-adk/internal/cli/kanban.go:658.54,658.69 1 1
github.com/modu-ai/moai-adk/internal/cli/kanban.go:659.3,659.20 1 1
github.com/modu-ai/moai-adk/internal/cli/kanban.go:661.2,662.47 2 1
github.com/modu-ai/moai-adk/internal/cli/kanban.go:676.48,677.16 1 1
github.com/modu-ai/moai-adk/internal/cli/kanban.go:677.16,678.17 1 0
github.com/modu-ai/moai-adk/internal/cli/kanban.go:678.18,678.19 0 0
github.com/modu-ai/moai-adk/internal/cli/kanban.go:680.2,682.16 3 1
github.com/modu-ai/moai-adk/internal/cli/kanban.go:687.44,689.16 2 1
github.com/modu-ai/moai-adk/internal/cli/kanban.go:689.16,691.3 1 0
github.com/modu-ai/moai-adk/internal/cli/kanban.go:696.2,696.42 1 1
github.com/modu-ai/moai-adk/internal/cli/kanban.go:696.42,698.3 1 1
github.com/modu-ai/moai-adk/internal/cli/kanban.go:699.2,701.93 1 1
github.com/modu-ai/moai-adk/internal/cli/kanban.go:729.72,730.9 1 1
github.com/modu-ai/moai-adk/internal/cli/kanban.go:731.36,732.31 1 1
github.com/modu-ai/moai-adk/internal/cli/kanban.go:733.37,734.26 1 1
github.com/modu-ai/moai-adk/internal/cli/kanban.go:735.10,736.26 1 1
github.com/modu-ai/moai-adk/internal/cli/kanban_settings.go:37.51,38.33 1 1
github.com/modu-ai/moai-adk/internal/cli/kanban_settings.go:38.33,40.18 2 1
github.com/modu-ai/moai-adk/internal/cli/kanban_settings.go:40.18,42.4 1 1
github.com/modu-ai/moai-adk/internal/cli/kanban_settings.go:43.3,43.30 1 1
github.com/modu-ai/moai-adk/internal/cli/kanban_settings.go:43.30,45.4 1 1
github.com/modu-ai/moai-adk/internal/cli/kanban_settings.go:46.3,46.51 1 1
github.com/modu-ai/moai-adk/internal/cli/kanban_settings.go:46.51,48.4 1 1
github.com/modu-ai/moai-adk/internal/cli/kanban_settings.go:50.2,50.14 1 1
github.com/modu-ai/moai-adk/internal/cli/kanban_settings.go:69.75,70.36 1 1
github.com/modu-ai/moai-adk/internal/cli/kanban_settings.go:70.36,71.22 1 1
github.com/modu-ai/moai-adk/internal/cli/kanban_settings.go:71.23,71.24 0 1
github.com/modu-ai/moai-adk/internal/cli/kanban_settings.go:77.2,81.16 4 1
github.com/modu-ai/moai-adk/internal/cli/kanban_settings.go:81.16,85.22 1 1
github.com/modu-ai/moai-adk/internal/cli/kanban_settings.go:85.23,85.24 0 1
github.com/modu-ai/moai-adk/internal/cli/kanban_settings.go:88.2,91.50 3 1
github.com/modu-ai/moai-adk/internal/cli/kanban_settings.go:91.50,94.3 2 1
github.com/modu-ai/moai-adk/internal/cli/kanban_settings.go:100.88,109.16 5 1
github.com/modu-ai/moai-adk/internal/cli/kanban_settings.go:109.16,111.3 1 0
github.com/modu-ai/moai-adk/internal/cli/kanban_settings.go:112.2,112.56 1 1
github.com/modu-ai/moai-adk/internal/cli/kanban_settings.go:112.56,114.3 1 1
github.com/modu-ai/moai-adk/internal/cli/kanban_settings.go:115.2,115.18 1 1
github.com/modu-ai/moai-adk/internal/cli/launch_exec_posix.go:25.68,27.2 1 0
github.com/modu-ai/moai-adk/internal/cli/launch_session_pid.go:32.53,33.14 1 1
github.com/modu-ai/moai-adk/internal/cli/launch_session_pid.go:33.14,35.3 1 1
github.com/modu-ai/moai-adk/internal/cli/launch_session_pid.go:36.2,38.25 3 1
github.com/modu-ai/moai-adk/internal/cli/launch_session_pid.go:38.25,39.36 1 1
github.com/modu-ai/moai-adk/internal/cli/launch_session_pid.go:39.36,40.12 1 1
github.com/modu-ai/moai-adk/internal/cli/launch_session_pid.go:42.3,42.24 1 1
github.com/modu-ai/moai-adk/internal/cli/launch_session_pid.go:44.2,44.54 1 1
github.com/modu-ai/moai-adk/internal/cli/launcher.go:32.42,32.71 1 1
github.com/modu-ai/moai-adk/internal/cli/launcher.go:56.80,58.2 1 1
github.com/modu-ai/moai-adk/internal/cli/launcher.go:62.38,63.16 1 1
github.com/modu-ai/moai-adk/internal/cli/launcher.go:63.16,65.3 1 1
github.com/modu-ai/moai-adk/internal/cli/launcher.go:66.2,66.17 1 1
github.com/modu-ai/moai-adk/internal/cli/launcher.go:75.39,77.2 1 1
github.com/modu-ai/moai-adk/internal/cli/launcher.go:85.59,87.16 2 1
github.com/modu-ai/moai-adk/internal/cli/launcher.go:87.16,89.3 1 1
github.com/modu-ai/moai-adk/internal/cli/launcher.go:90.2,94.54 1 1
github.com/modu-ai/moai-adk/internal/cli/launcher.go:108.56,109.74 1 1
github.com/modu-ai/moai-adk/internal/cli/launcher.go:109.74,111.3 1 1
github.com/modu-ai/moai-adk/internal/cli/launcher.go:112.2,116.50 1 1
github.com/modu-ai/moai-adk/internal/cli/launcher.go:129.87,138.16 3 1
github.com/modu-ai/moai-adk/internal/cli/launcher.go:138.16,140.3 1 1
github.com/modu-ai/moai-adk/internal/cli/launcher.go:149.2,151.47 3 1
github.com/modu-ai/moai-adk/internal/cli/launcher.go:151.47,154.3 2 1
github.com/modu-ai/moai-adk/internal/cli/launcher.go:157.2,157.14 1 1
github.com/modu-ai/moai-adk/internal/cli/launcher.go:158.13,159.57 1 1
github.com/modu-ai/moai-adk/internal/cli/launcher.go:159.57,161.4 1 0
github.com/modu-ai/moai-adk/internal/cli/launcher.go:162.20,163.56 1 1
github.com/modu-ai/moai-adk/internal/cli/launcher.go:163.56,165.4 1 1
github.com/modu-ai/moai-adk/internal/cli/launcher.go:166.10,167.43 1 1
github.com/modu-ai/moai-adk/internal/cli/launcher.go:167.43,169.4 1 0
github.com/modu-ai/moai-adk/internal/cli/launcher.go:186.2,186.33 1 1
github.com/modu-ai/moai-adk/internal/cli/launcher.go:186.33,187.56 1 1
github.com/modu-ai/moai-adk/internal/cli/launcher.go:187.56,189.4 1 0
github.com/modu-ai/moai-adk/internal/cli/launcher.go:190.3,190.48 1 1
github.com/modu-ai/moai-adk/internal/cli/launcher.go:201.2,201.37 1 1
github.com/modu-ai/moai-adk/internal/cli/launcher.go:201.37,202.68 1 1
github.com/modu-ai/moai-adk/internal/cli/launcher.go:202.68,204.4 1 1
github.com/modu-ai/moai-adk/internal/cli/launcher.go:213.2,216.45 2 1
github.com/modu-ai/moai-adk/internal/cli/launcher.go:222.37,223.46 1 1
github.com/modu-ai/moai-adk/internal/cli/launcher.go:223.46,225.3 1 0
github.com/modu-ai/moai-adk/internal/cli/launcher.go:227.2,228.51 2 1
github.com/modu-ai/moai-adk/internal/cli/launcher.go:228.51,230.3 1 0
github.com/modu-ai/moai-adk/internal/cli/launcher.go:232.2,233.23 2 1
github.com/modu-ai/moai-adk/internal/cli/launcher.go:233.23,235.3 1 1
github.com/modu-ai/moai-adk/internal/cli/launcher.go:237.2,238.23 2 1
github.com/modu-ai/moai-adk/internal/cli/launcher.go:238.23,240.3 1 0
github.com/modu-ai/moai-adk/internal/cli/launcher.go:242.2,243.12 2 1
github.com/modu-ai/moai-adk/internal/cli/launcher.go:247.51,249.16 2 1
github.com/modu-ai/moai-adk/internal/cli/launcher.go:249.16,251.3 1 0
github.com/modu-ai/moai-adk/internal/cli/launcher.go:253.2,254.18 2 1
github.com/modu-ai/moai-adk/internal/cli/launcher.go:254.18,259.3 1 0
github.com/modu-ai/moai-adk/internal/cli/launcher.go:261.2,273.53 3 1
github.com/modu-ai/moai-adk/internal/cli/launcher.go:273.53,275.3 1 0
github.com/modu-ai/moai-adk/internal/cli/launcher.go:277.2,277.40 1 1
github.com/modu-ai/moai-adk/internal/cli/launcher.go:277.40,278.65 1 0
github.com/modu-ai/moai-adk/internal/cli/launcher.go:278.65,282.4 1 0
github.com/modu-ai/moai-adk/internal/cli/launcher.go:285.2,286.12 2 1
github.com/modu-ai/moai-adk/internal/cli/launcher.go:290.50,292.16 2 1
github.com/modu-ai/moai-adk/internal/cli/launcher.go:292.16,294.3 1 0
github.com/modu-ai/moai-adk/internal/cli/launcher.go:296.2,297.18 2 1
github.com/modu-ai/moai-adk/internal/cli/launcher.go:297.18,303.3 1 1
github.com/modu-ai/moai-adk/internal/cli/launcher.go:305.2,309.53 4 1
github.com/modu-ai/moai-adk/internal/cli/launcher.go:309.53,321.3 1 1
github.com/modu-ai/moai-adk/internal/cli/launcher.go:327.2,327.39 1 1
github.com/modu-ai/moai-adk/internal/cli/launcher.go:327.39,337.3 1 1
github.com/modu-ai/moai-adk/internal/cli/launcher.go:344.2,344.91 1 1
github.com/modu-ai/moai-adk/internal/cli/launcher.go:344.91,346.3 1 0
github.com/modu-ai/moai-adk/internal/cli/launcher.go:348.2,348.12 1 1
github.com/modu-ai/moai-adk/internal/cli/launcher.go:348.12,349.67 1 1
github.com/modu-ai/moai-adk/internal/cli/launcher.go:349.67,353.4 1 1
github.com/modu-ai/moai-adk/internal/cli/launcher.go:355.3,355.76 1 1
github.com/modu-ai/moai-adk/internal/cli/launcher.go:355.76,357.24 2 0
github.com/modu-ai/moai-adk/internal/cli/launcher.go:357.24,360.5 2 0
github.com/modu-ai/moai-adk/internal/cli/launcher.go:364.2,364.52 1 1
github.com/modu-ai/moai-adk/internal/cli/launcher.go:364.52,366.3 1 0
github.com/modu-ai/moai-adk/internal/cli/launcher.go:368.2,370.12 3 1
github.com/modu-ai/moai-adk/internal/cli/launcher.go:379.46,383.16 2 1
github.com/modu-ai/moai-adk/internal/cli/launcher.go:383.16,385.3 1 1
github.com/modu-ai/moai-adk/internal/cli/launcher.go:386.2,386.23 1 1
github.com/modu-ai/moai-adk/internal/cli/launcher.go:386.23,388.3 1 1
github.com/modu-ai/moai-adk/internal/cli/launcher.go:392.2,392.66 1 1
github.com/modu-ai/moai-adk/internal/cli/launcher.go:392.66,393.18 1 1
github.com/modu-ai/moai-adk/internal/cli/launcher.go:393.18,395.4 1 0
github.com/modu-ai/moai-adk/internal/cli/launcher.go:401.3,403.47 2 1
github.com/modu-ai/moai-adk/internal/cli/launcher.go:403.47,405.82 1 1
github.com/modu-ai/moai-adk/internal/cli/launcher.go:405.82,408.5 2 1
github.com/modu-ai/moai-adk/internal/cli/launcher.go:408.10,410.5 1 1
github.com/modu-ai/moai-adk/internal/cli/launcher.go:411.4,429.21 12 1
github.com/modu-ai/moai-adk/internal/cli/launcher.go:429.21,431.5 1 1
github.com/modu-ai/moai-adk/internal/cli/launcher.go:438.52,440.49 2 1
github.com/modu-ai/moai-adk/internal/cli/launcher.go:440.49,442.3 1 0
github.com/modu-ai/moai-adk/internal/cli/launcher.go:444.2,445.42 2 1
github.com/modu-ai/moai-adk/internal/cli/launcher.go:445.42,447.3 1 1
github.com/modu-ai/moai-adk/internal/cli/launcher.go:449.2,450.53 2 1
github.com/modu-ai/moai-adk/internal/cli/launcher.go:450.53,452.3 1 0
github.com/modu-ai/moai-adk/internal/cli/launcher.go:453.2,453.58 1 1
github.com/modu-ai/moai-adk/internal/cli/launcher.go:475.42,476.42 1 1
github.com/modu-ai/moai-adk/internal/cli/launcher.go:476.42,480.3 1 1
github.com/modu-ai/moai-adk/internal/cli/launcher.go:481.2,481.62 1 1
github.com/modu-ai/moai-adk/internal/cli/launcher.go:481.62,483.3 1 1
github.com/modu-ai/moai-adk/internal/cli/launcher.go:484.2,484.29 1 0
github.com/modu-ai/moai-adk/internal/cli/launcher.go:490.54,498.46 3 1
github.com/modu-ai/moai-adk/internal/cli/launcher.go:498.46,500.3 1 1
github.com/modu-ai/moai-adk/internal/cli/launcher.go:503.2,503.57 1 1
github.com/modu-ai/moai-adk/internal/cli/launcher.go:503.57,504.57 1 1
github.com/modu-ai/moai-adk/internal/cli/launcher.go:504.57,505.34 1 1
github.com/modu-ai/moai-adk/internal/cli/launcher.go:505.34,506.22 1 1
github.com/modu-ai/moai-adk/internal/cli/launcher.go:506.22,509.6 2 1
github.com/modu-ai/moai-adk/internal/cli/launcher.go:515.2,515.25 1 1
github.com/modu-ai/moai-adk/internal/cli/launcher.go:515.25,517.3 1 1
github.com/modu-ai/moai-adk/internal/cli/launcher.go:519.2,520.51 2 1
github.com/modu-ai/moai-adk/internal/cli/launcher.go:520.51,522.3 1 1
github.com/modu-ai/moai-adk/internal/cli/launcher.go:524.2,525.16 2 1
github.com/modu-ai/moai-adk/internal/cli/launcher.go:525.16,527.3 1 1
github.com/modu-ai/moai-adk/internal/cli/launcher.go:529.2,533.29 4 1
github.com/modu-ai/moai-adk/internal/cli/launcher.go:533.29,534.44 1 1
github.com/modu-ai/moai-adk/internal/cli/launcher.go:534.44,535.12 1 1
github.com/modu-ai/moai-adk/internal/cli/launcher.go:537.3,543.48 4 1
github.com/modu-ai/moai-adk/internal/cli/launcher.go:543.48,544.12 1 1
github.com/modu-ai/moai-adk/internal/cli/launcher.go:546.3,546.34 1 1
github.com/modu-ai/moai-adk/internal/cli/launcher.go:546.34,551.92 2 1
github.com/modu-ai/moai-adk/internal/cli/launcher.go:551.92,552.13 1 1
github.com/modu-ai/moai-adk/internal/cli/launcher.go:559.4,559.68 1 1
github.com/modu-ai/moai-adk/internal/cli/launcher.go:559.68,561.5 1 1
github.com/modu-ai/moai-adk/internal/cli/launcher.go:561.10,563.5 1 1
github.com/modu-ai/moai-adk/internal/cli/launcher.go:564.4,564.9 1 1
github.com/modu-ai/moai-adk/internal/cli/launcher.go:568.2,569.31 2 1
github.com/modu-ai/moai-adk/internal/cli/launcher.go:569.31,571.3 1 1
github.com/modu-ai/moai-adk/internal/cli/launcher.go:572.2,572.31 1 1
github.com/modu-ai/moai-adk/internal/cli/launcher.go:572.31,576.3 1 1
github.com/modu-ai/moai-adk/internal/cli/launcher.go:577.2,577.33 1 1
github.com/modu-ai/moai-adk/internal/cli/launcher.go:594.61,597.2 2 1
github.com/modu-ai/moai-adk/internal/cli/launcher.go:600.64,604.16 4 1
github.com/modu-ai/moai-adk/internal/cli/launcher.go:604.16,608.3 1 1
github.com/modu-ai/moai-adk/internal/cli/launcher.go:610.2,610.32 1 1
github.com/modu-ai/moai-adk/internal/cli/launcher.go:619.65,621.2 1 1
github.com/modu-ai/moai-adk/internal/cli/launcher.go:627.72,629.51 1 0
github.com/modu-ai/moai-adk/internal/cli/launcher.go:629.51,630.56 1 0
github.com/modu-ai/moai-adk/internal/cli/launcher.go:630.56,632.4 1 0
github.com/modu-ai/moai-adk/internal/cli/launcher.go:633.3,633.55 1 0
github.com/modu-ai/moai-adk/internal/cli/launcher.go:637.2,638.16 2 0
github.com/modu-ai/moai-adk/internal/cli/launcher.go:638.16,640.3 1 0
github.com/modu-ai/moai-adk/internal/cli/launcher.go:646.2,648.48 3 0
github.com/modu-ai/moai-adk/internal/cli/launcher.go:648.48,650.64 2 0
github.com/modu-ai/moai-adk/internal/cli/launcher.go:650.64,652.4 1 0
github.com/modu-ai/moai-adk/internal/cli/launcher.go:653.3,653.82 1 0
github.com/modu-ai/moai-adk/internal/cli/launcher.go:657.2,660.60 2 0
github.com/modu-ai/moai-adk/internal/cli/launcher.go:660.60,662.3 1 0
github.com/modu-ai/moai-adk/internal/cli/launcher.go:667.2,668.49 2 0
github.com/modu-ai/moai-adk/internal/cli/launcher.go:668.49,670.3 1 0
github.com/modu-ai/moai-adk/internal/cli/launcher.go:670.8,670.69 1 0
github.com/modu-ai/moai-adk/internal/cli/launcher.go:670.69,672.3 1 0
github.com/modu-ai/moai-adk/internal/cli/launcher.go:673.2,679.38 5 0
github.com/modu-ai/moai-adk/internal/cli/launcher.go:679.38,681.14 2 0
github.com/modu-ai/moai-adk/internal/cli/launcher.go:682.19,683.17 1 0
github.com/modu-ai/moai-adk/internal/cli/launcher.go:684.22,685.18 1 0
github.com/modu-ai/moai-adk/internal/cli/launcher.go:686.25,687.34 1 0
github.com/modu-ai/moai-adk/internal/cli/launcher.go:688.28,689.28 1 0
github.com/modu-ai/moai-adk/internal/cli/launcher.go:689.28,692.5 2 0
github.com/modu-ai/moai-adk/internal/cli/launcher.go:693.27,694.15 1 0
github.com/modu-ai/moai-adk/internal/cli/launcher.go:695.24,696.28 1 0
github.com/modu-ai/moai-adk/internal/cli/launcher.go:696.28,699.5 2 0
github.com/modu-ai/moai-adk/internal/cli/launcher.go:700.11,702.52 1 0
github.com/modu-ai/moai-adk/internal/cli/launcher.go:702.52,704.5 1 0
github.com/modu-ai/moai-adk/internal/cli/launcher.go:704.10,706.5 1 0
github.com/modu-ai/moai-adk/internal/cli/launcher.go:716.2,716.38 1 0
github.com/modu-ai/moai-adk/internal/cli/launcher.go:716.38,717.100 1 0
github.com/modu-ai/moai-adk/internal/cli/launcher.go:717.100,719.4 1 0
github.com/modu-ai/moai-adk/internal/cli/launcher.go:726.2,729.48 4 0
github.com/modu-ai/moai-adk/internal/cli/launcher.go:729.48,731.3 1 0
github.com/modu-ai/moai-adk/internal/cli/launcher.go:732.2,743.48 2 0
github.com/modu-ai/moai-adk/internal/cli/launcher.go:743.48,745.3 1 0
github.com/modu-ai/moai-adk/internal/cli/launcher.go:748.2,748.48 1 0
github.com/modu-ai/moai-adk/internal/cli/launcher.go:748.48,750.50 2 0
github.com/modu-ai/moai-adk/internal/cli/launcher.go:750.50,752.4 1 0
github.com/modu-ai/moai-adk/internal/cli/launcher.go:753.3,753.14 1 0
github.com/modu-ai/moai-adk/internal/cli/launcher.go:753.14,755.4 1 0
github.com/modu-ai/moai-adk/internal/cli/launcher.go:756.3,756.19 1 0
github.com/modu-ai/moai-adk/internal/cli/launcher.go:756.19,758.4 1 0
github.com/modu-ai/moai-adk/internal/cli/launcher.go:759.3,759.18 1 0
github.com/modu-ai/moai-adk/internal/cli/launcher.go:759.18,761.4 1 0
github.com/modu-ai/moai-adk/internal/cli/launcher.go:762.3,763.11 2 0
github.com/modu-ai/moai-adk/internal/cli/launcher.go:767.2,767.10 1 0
github.com/modu-ai/moai-adk/internal/cli/launcher.go:767.10,773.17 6 0
github.com/modu-ai/moai-adk/internal/cli/launcher.go:773.17,775.4 1 0
github.com/modu-ai/moai-adk/internal/cli/launcher.go:776.3,777.48 2 0
github.com/modu-ai/moai-adk/internal/cli/launcher.go:777.48,779.4 1 0
github.com/modu-ai/moai-adk/internal/cli/launcher.go:779.9,784.4 1 0
github.com/modu-ai/moai-adk/internal/cli/launcher.go:791.2,793.16 3 0
github.com/modu-ai/moai-adk/internal/cli/launcher.go:793.16,806.3 1 0
github.com/modu-ai/moai-adk/internal/cli/launcher.go:806.8,809.3 1 0
github.com/modu-ai/moai-adk/internal/cli/launcher.go:813.2,814.66 2 0
github.com/modu-ai/moai-adk/internal/cli/launcher.go:822.64,826.33 3 1
github.com/modu-ai/moai-adk/internal/cli/launcher.go:826.33,827.22 1 1
github.com/modu-ai/moai-adk/internal/cli/launcher.go:827.22,830.9 2 1
github.com/modu-ai/moai-adk/internal/cli/launcher.go:832.3,832.48 1 1
github.com/modu-ai/moai-adk/internal/cli/launcher.go:832.48,833.80 1 1
github.com/modu-ai/moai-adk/internal/cli/launcher.go:833.80,835.5 1 1
github.com/modu-ai/moai-adk/internal/cli/launcher.go:836.4,838.12 3 1
github.com/modu-ai/moai-adk/internal/cli/launcher.go:841.3,841.47 1 1
github.com/modu-ai/moai-adk/internal/cli/launcher.go:841.47,843.25 2 1
github.com/modu-ai/moai-adk/internal/cli/launcher.go:843.25,845.5 1 1
github.com/modu-ai/moai-adk/internal/cli/launcher.go:846.4,846.12 1 1
github.com/modu-ai/moai-adk/internal/cli/launcher.go:848.3,848.40 1 1
github.com/modu-ai/moai-adk/internal/cli/launcher.go:848.40,850.25 2 1
github.com/modu-ai/moai-adk/internal/cli/launcher.go:850.25,852.5 1 1
github.com/modu-ai/moai-adk/internal/cli/launcher.go:853.4,853.12 1 1
github.com/modu-ai/moai-adk/internal/cli/launcher.go:855.3,855.39 1 1
github.com/modu-ai/moai-adk/internal/cli/launcher.go:858.2,858.35 1 1
github.com/modu-ai/moai-adk/internal/cli/launcher.go:866.52,869.33 2 1
github.com/modu-ai/moai-adk/internal/cli/launcher.go:869.33,871.18 2 1
github.com/modu-ai/moai-adk/internal/cli/launcher.go:871.18,874.9 2 1
github.com/modu-ai/moai-adk/internal/cli/launcher.go:876.3,876.10 1 1
github.com/modu-ai/moai-adk/internal/cli/launcher.go:877.43,881.82 2 1
github.com/modu-ai/moai-adk/internal/cli/launcher.go:881.82,884.5 2 1
github.com/modu-ai/moai-adk/internal/cli/launcher.go:885.46,888.18 3 1
github.com/modu-ai/moai-adk/internal/cli/launcher.go:888.18,890.5 1 1
github.com/modu-ai/moai-adk/internal/cli/launcher.go:891.38,894.18 3 1
github.com/modu-ai/moai-adk/internal/cli/launcher.go:894.18,896.5 1 1
github.com/modu-ai/moai-adk/internal/cli/launcher.go:897.11,898.40 1 1
github.com/modu-ai/moai-adk/internal/cli/launcher.go:902.2,902.19 1 1
github.com/modu-ai/moai-adk/internal/cli/launcher.go:934.49,936.24 2 1
github.com/modu-ai/moai-adk/internal/cli/launcher.go:936.24,939.3 1 1
github.com/modu-ai/moai-adk/internal/cli/launcher.go:940.2,940.28 1 1
github.com/modu-ai/moai-adk/internal/cli/launcher.go:940.28,943.3 1 1
github.com/modu-ai/moai-adk/internal/cli/launcher.go:946.2,947.60 2 1
github.com/modu-ai/moai-adk/internal/cli/launcher.go:947.60,949.3 1 1
github.com/modu-ai/moai-adk/internal/cli/launcher.go:950.2,950.48 1 1
github.com/modu-ai/moai-adk/internal/cli/launcher.go:950.48,952.3 1 1
github.com/modu-ai/moai-adk/internal/cli/launcher.go:954.2,954.42 1 1
github.com/modu-ai/moai-adk/internal/cli/launcher.go:954.42,955.43 1 1
github.com/modu-ai/moai-adk/internal/cli/launcher.go:955.43,957.4 1 1
github.com/modu-ai/moai-adk/internal/cli/launcher.go:960.2,966.3 1 1
github.com/modu-ai/moai-adk/internal/cli/launcher.go:973.54,974.33 1 1
github.com/modu-ai/moai-adk/internal/cli/launcher.go:974.33,976.18 2 1
github.com/modu-ai/moai-adk/internal/cli/launcher.go:976.18,979.4 1 1
github.com/modu-ai/moai-adk/internal/cli/launcher.go:980.3,980.10 1 1
github.com/modu-ai/moai-adk/internal/cli/launcher.go:981.43,984.82 1 1
github.com/modu-ai/moai-adk/internal/cli/launcher.go:984.82,986.5 1 1
github.com/modu-ai/moai-adk/internal/cli/launcher.go:988.4,988.20 1 1
github.com/modu-ai/moai-adk/internal/cli/launcher.go:989.46,990.55 1 1
github.com/modu-ai/moai-adk/internal/cli/launcher.go:991.38,992.47 1 1
github.com/modu-ai/moai-adk/internal/cli/launcher.go:995.2,995.18 1 1
github.com/modu-ai/moai-adk/internal/cli/launcher.go:1010.54,1016.16 6 1
github.com/modu-ai/moai-adk/internal/cli/launcher.go:1016.16,1018.3 1 0
github.com/modu-ai/moai-adk/internal/cli/launcher.go:1019.2,1019.16 1 1
github.com/modu-ai/moai-adk/internal/cli/launcher.go:1019.16,1022.3 1 0
github.com/modu-ai/moai-adk/internal/cli/launcher.go:1024.2,1024.76 1 1
github.com/modu-ai/moai-adk/internal/cli/launcher.go:1024.76,1026.3 1 1
github.com/modu-ai/moai-adk/internal/cli/launcher.go:1027.2,1027.13 1 1
github.com/modu-ai/moai-adk/internal/cli/launcher.go:1032.53,1038.16 4 1
github.com/modu-ai/moai-adk/internal/cli/launcher.go:1038.16,1040.3 1 0
github.com/modu-ai/moai-adk/internal/cli/launcher.go:1042.2,1043.16 2 1
github.com/modu-ai/moai-adk/internal/cli/launcher.go:1043.16,1045.3 1 1
github.com/modu-ai/moai-adk/internal/cli/launcher.go:1047.2,1048.56 2 1
github.com/modu-ai/moai-adk/internal/cli/launcher.go:1048.56,1050.3 1 1
github.com/modu-ai/moai-adk/internal/cli/launcher.go:1052.2,1052.33 1 1
github.com/modu-ai/moai-adk/internal/cli/launcher.go:1052.33,1054.3 1 1
github.com/modu-ai/moai-adk/internal/cli/launcher.go:1055.2,1055.15 1 1
github.com/modu-ai/moai-adk/internal/cli/launcher.go:1079.90,1082.66 1 1
github.com/modu-ai/moai-adk/internal/cli/launcher.go:1082.66,1086.62 1 1
github.com/modu-ai/moai-adk/internal/cli/launcher.go:1086.62,1088.20 2 1
github.com/modu-ai/moai-adk/internal/cli/launcher.go:1088.20,1090.5 1 1
github.com/modu-ai/moai-adk/internal/cli/launcher.go:1091.4,1092.28 2 1
github.com/modu-ai/moai-adk/internal/cli/launcher.go:1093.9,1095.58 1 1
github.com/modu-ai/moai-adk/internal/cli/launcher.go:1095.58,1097.24 2 1
github.com/modu-ai/moai-adk/internal/cli/launcher.go:1097.24,1099.6 1 1
github.com/modu-ai/moai-adk/internal/cli/launcher.go:1112.45,1113.17 1 1
github.com/modu-ai/moai-adk/internal/cli/launcher.go:1113.17,1115.3 1 1
github.com/modu-ai/moai-adk/internal/cli/launcher.go:1116.2,1118.9 3 1
github.com/modu-ai/moai-adk/internal/cli/launcher.go:1118.9,1120.3 1 1
github.com/modu-ai/moai-adk/internal/cli/launcher.go:1121.2,1121.18 1 1
github.com/modu-ai/moai-adk/internal/cli/launcher.go:1121.18,1123.3 1 1
github.com/modu-ai/moai-adk/internal/cli/launcher.go:1124.2,1124.26 1 1
github.com/modu-ai/moai-adk/internal/cli/launcher.go:1130.59,1132.38 2 1
github.com/modu-ai/moai-adk/internal/cli/launcher.go:1132.38,1134.3 1 1
github.com/modu-ai/moai-adk/internal/cli/launcher.go:1135.2,1135.18 1 1
github.com/modu-ai/moai-adk/internal/cli/launcher.go:1144.68,1145.23 1 1
github.com/modu-ai/moai-adk/internal/cli/launcher.go:1145.23,1147.3 1 1
github.com/modu-ai/moai-adk/internal/cli/launcher.go:1148.2,1152.25 5 1
github.com/modu-ai/moai-adk/internal/cli/launcher.go:1152.25,1153.36 1 1
github.com/modu-ai/moai-adk/internal/cli/launcher.go:1153.36,1156.4 2 1
github.com/modu-ai/moai-adk/internal/cli/launcher.go:1156.9,1158.4 1 1
github.com/modu-ai/moai-adk/internal/cli/launcher.go:1160.2,1160.15 1 1
github.com/modu-ai/moai-adk/internal/cli/launcher.go:1160.15,1162.3 1 1
github.com/modu-ai/moai-adk/internal/cli/launcher.go:1163.2,1163.15 1 1
github.com/modu-ai/moai-adk/internal/cli/launcher.go:1172.66,1173.23 1 1
github.com/modu-ai/moai-adk/internal/cli/launcher.go:1173.23,1175.3 1 1
github.com/modu-ai/moai-adk/internal/cli/launcher.go:1176.2,1176.23 1 1
github.com/modu-ai/moai-adk/internal/cli/launcher.go:1176.23,1177.87 1 1
github.com/modu-ai/moai-adk/internal/cli/launcher.go:1177.87,1179.4 1 1
github.com/modu-ai/moai-adk/internal/cli/launcher.go:1181.2,1181.11 1 1
github.com/modu-ai/moai-adk/internal/cli/launcher.go:1196.80,1198.25 2 1
github.com/modu-ai/moai-adk/internal/cli/launcher.go:1198.25,1199.64 1 1
github.com/modu-ai/moai-adk/internal/cli/launcher.go:1199.64,1200.12 1 0
github.com/modu-ai/moai-adk/internal/cli/launcher.go:1202.3,1202.67 1 1
github.com/modu-ai/moai-adk/internal/cli/launcher.go:1202.67,1203.12 1 0
github.com/modu-ai/moai-adk/internal/cli/launcher.go:1205.3,1205.29 1 1
github.com/modu-ai/moai-adk/internal/cli/launcher.go:1207.2,1207.70 1 1
github.com/modu-ai/moai-adk/internal/cli/launcher.go:1207.70,1209.3 1 1
github.com/modu-ai/moai-adk/internal/cli/launcher.go:1210.2,1210.15 1 1
github.com/modu-ai/moai-adk/internal/cli/launcher.go:1224.73,1225.17 1 1
github.com/modu-ai/moai-adk/internal/cli/launcher.go:1225.17,1227.3 1 1
github.com/modu-ai/moai-adk/internal/cli/launcher.go:1228.2,1228.22 1 1
github.com/modu-ai/moai-adk/internal/cli/launcher.go:1228.22,1230.3 1 1
github.com/modu-ai/moai-adk/internal/cli/launcher.go:1231.2,1233.18 3 1
github.com/modu-ai/moai-adk/internal/cli/launcher.go:1233.18,1235.3 1 1
github.com/modu-ai/moai-adk/internal/cli/launcher.go:1236.2,1236.23 1 1
github.com/modu-ai/moai-adk/internal/cli/launcher.go:1252.83,1255.16 3 1
github.com/modu-ai/moai-adk/internal/cli/launcher.go:1255.16,1257.3 1 0
github.com/modu-ai/moai-adk/internal/cli/launcher.go:1258.2,1258.72 1 1
github.com/modu-ai/moai-adk/internal/cli/launcher.go:1264.72,1266.12 2 1
github.com/modu-ai/moai-adk/internal/cli/launcher.go:1266.12,1268.3 1 1
github.com/modu-ai/moai-adk/internal/cli/launcher.go:1269.2,1269.62 1 1
github.com/modu-ai/moai-adk/internal/cli/launcher_blockcap_infinite.go:39.112,58.49 2 1
github.com/modu-ai/moai-adk/internal/cli/launcher_blockcap_infinite.go:58.49,60.3 1 1
github.com/modu-ai/moai-adk/internal/cli/launcher_blockcap_infinite.go:61.2,61.42 1 1
github.com/modu-ai/moai-adk/internal/cli/launcher_blockcap_infinite.go:61.42,63.3 1 1
github.com/modu-ai/moai-adk/internal/cli/launcher_blockcap_infinite.go:64.2,65.28 2 1
github.com/modu-ai/moai-adk/internal/cli/launcher_blockcap_infinite.go:65.28,67.3 1 1
github.com/modu-ai/moai-adk/internal/cli/launcher_blockcap_infinite.go:68.2,68.61 1 1
github.com/modu-ai/moai-adk/internal/cli/launcher_blockcap_infinite.go:68.61,70.3 1 1
github.com/modu-ai/moai-adk/internal/cli/launcher_blockcap_infinite.go:71.2,71.65 1 1
github.com/modu-ai/moai-adk/internal/cli/launcher_blockcap_infinite.go:77.59,82.25 5 1
github.com/modu-ai/moai-adk/internal/cli/launcher_blockcap_infinite.go:82.25,83.36 1 1
github.com/modu-ai/moai-adk/internal/cli/launcher_blockcap_infinite.go:83.36,86.4 2 1
github.com/modu-ai/moai-adk/internal/cli/launcher_blockcap_infinite.go:86.9,88.4 1 1
github.com/modu-ai/moai-adk/internal/cli/launcher_blockcap_infinite.go:90.2,90.15 1 1
github.com/modu-ai/moai-adk/internal/cli/launcher_blockcap_infinite.go:90.15,92.3 1 1
github.com/modu-ai/moai-adk/internal/cli/launcher_blockcap_infinite.go:93.2,93.15 1 1
github.com/modu-ai/moai-adk/internal/cli/launcher_blockcap_infinite.go:98.32,99.12 1 1
github.com/modu-ai/moai-adk/internal/cli/launcher_blockcap_infinite.go:99.12,101.3 1 0
github.com/modu-ai/moai-adk/internal/cli/launcher_blockcap_infinite.go:102.2,104.9 3 1
github.com/modu-ai/moai-adk/internal/cli/launcher_blockcap_infinite.go:104.9,106.3 1 0
github.com/modu-ai/moai-adk/internal/cli/launcher_blockcap_infinite.go:107.2,107.12 1 1
github.com/modu-ai/moai-adk/internal/cli/launcher_blockcap_infinite.go:107.12,110.3 2 1
github.com/modu-ai/moai-adk/internal/cli/launcher_blockcap_infinite.go:111.2,111.9 1 1
github.com/modu-ai/moai-adk/internal/cli/launcher_blockcap_infinite.go:111.9,113.3 1 0
github.com/modu-ai/moai-adk/internal/cli/launcher_blockcap_infinite.go:114.2,114.18 1 1
github.com/modu-ai/moai-adk/internal/cli/launcher_blockcap_infinite.go:126.60,127.27 1 0
github.com/modu-ai/moai-adk/internal/cli/launcher_blockcap_infinite.go:127.27,129.3 1 0
github.com/modu-ai/moai-adk/internal/cli/launcher_blockcap_infinite.go:130.2,130.48 1 0
github.com/modu-ai/moai-adk/internal/cli/launcher_blockcap_infinite.go:130.48,132.3 1 0
github.com/modu-ai/moai-adk/internal/cli/launcher_blockcap_infinite.go:133.2,133.11 1 0
github.com/modu-ai/moai-adk/internal/cli/launcher_blockcap_infinite.go:138.33,140.2 1 1
github.com/modu-ai/moai-adk/internal/cli/logging.go:36.35,38.15 2 1
github.com/modu-ai/moai-adk/internal/cli/logging.go:38.15,40.3 1 1
github.com/modu-ai/moai-adk/internal/cli/logging.go:43.2,44.57 2 1
github.com/modu-ai/moai-adk/internal/cli/logging.go:44.57,46.3 1 1
github.com/modu-ai/moai-adk/internal/cli/logging.go:47.2,47.14 1 1
github.com/modu-ai/moai-adk/internal/cli/logging.go:59.60,60.25 1 1
github.com/modu-ai/moai-adk/internal/cli/logging.go:60.25,62.3 1 1
github.com/modu-ai/moai-adk/internal/cli/logging.go:63.2,63.67 1 1
github.com/modu-ai/moai-adk/internal/cli/logging.go:71.38,74.2 2 1
github.com/modu-ai/moai-adk/internal/cli/logging.go:82.40,83.27 1 1
github.com/modu-ai/moai-adk/internal/cli/logging.go:83.27,84.34 1 1
github.com/modu-ai/moai-adk/internal/cli/logging.go:84.34,85.12 1 1
github.com/modu-ai/moai-adk/internal/cli/logging.go:87.3,87.31 1 1
github.com/modu-ai/moai-adk/internal/cli/logging.go:89.2,89.14 1 1
github.com/modu-ai/moai-adk/internal/cli/loop.go:25.35,26.40 1 1
github.com/modu-ai/moai-adk/internal/cli/loop.go:26.40,27.38 1 1
github.com/modu-ai/moai-adk/internal/cli/loop.go:27.38,29.4 1 1
github.com/modu-ai/moai-adk/internal/cli/loop.go:31.2,31.10 1 1
github.com/modu-ai/moai-adk/internal/cli/loop.go:37.69,39.40 2 1
github.com/modu-ai/moai-adk/internal/cli/loop.go:39.40,44.10 4 1
github.com/modu-ai/moai-adk/internal/cli/loop.go:45.24,46.17 1 1
github.com/modu-ai/moai-adk/internal/cli/loop.go:47.25,48.18 1 1
github.com/modu-ai/moai-adk/internal/cli/loop.go:49.11,50.19 1 1
github.com/modu-ai/moai-adk/internal/cli/loop.go:53.3,62.6 4 1
github.com/modu-ai/moai-adk/internal/cli/loop.go:64.2,64.34 1 1
github.com/modu-ai/moai-adk/internal/cli/loop.go:101.51,103.3 1 0
github.com/modu-ai/moai-adk/internal/cli/loop.go:146.13,153.2 6 1
github.com/modu-ai/moai-adk/internal/cli/loop.go:156.60,157.47 1 1
github.com/modu-ai/moai-adk/internal/cli/loop.go:157.47,159.3 1 1
github.com/modu-ai/moai-adk/internal/cli/loop.go:160.2,161.73 2 1
github.com/modu-ai/moai-adk/internal/cli/loop.go:161.73,163.3 1 0
github.com/modu-ai/moai-adk/internal/cli/loop.go:165.2,173.12 9 1
github.com/modu-ai/moai-adk/internal/cli/loop.go:179.58,180.47 1 1
github.com/modu-ai/moai-adk/internal/cli/loop.go:180.47,182.3 1 1
github.com/modu-ai/moai-adk/internal/cli/loop.go:183.2,184.25 2 1
github.com/modu-ai/moai-adk/internal/cli/loop.go:184.25,187.3 2 1
github.com/modu-ai/moai-adk/internal/cli/loop.go:189.2,200.19 6 0
github.com/modu-ai/moai-adk/internal/cli/loop.go:200.19,202.3 1 0
github.com/modu-ai/moai-adk/internal/cli/loop.go:203.2,210.20 7 0
github.com/modu-ai/moai-adk/internal/cli/loop.go:210.20,212.3 1 0
github.com/modu-ai/moai-adk/internal/cli/loop.go:212.8,214.3 1 0
github.com/modu-ai/moai-adk/internal/cli/loop.go:215.2,217.22 2 0
github.com/modu-ai/moai-adk/internal/cli/loop.go:217.22,220.3 2 0
github.com/modu-ai/moai-adk/internal/cli/loop.go:221.2,221.12 1 0
github.com/modu-ai/moai-adk/internal/cli/loop.go:225.57,226.47 1 1
github.com/modu-ai/moai-adk/internal/cli/loop.go:226.47,228.3 1 1
github.com/modu-ai/moai-adk/internal/cli/loop.go:229.2,229.52 1 1
github.com/modu-ai/moai-adk/internal/cli/loop.go:229.52,231.3 1 1
github.com/modu-ai/moai-adk/internal/cli/loop.go:232.2,235.12 4 0
github.com/modu-ai/moai-adk/internal/cli/loop.go:239.61,240.47 1 1
github.com/modu-ai/moai-adk/internal/cli/loop.go:240.47,242.3 1 1
github.com/modu-ai/moai-adk/internal/cli/loop.go:243.2,244.85 2 1
github.com/modu-ai/moai-adk/internal/cli/loop.go:244.85,246.3 1 1
github.com/modu-ai/moai-adk/internal/cli/loop.go:247.2,253.12 7 0
github.com/modu-ai/moai-adk/internal/cli/loop.go:257.58,258.47 1 1
github.com/modu-ai/moai-adk/internal/cli/loop.go:258.47,260.3 1 1
github.com/modu-ai/moai-adk/internal/cli/loop.go:261.2,261.53 1 1
github.com/modu-ai/moai-adk/internal/cli/loop.go:261.53,263.3 1 1
github.com/modu-ai/moai-adk/internal/cli/loop.go:264.2,267.12 4 0
github.com/modu-ai/moai-adk/internal/cli/lsp_doctor.go:81.57,83.16 2 0
github.com/modu-ai/moai-adk/internal/cli/lsp_doctor.go:83.16,85.3 1 0
github.com/modu-ai/moai-adk/internal/cli/lsp_doctor.go:86.2,88.16 3 0
github.com/modu-ai/moai-adk/internal/cli/lsp_doctor.go:88.16,90.3 1 0
github.com/modu-ai/moai-adk/internal/cli/lsp_doctor.go:92.2,93.19 2 0
github.com/modu-ai/moai-adk/internal/cli/lsp_doctor.go:93.19,94.64 1 0
github.com/modu-ai/moai-adk/internal/cli/lsp_doctor.go:94.64,96.4 1 0
github.com/modu-ai/moai-adk/internal/cli/lsp_doctor.go:97.8,99.3 1 0
github.com/modu-ai/moai-adk/internal/cli/lsp_doctor.go:104.2,104.80 1 0
github.com/modu-ai/moai-adk/internal/cli/lsp_doctor.go:104.80,106.3 1 0
github.com/modu-ai/moai-adk/internal/cli/lsp_doctor.go:107.2,107.12 1 0
github.com/modu-ai/moai-adk/internal/cli/lsp_doctor.go:112.71,116.2 3 0
github.com/modu-ai/moai-adk/internal/cli/lsp_doctor.go:118.13,122.2 3 1
github.com/modu-ai/moai-adk/internal/cli/lsp_doctor.go:128.83,130.16 2 1
github.com/modu-ai/moai-adk/internal/cli/lsp_doctor.go:130.16,132.3 1 1
github.com/modu-ai/moai-adk/internal/cli/lsp_doctor.go:135.2,141.29 4 1
github.com/modu-ai/moai-adk/internal/cli/lsp_doctor.go:141.29,151.12 4 1
github.com/modu-ai/moai-adk/internal/cli/lsp_doctor.go:151.12,153.4 1 1
github.com/modu-ai/moai-adk/internal/cli/lsp_doctor.go:153.9,155.4 1 1
github.com/modu-ai/moai-adk/internal/cli/lsp_doctor.go:159.2,166.8 2 1
github.com/modu-ai/moai-adk/internal/cli/lsp_doctor.go:171.84,174.29 3 1
github.com/modu-ai/moai-adk/internal/cli/lsp_doctor.go:174.29,176.50 2 1
github.com/modu-ai/moai-adk/internal/cli/lsp_doctor.go:176.50,178.4 1 1
github.com/modu-ai/moai-adk/internal/cli/lsp_doctor.go:180.2,180.17 1 1
github.com/modu-ai/moai-adk/internal/cli/lsp_doctor.go:185.54,186.33 1 1
github.com/modu-ai/moai-adk/internal/cli/lsp_doctor.go:186.33,189.37 3 1
github.com/modu-ai/moai-adk/internal/cli/lsp_doctor.go:189.37,191.4 1 1
github.com/modu-ai/moai-adk/internal/cli/lsp_doctor.go:193.2,193.14 1 1
github.com/modu-ai/moai-adk/internal/cli/lsp_doctor.go:198.74,200.33 2 1
github.com/modu-ai/moai-adk/internal/cli/lsp_doctor.go:200.33,201.16 1 1
github.com/modu-ai/moai-adk/internal/cli/lsp_doctor.go:201.16,202.12 1 0
github.com/modu-ai/moai-adk/internal/cli/lsp_doctor.go:204.3,204.47 1 1
github.com/modu-ai/moai-adk/internal/cli/lsp_doctor.go:204.47,206.4 1 1
github.com/modu-ai/moai-adk/internal/cli/lsp_doctor.go:208.2,208.18 1 1
github.com/modu-ai/moai-adk/internal/cli/lsp_doctor.go:213.91,214.28 1 1
github.com/modu-ai/moai-adk/internal/cli/lsp_doctor.go:214.28,216.3 1 1
github.com/modu-ai/moai-adk/internal/cli/lsp_doctor.go:218.2,219.33 2 1
github.com/modu-ai/moai-adk/internal/cli/lsp_doctor.go:219.33,221.3 1 1
github.com/modu-ai/moai-adk/internal/cli/lsp_doctor.go:223.2,224.28 2 1
github.com/modu-ai/moai-adk/internal/cli/lsp_doctor.go:224.28,225.26 1 1
github.com/modu-ai/moai-adk/internal/cli/lsp_doctor.go:225.26,227.4 1 0
github.com/modu-ai/moai-adk/internal/cli/lsp_doctor.go:230.2,231.30 2 1
github.com/modu-ai/moai-adk/internal/cli/lsp_doctor.go:231.30,232.26 1 1
github.com/modu-ai/moai-adk/internal/cli/lsp_doctor.go:232.26,234.4 1 1
github.com/modu-ai/moai-adk/internal/cli/lsp_doctor.go:237.2,237.9 1 1
github.com/modu-ai/moai-adk/internal/cli/lsp_doctor.go:238.26,239.17 1 1
github.com/modu-ai/moai-adk/internal/cli/lsp_doctor.go:240.27,241.19 1 0
github.com/modu-ai/moai-adk/internal/cli/lsp_doctor.go:242.10,243.19 1 0
github.com/modu-ai/moai-adk/internal/cli/lsp_doctor.go:248.58,250.32 2 1
github.com/modu-ai/moai-adk/internal/cli/lsp_doctor.go:250.32,252.3 1 1
github.com/modu-ai/moai-adk/internal/cli/lsp_doctor.go:253.2,254.14 2 1
github.com/modu-ai/moai-adk/internal/cli/lsp_doctor.go:258.61,262.34 3 1
github.com/modu-ai/moai-adk/internal/cli/lsp_doctor.go:262.34,264.3 1 0
github.com/modu-ai/moai-adk/internal/cli/lsp_doctor.go:264.8,266.3 1 1
github.com/modu-ai/moai-adk/internal/cli/lsp_doctor.go:268.2,269.39 2 1
github.com/modu-ai/moai-adk/internal/cli/lsp_doctor.go:269.39,271.3 1 1
github.com/modu-ai/moai-adk/internal/cli/lsp_doctor.go:273.2,273.31 1 1
github.com/modu-ai/moai-adk/internal/cli/lsp_doctor.go:273.31,275.38 2 1
github.com/modu-ai/moai-adk/internal/cli/lsp_doctor.go:275.38,277.27 2 1
github.com/modu-ai/moai-adk/internal/cli/lsp_doctor.go:277.27,279.5 1 1
github.com/modu-ai/moai-adk/internal/cli/lsp_doctor.go:283.2,283.63 1 1
github.com/modu-ai/moai-adk/internal/cli/mcp.go:60.33,80.2 5 1
github.com/modu-ai/moai-adk/internal/cli/mcp.go:83.36,108.59 2 1
github.com/modu-ai/moai-adk/internal/cli/mcp.go:108.59,109.28 1 0
github.com/modu-ai/moai-adk/internal/cli/mcp.go:109.28,111.5 1 0
github.com/modu-ai/moai-adk/internal/cli/mcp.go:112.4,113.18 2 0
github.com/modu-ai/moai-adk/internal/cli/mcp.go:113.18,115.5 1 0
github.com/modu-ai/moai-adk/internal/cli/mcp.go:116.4,125.6 1 0
github.com/modu-ai/moai-adk/internal/cli/mcp.go:128.2,135.10 8 1
github.com/modu-ai/moai-adk/internal/cli/mcp.go:139.39,147.59 2 1
github.com/modu-ai/moai-adk/internal/cli/mcp.go:147.59,148.28 1 0
github.com/modu-ai/moai-adk/internal/cli/mcp.go:148.28,150.5 1 0
github.com/modu-ai/moai-adk/internal/cli/mcp.go:151.4,152.18 2 0
github.com/modu-ai/moai-adk/internal/cli/mcp.go:152.18,154.5 1 0
github.com/modu-ai/moai-adk/internal/cli/mcp.go:155.4,155.51 1 0
github.com/modu-ai/moai-adk/internal/cli/mcp.go:158.2,159.10 2 1
github.com/modu-ai/moai-adk/internal/cli/mcp.go:163.37,174.50 2 1
github.com/modu-ai/moai-adk/internal/cli/mcp.go:174.50,176.18 2 0
github.com/modu-ai/moai-adk/internal/cli/mcp.go:176.18,178.5 1 0
github.com/modu-ai/moai-adk/internal/cli/mcp.go:179.4,179.59 1 0
github.com/modu-ai/moai-adk/internal/cli/mcp.go:182.2,184.10 3 1
github.com/modu-ai/moai-adk/internal/cli/mcp.go:190.55,195.16 2 0
github.com/modu-ai/moai-adk/internal/cli/mcp.go:195.16,197.3 1 0
github.com/modu-ai/moai-adk/internal/cli/mcp.go:201.2,201.31 1 0
github.com/modu-ai/moai-adk/internal/cli/mcp.go:206.35,207.48 1 0
github.com/modu-ai/moai-adk/internal/cli/mcp.go:207.48,208.13 1 0
github.com/modu-ai/moai-adk/internal/cli/mcp.go:208.13,210.4 1 0
github.com/modu-ai/moai-adk/internal/cli/mcp.go:211.3,211.15 1 0
github.com/modu-ai/moai-adk/internal/cli/mcp.go:213.2,213.12 1 0
github.com/modu-ai/moai-adk/internal/cli/mcp.go:217.51,218.21 1 1
github.com/modu-ai/moai-adk/internal/cli/mcp.go:218.21,220.3 1 0
github.com/modu-ai/moai-adk/internal/cli/mcp.go:221.2,221.27 1 1
github.com/modu-ai/moai-adk/internal/cli/mcp.go:227.49,228.18 1 1
github.com/modu-ai/moai-adk/internal/cli/mcp.go:228.18,230.3 1 0
github.com/modu-ai/moai-adk/internal/cli/mcp.go:232.2,233.16 2 1
github.com/modu-ai/moai-adk/internal/cli/mcp.go:233.16,235.3 1 1
github.com/modu-ai/moai-adk/internal/cli/mcp.go:236.2,237.16 2 1
github.com/modu-ai/moai-adk/internal/cli/mcp.go:237.16,239.3 1 0
github.com/modu-ai/moai-adk/internal/cli/mcp.go:240.2,241.84 2 1
github.com/modu-ai/moai-adk/internal/cli/mcp.go:241.84,243.21 2 1
github.com/modu-ai/moai-adk/internal/cli/mcp.go:243.21,245.4 1 0
github.com/modu-ai/moai-adk/internal/cli/mcp.go:246.3,246.93 1 1
github.com/modu-ai/moai-adk/internal/cli/mcp.go:246.93,249.4 2 1
github.com/modu-ai/moai-adk/internal/cli/mcp.go:250.3,256.19 4 1
github.com/modu-ai/moai-adk/internal/cli/mcp.go:263.51,264.16 1 1
github.com/modu-ai/moai-adk/internal/cli/mcp.go:264.16,266.3 1 0
github.com/modu-ai/moai-adk/internal/cli/mcp.go:267.2,268.84 2 1
github.com/modu-ai/moai-adk/internal/cli/mcp.go:268.84,270.21 2 1
github.com/modu-ai/moai-adk/internal/cli/mcp.go:270.21,272.4 1 0
github.com/modu-ai/moai-adk/internal/cli/mcp.go:273.3,273.34 1 1
github.com/modu-ai/moai-adk/internal/cli/mcp.go:273.34,275.4 1 1
github.com/modu-ai/moai-adk/internal/cli/mcp.go:276.3,278.19 3 1
github.com/modu-ai/moai-adk/internal/cli/mcp.go:299.71,302.16 3 1
github.com/modu-ai/moai-adk/internal/cli/mcp.go:302.16,304.3 1 0
github.com/modu-ai/moai-adk/internal/cli/mcp.go:305.2,307.25 3 1
github.com/modu-ai/moai-adk/internal/cli/mcp.go:307.25,309.3 1 1
github.com/modu-ai/moai-adk/internal/cli/mcp.go:310.2,313.29 3 1
github.com/modu-ai/moai-adk/internal/cli/mcp.go:313.29,321.3 2 1
github.com/modu-ai/moai-adk/internal/cli/mcp.go:323.2,323.12 1 1
github.com/modu-ai/moai-adk/internal/cli/mcp.go:323.12,326.17 3 1
github.com/modu-ai/moai-adk/internal/cli/mcp.go:326.17,328.4 1 0
github.com/modu-ai/moai-adk/internal/cli/mcp.go:329.3,331.13 3 1
github.com/modu-ai/moai-adk/internal/cli/mcp.go:334.2,337.28 4 0
github.com/modu-ai/moai-adk/internal/cli/mcp.go:337.28,339.25 2 0
github.com/modu-ai/moai-adk/internal/cli/mcp.go:339.25,341.4 1 0
github.com/modu-ai/moai-adk/internal/cli/mcp.go:343.2,344.12 2 0
github.com/modu-ai/moai-adk/internal/cli/mcp.go:349.51,350.52 1 1
github.com/modu-ai/moai-adk/internal/cli/mcp.go:350.52,352.3 1 1
github.com/modu-ai/moai-adk/internal/cli/mcp.go:353.2,353.31 1 1
github.com/modu-ai/moai-adk/internal/cli/mcp.go:353.31,355.3 1 0
github.com/modu-ai/moai-adk/internal/cli/mcp.go:356.2,356.16 1 1
github.com/modu-ai/moai-adk/internal/cli/mcp.go:363.52,364.18 1 1
github.com/modu-ai/moai-adk/internal/cli/mcp.go:364.18,366.3 1 0
github.com/modu-ai/moai-adk/internal/cli/mcp.go:367.2,368.25 2 1
github.com/modu-ai/moai-adk/internal/cli/mcp.go:368.25,371.45 2 1
github.com/modu-ai/moai-adk/internal/cli/mcp.go:371.45,373.4 1 1
github.com/modu-ai/moai-adk/internal/cli/mcp.go:375.2,375.50 1 1
github.com/modu-ai/moai-adk/internal/cli/mcp.go:375.50,376.25 1 0
github.com/modu-ai/moai-adk/internal/cli/mcp.go:376.25,377.31 1 0
github.com/modu-ai/moai-adk/internal/cli/mcp.go:377.31,379.5 1 0
github.com/modu-ai/moai-adk/internal/cli/mcp.go:382.2,382.58 1 1
github.com/modu-ai/moai-adk/internal/cli/mcp.go:382.58,383.29 1 1
github.com/modu-ai/moai-adk/internal/cli/mcp.go:383.29,384.31 1 1
github.com/modu-ai/moai-adk/internal/cli/mcp.go:384.31,386.5 1 1
github.com/modu-ai/moai-adk/internal/cli/mcp.go:389.2,389.20 1 1
github.com/modu-ai/moai-adk/internal/cli/mcp.go:389.20,391.3 1 1
github.com/modu-ai/moai-adk/internal/cli/mcp.go:392.2,393.22 2 1
github.com/modu-ai/moai-adk/internal/cli/mcp.go:393.22,395.3 1 1
github.com/modu-ai/moai-adk/internal/cli/mcp.go:396.2,397.12 2 1
github.com/modu-ai/moai-adk/internal/cli/mcp.go:402.63,403.21 1 1
github.com/modu-ai/moai-adk/internal/cli/mcp.go:403.21,405.3 1 1
github.com/modu-ai/moai-adk/internal/cli/mcp.go:406.2,407.26 2 1
github.com/modu-ai/moai-adk/internal/cli/mcp.go:407.26,409.15 2 1
github.com/modu-ai/moai-adk/internal/cli/mcp.go:409.15,411.4 1 0
github.com/modu-ai/moai-adk/internal/cli/mcp.go:412.3,414.43 3 1
github.com/modu-ai/moai-adk/internal/cli/mcp.go:414.43,416.4 1 1
github.com/modu-ai/moai-adk/internal/cli/mcp.go:417.3,417.17 1 1
github.com/modu-ai/moai-adk/internal/cli/mcp.go:419.2,419.17 1 1
github.com/modu-ai/moai-adk/internal/cli/mcp.go:423.58,425.16 2 1
github.com/modu-ai/moai-adk/internal/cli/mcp.go:425.16,427.3 1 0
github.com/modu-ai/moai-adk/internal/cli/mcp.go:428.2,428.19 1 1
github.com/modu-ai/moai-adk/internal/cli/mcp.go:429.19,430.22 1 1
github.com/modu-ai/moai-adk/internal/cli/mcp.go:430.22,432.4 1 0
github.com/modu-ai/moai-adk/internal/cli/mcp.go:433.3,437.22 2 1
github.com/modu-ai/moai-adk/internal/cli/mcp.go:437.22,439.4 1 1
github.com/modu-ai/moai-adk/internal/cli/mcp.go:440.3,440.20 1 1
github.com/modu-ai/moai-adk/internal/cli/mcp.go:441.14,442.18 1 1
github.com/modu-ai/moai-adk/internal/cli/mcp.go:442.18,444.4 1 0
github.com/modu-ai/moai-adk/internal/cli/mcp.go:445.3,449.25 2 1
github.com/modu-ai/moai-adk/internal/cli/mcp.go:449.25,451.18 2 0
github.com/modu-ai/moai-adk/internal/cli/mcp.go:451.18,453.5 1 0
github.com/modu-ai/moai-adk/internal/cli/mcp.go:454.4,454.27 1 0
github.com/modu-ai/moai-adk/internal/cli/mcp.go:456.3,456.20 1 1
github.com/modu-ai/moai-adk/internal/cli/mcp.go:457.10,458.78 1 0
github.com/modu-ai/moai-adk/internal/cli/mcp.go:466.66,467.21 1 0
github.com/modu-ai/moai-adk/internal/cli/mcp.go:467.21,469.3 1 0
github.com/modu-ai/moai-adk/internal/cli/mcp.go:470.2,471.26 2 0
github.com/modu-ai/moai-adk/internal/cli/mcp.go:471.26,473.15 2 0
github.com/modu-ai/moai-adk/internal/cli/mcp.go:473.15,475.4 1 0
github.com/modu-ai/moai-adk/internal/cli/mcp.go:476.3,476.27 1 0
github.com/modu-ai/moai-adk/internal/cli/mcp.go:478.2,478.17 1 0
github.com/modu-ai/moai-adk/internal/cli/mcp_audit.go:52.55,53.15 1 1
github.com/modu-ai/moai-adk/internal/cli/mcp_audit.go:54.101,55.20 1 1
github.com/modu-ai/moai-adk/internal/cli/mcp_audit.go:56.10,57.94 1 1
github.com/modu-ai/moai-adk/internal/cli/mcp_audit.go:73.57,74.15 1 1
github.com/modu-ai/moai-adk/internal/cli/mcp_audit.go:75.28,76.63 1 1
github.com/modu-ai/moai-adk/internal/cli/mcp_audit.go:77.30,78.67 1 0
github.com/modu-ai/moai-adk/internal/cli/mcp_audit.go:79.30,83.4 1 1
github.com/modu-ai/moai-adk/internal/cli/mcp_audit.go:84.10,86.13 1 1
github.com/modu-ai/moai-adk/internal/cli/mcp_audit_multi.go:45.98,47.9 2 1
github.com/modu-ai/moai-adk/internal/cli/mcp_audit_multi.go:47.9,52.3 1 0
github.com/modu-ai/moai-adk/internal/cli/mcp_audit_multi.go:54.2,72.20 5 1
github.com/modu-ai/moai-adk/internal/cli/mcp_audit_multi.go:72.20,74.3 1 1
github.com/modu-ai/moai-adk/internal/cli/mcp_audit_multi.go:76.2,86.38 6 1
github.com/modu-ai/moai-adk/internal/cli/mcp_audit_multi.go:93.70,95.23 2 1
github.com/modu-ai/moai-adk/internal/cli/mcp_audit_multi.go:95.23,97.3 1 0
github.com/modu-ai/moai-adk/internal/cli/mcp_audit_multi.go:100.2,101.16 2 1
github.com/modu-ai/moai-adk/internal/cli/mcp_audit_multi.go:101.16,103.3 1 0
github.com/modu-ai/moai-adk/internal/cli/mcp_audit_multi.go:104.2,105.48 2 1
github.com/modu-ai/moai-adk/internal/cli/mcp_audit_multi.go:105.48,107.3 1 0
github.com/modu-ai/moai-adk/internal/cli/mcp_audit_multi.go:108.2,108.18 1 1
github.com/modu-ai/moai-adk/internal/cli/mcp_audit_multi.go:116.67,118.9 2 1
github.com/modu-ai/moai-adk/internal/cli/mcp_audit_multi.go:118.9,120.3 1 1
github.com/modu-ai/moai-adk/internal/cli/mcp_audit_multi.go:121.2,125.3 1 1
github.com/modu-ai/moai-adk/internal/cli/mcp_audit_multi.go:130.34,131.29 1 1
github.com/modu-ai/moai-adk/internal/cli/mcp_audit_multi.go:131.29,133.3 1 1
github.com/modu-ai/moai-adk/internal/cli/mcp_audit_multi.go:134.2,134.11 1 1
github.com/modu-ai/moai-adk/internal/cli/mcp_audit_multi.go:142.78,144.16 2 1
github.com/modu-ai/moai-adk/internal/cli/mcp_audit_multi.go:144.16,146.3 1 0
github.com/modu-ai/moai-adk/internal/cli/mcp_audit_multi.go:147.2,147.17 1 1
github.com/modu-ai/moai-adk/internal/cli/mcp_build_identity.go:42.97,45.23 3 1
github.com/modu-ai/moai-adk/internal/cli/mcp_build_identity.go:45.23,49.3 1 1
github.com/modu-ai/moai-adk/internal/cli/mcp_build_identity.go:53.2,54.15 2 1
github.com/modu-ai/moai-adk/internal/cli/mcp_build_identity.go:54.15,55.41 1 1
github.com/modu-ai/moai-adk/internal/cli/mcp_build_identity.go:55.41,57.4 1 1
github.com/modu-ai/moai-adk/internal/cli/mcp_build_identity.go:62.2,67.40 2 1
github.com/modu-ai/moai-adk/internal/cli/mcp_build_identity.go:75.49,77.46 2 1
github.com/modu-ai/moai-adk/internal/cli/mcp_build_identity.go:77.46,79.3 1 1
github.com/modu-ai/moai-adk/internal/cli/mcp_build_identity.go:80.2,80.10 1 1
github.com/modu-ai/moai-adk/internal/cli/mcp_code_tools.go:27.100,29.16 2 1
github.com/modu-ai/moai-adk/internal/cli/mcp_code_tools.go:29.16,31.3 1 1
github.com/modu-ai/moai-adk/internal/cli/mcp_code_tools.go:32.2,33.16 2 1
github.com/modu-ai/moai-adk/internal/cli/mcp_code_tools.go:33.16,35.3 1 0
github.com/modu-ai/moai-adk/internal/cli/mcp_code_tools.go:36.2,37.16 2 1
github.com/modu-ai/moai-adk/internal/cli/mcp_code_tools.go:37.16,39.3 1 1
github.com/modu-ai/moai-adk/internal/cli/mcp_code_tools.go:40.2,40.45 1 1
github.com/modu-ai/moai-adk/internal/cli/mcp_code_tools.go:43.101,45.16 2 1
github.com/modu-ai/moai-adk/internal/cli/mcp_code_tools.go:45.16,47.3 1 1
github.com/modu-ai/moai-adk/internal/cli/mcp_code_tools.go:48.2,49.16 2 1
github.com/modu-ai/moai-adk/internal/cli/mcp_code_tools.go:49.16,51.3 1 0
github.com/modu-ai/moai-adk/internal/cli/mcp_code_tools.go:52.2,53.16 2 1
github.com/modu-ai/moai-adk/internal/cli/mcp_code_tools.go:53.16,55.3 1 0
github.com/modu-ai/moai-adk/internal/cli/mcp_code_tools.go:56.2,59.9 1 1
github.com/modu-ai/moai-adk/internal/cli/mcp_code_tools.go:62.103,64.16 2 1
github.com/modu-ai/moai-adk/internal/cli/mcp_code_tools.go:64.16,66.3 1 1
github.com/modu-ai/moai-adk/internal/cli/mcp_code_tools.go:67.2,69.16 3 1
github.com/modu-ai/moai-adk/internal/cli/mcp_code_tools.go:69.16,71.3 1 1
github.com/modu-ai/moai-adk/internal/cli/mcp_code_tools.go:72.2,73.16 2 1
github.com/modu-ai/moai-adk/internal/cli/mcp_code_tools.go:73.16,75.3 1 0
github.com/modu-ai/moai-adk/internal/cli/mcp_code_tools.go:76.2,81.9 1 1
github.com/modu-ai/moai-adk/internal/cli/mcp_codex.go:169.44,171.13 2 1
github.com/modu-ai/moai-adk/internal/cli/mcp_codex.go:171.13,173.3 1 1
github.com/modu-ai/moai-adk/internal/cli/mcp_codex.go:174.2,174.47 1 1
github.com/modu-ai/moai-adk/internal/cli/mcp_codex.go:174.47,175.30 1 1
github.com/modu-ai/moai-adk/internal/cli/mcp_codex.go:175.30,177.4 1 1
github.com/modu-ai/moai-adk/internal/cli/mcp_codex.go:179.2,179.14 1 1
github.com/modu-ai/moai-adk/internal/cli/mcp_codex.go:197.65,198.41 1 1
github.com/modu-ai/moai-adk/internal/cli/mcp_codex.go:198.41,200.3 1 1
github.com/modu-ai/moai-adk/internal/cli/mcp_codex.go:201.2,202.16 2 1
github.com/modu-ai/moai-adk/internal/cli/mcp_codex.go:202.16,204.3 1 0
github.com/modu-ai/moai-adk/internal/cli/mcp_codex.go:205.2,206.46 2 1
github.com/modu-ai/moai-adk/internal/cli/mcp_codex.go:206.46,208.3 1 1
github.com/modu-ai/moai-adk/internal/cli/mcp_codex.go:209.2,209.11 1 1
github.com/modu-ai/moai-adk/internal/cli/mcp_codex.go:221.72,224.87 3 1
github.com/modu-ai/moai-adk/internal/cli/mcp_codex.go:224.87,226.3 1 1
github.com/modu-ai/moai-adk/internal/cli/mcp_codex.go:227.2,227.11 1 1
github.com/modu-ai/moai-adk/internal/cli/mcp_codex.go:240.77,242.34 2 1
github.com/modu-ai/moai-adk/internal/cli/mcp_codex.go:242.34,244.3 1 1
github.com/modu-ai/moai-adk/internal/cli/mcp_codex.go:245.2,245.91 1 1
github.com/modu-ai/moai-adk/internal/cli/mcp_codex.go:245.91,246.88 1 1
github.com/modu-ai/moai-adk/internal/cli/mcp_codex.go:246.88,248.4 1 1
github.com/modu-ai/moai-adk/internal/cli/mcp_codex.go:249.3,249.13 1 1
github.com/modu-ai/moai-adk/internal/cli/mcp_codex.go:251.2,251.40 1 1
github.com/modu-ai/moai-adk/internal/cli/mcp_codex.go:324.53,331.2 1 1
github.com/modu-ai/moai-adk/internal/cli/mcp_codex.go:349.113,356.34 6 1
github.com/modu-ai/moai-adk/internal/cli/mcp_codex.go:356.34,358.3 1 1
github.com/modu-ai/moai-adk/internal/cli/mcp_codex.go:359.2,359.26 1 1
github.com/modu-ai/moai-adk/internal/cli/mcp_codex.go:411.39,412.42 1 1
github.com/modu-ai/moai-adk/internal/cli/mcp_codex.go:412.42,414.3 1 1
github.com/modu-ai/moai-adk/internal/cli/mcp_codex.go:415.2,415.10 1 1
github.com/modu-ai/moai-adk/internal/cli/mcp_codex.go:432.111,435.16 3 1
github.com/modu-ai/moai-adk/internal/cli/mcp_codex.go:435.16,437.3 1 0
github.com/modu-ai/moai-adk/internal/cli/mcp_codex.go:438.2,439.16 2 1
github.com/modu-ai/moai-adk/internal/cli/mcp_codex.go:439.16,441.3 1 0
github.com/modu-ai/moai-adk/internal/cli/mcp_codex.go:443.2,444.36 2 1
github.com/modu-ai/moai-adk/internal/cli/mcp_codex.go:444.36,446.3 1 0
github.com/modu-ai/moai-adk/internal/cli/mcp_codex.go:447.2,449.15 3 1
github.com/modu-ai/moai-adk/internal/cli/mcp_codex.go:463.55,468.16 4 1
github.com/modu-ai/moai-adk/internal/cli/mcp_codex.go:468.16,469.10 1 1
github.com/modu-ai/moai-adk/internal/cli/mcp_codex.go:470.29,470.29 0 1
github.com/modu-ai/moai-adk/internal/cli/mcp_codex.go:471.21,472.10 1 0
github.com/modu-ai/moai-adk/internal/cli/mcp_codex.go:478.49,481.55 3 1
github.com/modu-ai/moai-adk/internal/cli/mcp_codex.go:481.55,483.3 1 0
github.com/modu-ai/moai-adk/internal/cli/mcp_codex.go:484.2,484.12 1 1
github.com/modu-ai/moai-adk/internal/cli/mcp_codex.go:487.47,490.2 2 1
github.com/modu-ai/moai-adk/internal/cli/mcp_codex.go:494.35,495.42 1 0
github.com/modu-ai/moai-adk/internal/cli/mcp_codex.go:495.42,497.3 1 0
github.com/modu-ai/moai-adk/internal/cli/mcp_codex.go:498.2,498.26 1 0
github.com/modu-ai/moai-adk/internal/cli/mcp_codex.go:501.39,504.12 3 1
github.com/modu-ai/moai-adk/internal/cli/mcp_codex.go:504.12,504.36 1 1
github.com/modu-ai/moai-adk/internal/cli/mcp_codex.go:505.2,505.9 1 1
github.com/modu-ai/moai-adk/internal/cli/mcp_codex.go:506.21,507.13 1 1
github.com/modu-ai/moai-adk/internal/cli/mcp_codex.go:508.37,510.16 2 0
github.com/modu-ai/moai-adk/internal/cli/mcp_codex.go:585.87,586.36 1 1
github.com/modu-ai/moai-adk/internal/cli/mcp_codex.go:586.36,588.3 1 1
github.com/modu-ai/moai-adk/internal/cli/mcp_codex.go:589.2,589.32 1 0
github.com/modu-ai/moai-adk/internal/cli/mcp_codex.go:602.44,602.70 1 0
github.com/modu-ai/moai-adk/internal/cli/mcp_codex.go:603.44,603.62 1 0
github.com/modu-ai/moai-adk/internal/cli/mcp_codex.go:607.79,610.2 2 1
github.com/modu-ai/moai-adk/internal/cli/mcp_codex.go:621.115,623.2 1 1
github.com/modu-ai/moai-adk/internal/cli/mcp_codex.go:630.140,632.2 1 1
github.com/modu-ai/moai-adk/internal/cli/mcp_codex.go:640.195,641.20 1 1
github.com/modu-ai/moai-adk/internal/cli/mcp_codex.go:641.20,643.3 1 1
github.com/modu-ai/moai-adk/internal/cli/mcp_codex.go:644.2,645.16 2 1
github.com/modu-ai/moai-adk/internal/cli/mcp_codex.go:645.16,647.3 1 1
github.com/modu-ai/moai-adk/internal/cli/mcp_codex.go:650.2,653.17 2 1
github.com/modu-ai/moai-adk/internal/cli/mcp_codex.go:653.17,655.3 1 0
github.com/modu-ai/moai-adk/internal/cli/mcp_codex.go:656.2,656.65 1 1
github.com/modu-ai/moai-adk/internal/cli/mcp_codex.go:656.65,658.3 1 1
github.com/modu-ai/moai-adk/internal/cli/mcp_codex.go:662.2,665.26 4 1
github.com/modu-ai/moai-adk/internal/cli/mcp_codex.go:665.26,668.3 2 1
github.com/modu-ai/moai-adk/internal/cli/mcp_codex.go:669.2,669.56 1 1
github.com/modu-ai/moai-adk/internal/cli/mcp_codex.go:669.56,671.3 1 1
github.com/modu-ai/moai-adk/internal/cli/mcp_codex.go:672.2,672.43 1 1
github.com/modu-ai/moai-adk/internal/cli/mcp_codex.go:672.43,674.3 1 1
github.com/modu-ai/moai-adk/internal/cli/mcp_codex.go:675.2,675.89 1 1
github.com/modu-ai/moai-adk/internal/cli/mcp_codex.go:675.89,677.3 1 0
github.com/modu-ai/moai-adk/internal/cli/mcp_codex.go:678.2,679.16 2 1
github.com/modu-ai/moai-adk/internal/cli/mcp_codex.go:679.16,681.3 1 1
github.com/modu-ai/moai-adk/internal/cli/mcp_codex.go:682.2,683.20 2 1
github.com/modu-ai/moai-adk/internal/cli/mcp_codex.go:683.20,686.3 1 0
github.com/modu-ai/moai-adk/internal/cli/mcp_codex.go:688.2,688.110 1 1
github.com/modu-ai/moai-adk/internal/cli/mcp_codex.go:692.44,693.31 1 1
github.com/modu-ai/moai-adk/internal/cli/mcp_codex.go:693.31,695.3 1 0
github.com/modu-ai/moai-adk/internal/cli/mcp_codex.go:696.2,696.23 1 1
github.com/modu-ai/moai-adk/internal/cli/mcp_codex.go:701.40,702.31 1 1
github.com/modu-ai/moai-adk/internal/cli/mcp_codex.go:702.31,704.3 1 0
github.com/modu-ai/moai-adk/internal/cli/mcp_codex.go:705.2,705.29 1 1
github.com/modu-ai/moai-adk/internal/cli/mcp_codex.go:716.61,717.18 1 1
github.com/modu-ai/moai-adk/internal/cli/mcp_codex.go:717.18,719.3 1 0
github.com/modu-ai/moai-adk/internal/cli/mcp_codex.go:720.2,725.21 5 1
github.com/modu-ai/moai-adk/internal/cli/mcp_codex.go:725.21,727.3 1 1
github.com/modu-ai/moai-adk/internal/cli/mcp_codex.go:733.70,737.2 3 1
github.com/modu-ai/moai-adk/internal/cli/mcp_codex.go:742.53,746.2 3 1
github.com/modu-ai/moai-adk/internal/cli/mcp_codex.go:751.44,757.2 5 1
github.com/modu-ai/moai-adk/internal/cli/mcp_codex.go:770.79,771.36 1 1
github.com/modu-ai/moai-adk/internal/cli/mcp_codex.go:771.36,774.3 1 0
github.com/modu-ai/moai-adk/internal/cli/mcp_codex.go:775.2,778.4 1 1
github.com/modu-ai/moai-adk/internal/cli/mcp_codex.go:787.119,790.21 3 1
github.com/modu-ai/moai-adk/internal/cli/mcp_codex.go:790.21,797.3 1 1
github.com/modu-ai/moai-adk/internal/cli/mcp_codex.go:798.2,798.75 1 1
github.com/modu-ai/moai-adk/internal/cli/mcp_codex.go:798.75,800.3 1 0
github.com/modu-ai/moai-adk/internal/cli/mcp_codex.go:802.2,802.63 1 1
github.com/modu-ai/moai-adk/internal/cli/mcp_codex.go:802.63,804.3 1 0
github.com/modu-ai/moai-adk/internal/cli/mcp_codex.go:806.2,807.20 2 1
github.com/modu-ai/moai-adk/internal/cli/mcp_codex.go:807.20,816.3 1 1
github.com/modu-ai/moai-adk/internal/cli/mcp_codex.go:817.2,817.22 1 1
github.com/modu-ai/moai-adk/internal/cli/mcp_codex.go:817.22,819.3 1 1
github.com/modu-ai/moai-adk/internal/cli/mcp_codex.go:820.2,820.56 1 1
github.com/modu-ai/moai-adk/internal/cli/mcp_codex.go:849.117,851.2 1 1
github.com/modu-ai/moai-adk/internal/cli/mcp_codex.go:857.122,859.2 1 1
github.com/modu-ai/moai-adk/internal/cli/mcp_codex.go:861.174,863.16 2 1
github.com/modu-ai/moai-adk/internal/cli/mcp_codex.go:863.16,865.28 2 1
github.com/modu-ai/moai-adk/internal/cli/mcp_codex.go:865.28,867.4 1 1
github.com/modu-ai/moai-adk/internal/cli/mcp_codex.go:868.3,868.46 1 0
github.com/modu-ai/moai-adk/internal/cli/mcp_codex.go:870.2,870.15 1 1
github.com/modu-ai/moai-adk/internal/cli/mcp_codex.go:870.15,870.35 1 1
github.com/modu-ai/moai-adk/internal/cli/mcp_codex.go:872.2,872.42 1 1
github.com/modu-ai/moai-adk/internal/cli/mcp_codex.go:876.92,879.16 3 1
github.com/modu-ai/moai-adk/internal/cli/mcp_codex.go:879.16,881.3 1 0
github.com/modu-ai/moai-adk/internal/cli/mcp_codex.go:882.2,882.29 1 1
github.com/modu-ai/moai-adk/internal/cli/mcp_codex.go:888.94,889.6 1 1
github.com/modu-ai/moai-adk/internal/cli/mcp_codex.go:889.6,890.35 1 1
github.com/modu-ai/moai-adk/internal/cli/mcp_codex.go:890.35,892.4 1 0
github.com/modu-ai/moai-adk/internal/cli/mcp_codex.go:893.3,894.10 2 1
github.com/modu-ai/moai-adk/internal/cli/mcp_codex.go:894.10,896.4 1 1
github.com/modu-ai/moai-adk/internal/cli/mcp_codex.go:897.3,898.60 2 1
github.com/modu-ai/moai-adk/internal/cli/mcp_codex.go:898.60,899.12 1 1
github.com/modu-ai/moai-adk/internal/cli/mcp_codex.go:901.3,901.38 1 1
github.com/modu-ai/moai-adk/internal/cli/mcp_codex.go:901.38,902.12 1 1
github.com/modu-ai/moai-adk/internal/cli/mcp_codex.go:904.3,904.23 1 1
github.com/modu-ai/moai-adk/internal/cli/mcp_codex.go:904.23,906.4 1 1
github.com/modu-ai/moai-adk/internal/cli/mcp_codex.go:907.3,907.18 1 1
github.com/modu-ai/moai-adk/internal/cli/mcp_codex.go:912.57,913.19 1 1
github.com/modu-ai/moai-adk/internal/cli/mcp_codex.go:913.19,915.3 1 1
github.com/modu-ai/moai-adk/internal/cli/mcp_codex.go:916.2,917.48 2 1
github.com/modu-ai/moai-adk/internal/cli/mcp_codex.go:917.48,919.3 1 1
github.com/modu-ai/moai-adk/internal/cli/mcp_codex.go:920.2,921.48 2 0
github.com/modu-ai/moai-adk/internal/cli/mcp_codex.go:921.48,923.3 1 0
github.com/modu-ai/moai-adk/internal/cli/mcp_codex.go:924.2,924.14 1 0
github.com/modu-ai/moai-adk/internal/cli/mcp_codex.go:928.53,929.22 1 1
github.com/modu-ai/moai-adk/internal/cli/mcp_codex.go:929.22,931.3 1 0
github.com/modu-ai/moai-adk/internal/cli/mcp_codex.go:932.2,937.53 2 1
github.com/modu-ai/moai-adk/internal/cli/mcp_codex.go:937.53,939.3 1 0
github.com/modu-ai/moai-adk/internal/cli/mcp_codex.go:940.2,940.22 1 1
github.com/modu-ai/moai-adk/internal/cli/mcp_codex.go:966.157,967.20 1 1
github.com/modu-ai/moai-adk/internal/cli/mcp_codex.go:967.20,969.3 1 0
github.com/modu-ai/moai-adk/internal/cli/mcp_codex.go:970.2,971.16 2 1
github.com/modu-ai/moai-adk/internal/cli/mcp_codex.go:972.30,975.17 3 1
github.com/modu-ai/moai-adk/internal/cli/mcp_codex.go:975.17,977.4 1 1
github.com/modu-ai/moai-adk/internal/cli/mcp_codex.go:978.3,978.25 1 1
github.com/modu-ai/moai-adk/internal/cli/mcp_codex.go:979.28,981.38 2 1
github.com/modu-ai/moai-adk/internal/cli/mcp_codex.go:981.38,983.4 1 0
github.com/modu-ai/moai-adk/internal/cli/mcp_codex.go:984.3,986.21 3 1
github.com/modu-ai/moai-adk/internal/cli/mcp_codex.go:986.21,988.4 1 1
github.com/modu-ai/moai-adk/internal/cli/mcp_codex.go:989.3,989.22 1 1
github.com/modu-ai/moai-adk/internal/cli/mcp_codex.go:989.22,991.4 1 1
github.com/modu-ai/moai-adk/internal/cli/mcp_codex.go:996.3,996.65 1 1
github.com/modu-ai/moai-adk/internal/cli/mcp_codex.go:996.65,998.4 1 1
github.com/modu-ai/moai-adk/internal/cli/mcp_codex.go:1000.2,1000.17 1 1
github.com/modu-ai/moai-adk/internal/cli/mcp_codex.go:1015.57,1016.16 1 1
github.com/modu-ai/moai-adk/internal/cli/mcp_codex.go:1016.16,1018.3 1 1
github.com/modu-ai/moai-adk/internal/cli/mcp_codex.go:1019.2,1019.53 1 1
github.com/modu-ai/moai-adk/internal/cli/mcp_codex.go:1049.74,1050.37 1 1
github.com/modu-ai/moai-adk/internal/cli/mcp_codex.go:1050.37,1051.31 1 0
github.com/modu-ai/moai-adk/internal/cli/mcp_codex.go:1051.31,1053.4 1 0
github.com/modu-ai/moai-adk/internal/cli/mcp_codex.go:1055.2,1056.30 2 1
github.com/modu-ai/moai-adk/internal/cli/mcp_codex.go:1057.10,1058.61 1 0
github.com/modu-ai/moai-adk/internal/cli/mcp_codex.go:1059.30,1060.61 1 1
github.com/modu-ai/moai-adk/internal/cli/mcp_codex.go:1061.29,1063.17 2 1
github.com/modu-ai/moai-adk/internal/cli/mcp_codex.go:1063.17,1065.4 1 1
github.com/modu-ai/moai-adk/internal/cli/mcp_codex.go:1066.3,1066.78 1 1
github.com/modu-ai/moai-adk/internal/cli/mcp_codex.go:1067.10,1068.87 1 1
github.com/modu-ai/moai-adk/internal/cli/mcp_codex.go:1091.125,1093.6 2 1
github.com/modu-ai/moai-adk/internal/cli/mcp_codex.go:1093.6,1094.35 1 1
github.com/modu-ai/moai-adk/internal/cli/mcp_codex.go:1094.35,1096.4 1 0
github.com/modu-ai/moai-adk/internal/cli/mcp_codex.go:1097.3,1098.10 2 1
github.com/modu-ai/moai-adk/internal/cli/mcp_codex.go:1098.10,1100.4 1 1
github.com/modu-ai/moai-adk/internal/cli/mcp_codex.go:1101.3,1102.60 2 1
github.com/modu-ai/moai-adk/internal/cli/mcp_codex.go:1102.60,1103.12 1 0
github.com/modu-ai/moai-adk/internal/cli/mcp_codex.go:1110.3,1110.32 1 1
github.com/modu-ai/moai-adk/internal/cli/mcp_codex.go:1110.32,1112.12 2 1
github.com/modu-ai/moai-adk/internal/cli/mcp_codex.go:1114.3,1114.23 1 1
github.com/modu-ai/moai-adk/internal/cli/mcp_codex.go:1114.23,1115.12 1 0
github.com/modu-ai/moai-adk/internal/cli/mcp_codex.go:1117.3,1117.46 1 1
github.com/modu-ai/moai-adk/internal/cli/mcp_codex.go:1117.46,1118.12 1 0
github.com/modu-ai/moai-adk/internal/cli/mcp_codex.go:1120.3,1120.21 1 1
github.com/modu-ai/moai-adk/internal/cli/mcp_codex.go:1121.31,1122.28 1 1
github.com/modu-ai/moai-adk/internal/cli/mcp_codex.go:1122.28,1124.5 1 1
github.com/modu-ai/moai-adk/internal/cli/mcp_codex.go:1125.25,1134.64 3 1
github.com/modu-ai/moai-adk/internal/cli/mcp_codex.go:1134.64,1136.5 1 1
github.com/modu-ai/moai-adk/internal/cli/mcp_codex.go:1137.4,1137.58 1 1
github.com/modu-ai/moai-adk/internal/cli/mcp_codex.go:1137.58,1139.5 1 1
github.com/modu-ai/moai-adk/internal/cli/mcp_codex.go:1140.25,1141.62 1 1
github.com/modu-ai/moai-adk/internal/cli/mcp_codex.go:1141.62,1144.5 1 1
github.com/modu-ai/moai-adk/internal/cli/mcp_codex.go:1145.4,1145.58 1 1
github.com/modu-ai/moai-adk/internal/cli/mcp_codex.go:1156.54,1157.22 1 1
github.com/modu-ai/moai-adk/internal/cli/mcp_codex.go:1157.22,1159.3 1 0
github.com/modu-ai/moai-adk/internal/cli/mcp_codex.go:1160.2,1168.51 2 1
github.com/modu-ai/moai-adk/internal/cli/mcp_codex.go:1168.51,1170.3 1 0
github.com/modu-ai/moai-adk/internal/cli/mcp_codex.go:1171.2,1171.23 1 1
github.com/modu-ai/moai-adk/internal/cli/mcp_codex.go:1172.23,1173.12 1 1
github.com/modu-ai/moai-adk/internal/cli/mcp_codex.go:1174.20,1175.12 1 0
github.com/modu-ai/moai-adk/internal/cli/mcp_codex.go:1177.2,1177.74 1 1
github.com/modu-ai/moai-adk/internal/cli/mcp_codex.go:1177.74,1179.3 1 1
github.com/modu-ai/moai-adk/internal/cli/mcp_codex.go:1180.2,1180.22 1 1
github.com/modu-ai/moai-adk/internal/cli/mcp_codex.go:1186.48,1187.42 1 1
github.com/modu-ai/moai-adk/internal/cli/mcp_codex.go:1187.42,1189.3 1 1
github.com/modu-ai/moai-adk/internal/cli/mcp_codex.go:1190.2,1190.52 1 1
github.com/modu-ai/moai-adk/internal/cli/mcp_codex.go:1207.63,1208.50 1 1
github.com/modu-ai/moai-adk/internal/cli/mcp_codex.go:1208.50,1211.3 2 1
github.com/modu-ai/moai-adk/internal/cli/mcp_codex.go:1212.2,1213.54 1 1
github.com/modu-ai/moai-adk/internal/cli/mcp_codex.go:1224.79,1230.2 1 1
github.com/modu-ai/moai-adk/internal/cli/mcp_codex.go:1233.98,1239.2 1 1
github.com/modu-ai/moai-adk/internal/cli/mcp_codex.go:1242.72,1244.16 2 1
github.com/modu-ai/moai-adk/internal/cli/mcp_codex.go:1244.16,1246.3 1 0
github.com/modu-ai/moai-adk/internal/cli/mcp_codex.go:1247.2,1247.29 1 1
github.com/modu-ai/moai-adk/internal/cli/mcp_codex.go:1252.55,1253.18 1 1
github.com/modu-ai/moai-adk/internal/cli/mcp_codex.go:1253.18,1255.3 1 1
github.com/modu-ai/moai-adk/internal/cli/mcp_codex.go:1256.2,1256.14 1 1
github.com/modu-ai/moai-adk/internal/cli/mcp_codex.go:1263.51,1264.22 1 1
github.com/modu-ai/moai-adk/internal/cli/mcp_codex.go:1264.22,1266.3 1 0
github.com/modu-ai/moai-adk/internal/cli/mcp_codex.go:1267.2,1273.18 3 1
github.com/modu-ai/moai-adk/internal/cli/mcp_codex.go:1277.53,1278.22 1 1
github.com/modu-ai/moai-adk/internal/cli/mcp_codex.go:1278.22,1280.3 1 0
github.com/modu-ai/moai-adk/internal/cli/mcp_codex.go:1281.2,1285.19 3 1
github.com/modu-ai/moai-adk/internal/cli/mcp_codex.go:1340.68,1345.77 2 1
github.com/modu-ai/moai-adk/internal/cli/mcp_codex.go:1345.77,1347.3 1 1
github.com/modu-ai/moai-adk/internal/cli/mcp_codex.go:1348.2,1348.77 1 1
github.com/modu-ai/moai-adk/internal/cli/mcp_codex.go:1348.77,1350.3 1 1
github.com/modu-ai/moai-adk/internal/cli/mcp_codex.go:1351.2,1351.48 1 1
github.com/modu-ai/moai-adk/internal/cli/mcp_codex.go:1351.48,1353.3 1 1
github.com/modu-ai/moai-adk/internal/cli/mcp_codex.go:1354.2,1354.16 1 1
github.com/modu-ai/moai-adk/internal/cli/mcp_codex.go:1360.43,1361.17 1 1
github.com/modu-ai/moai-adk/internal/cli/mcp_codex.go:1362.14,1363.11 1 1
github.com/modu-ai/moai-adk/internal/cli/mcp_codex.go:1364.27,1365.11 1 1
github.com/modu-ai/moai-adk/internal/cli/mcp_codex.go:1366.14,1367.11 1 1
github.com/modu-ai/moai-adk/internal/cli/mcp_codex.go:1368.10,1369.11 1 1
github.com/modu-ai/moai-adk/internal/cli/mcp_codex.go:1386.68,1388.28 2 1
github.com/modu-ai/moai-adk/internal/cli/mcp_codex.go:1388.28,1389.62 1 1
github.com/modu-ai/moai-adk/internal/cli/mcp_codex.go:1389.62,1391.4 1 1
github.com/modu-ai/moai-adk/internal/cli/mcp_codex.go:1393.2,1393.16 1 1
github.com/modu-ai/moai-adk/internal/cli/mcp_codex.go:1409.53,1410.38 1 1
github.com/modu-ai/moai-adk/internal/cli/mcp_codex.go:1410.38,1412.3 1 1
github.com/modu-ai/moai-adk/internal/cli/mcp_codex.go:1413.2,1413.28 1 1
github.com/modu-ai/moai-adk/internal/cli/mcp_codex.go:1435.69,1438.19 3 1
github.com/modu-ai/moai-adk/internal/cli/mcp_codex.go:1438.19,1440.3 1 1
github.com/modu-ai/moai-adk/internal/cli/mcp_codex.go:1441.2,1447.3 1 1
github.com/modu-ai/moai-adk/internal/cli/mcp_codex.go:1473.51,1477.53 4 1
github.com/modu-ai/moai-adk/internal/cli/mcp_codex.go:1477.53,1479.15 2 1
github.com/modu-ai/moai-adk/internal/cli/mcp_codex.go:1479.15,1480.89 1 1
github.com/modu-ai/moai-adk/internal/cli/mcp_codex.go:1480.89,1482.5 1 1
github.com/modu-ai/moai-adk/internal/cli/mcp_codex.go:1483.4,1483.12 1 1
github.com/modu-ai/moai-adk/internal/cli/mcp_codex.go:1485.3,1487.99 3 1
github.com/modu-ai/moai-adk/internal/cli/mcp_codex.go:1487.99,1489.52 2 1
github.com/modu-ai/moai-adk/internal/cli/mcp_codex.go:1489.52,1491.5 1 1
github.com/modu-ai/moai-adk/internal/cli/mcp_codex.go:1493.3,1495.21 3 1
github.com/modu-ai/moai-adk/internal/cli/mcp_codex.go:1497.2,1497.17 1 1
github.com/modu-ai/moai-adk/internal/cli/mcp_codex.go:1503.84,1505.28 2 1
github.com/modu-ai/moai-adk/internal/cli/mcp_codex.go:1505.28,1507.3 1 1
github.com/modu-ai/moai-adk/internal/cli/mcp_codex.go:1508.2,1508.23 1 1
github.com/modu-ai/moai-adk/internal/cli/mcp_codex.go:1508.23,1510.3 1 1
github.com/modu-ai/moai-adk/internal/cli/mcp_codex.go:1511.2,1512.28 2 1
github.com/modu-ai/moai-adk/internal/cli/mcp_codex.go:1512.28,1514.3 1 1
github.com/modu-ai/moai-adk/internal/cli/mcp_codex.go:1515.2,1515.88 1 1
github.com/modu-ai/moai-adk/internal/cli/mcp_codex.go:1521.56,1528.17 2 1
github.com/modu-ai/moai-adk/internal/cli/mcp_codex.go:1528.17,1530.3 1 1
github.com/modu-ai/moai-adk/internal/cli/mcp_codex.go:1531.2,1531.15 1 1
github.com/modu-ai/moai-adk/internal/cli/mcp_codex.go:1544.98,1559.20 7 1
github.com/modu-ai/moai-adk/internal/cli/mcp_codex.go:1559.20,1561.3 1 1
github.com/modu-ai/moai-adk/internal/cli/mcp_codex.go:1566.2,1570.16 4 1
github.com/modu-ai/moai-adk/internal/cli/mcp_codex.go:1570.16,1577.3 3 1
github.com/modu-ai/moai-adk/internal/cli/mcp_codex.go:1578.2,1586.34 4 1
github.com/modu-ai/moai-adk/internal/cli/mcp_codex.go:1586.34,1589.18 3 1
github.com/modu-ai/moai-adk/internal/cli/mcp_codex.go:1589.18,1591.4 1 1
github.com/modu-ai/moai-adk/internal/cli/mcp_codex.go:1594.2,1599.40 6 1
github.com/modu-ai/moai-adk/internal/cli/mcp_codex.go:1608.71,1609.40 1 1
github.com/modu-ai/moai-adk/internal/cli/mcp_codex.go:1609.40,1611.3 1 1
github.com/modu-ai/moai-adk/internal/cli/mcp_codex.go:1612.2,1612.75 1 1
github.com/modu-ai/moai-adk/internal/cli/mcp_codex.go:1612.75,1614.3 1 1
github.com/modu-ai/moai-adk/internal/cli/mcp_codex.go:1615.2,1616.12 2 1
github.com/modu-ai/moai-adk/internal/cli/mcp_codex.go:1622.66,1624.16 2 1
github.com/modu-ai/moai-adk/internal/cli/mcp_codex.go:1624.16,1628.3 1 0
github.com/modu-ai/moai-adk/internal/cli/mcp_codex.go:1629.2,1629.12 1 1
github.com/modu-ai/moai-adk/internal/cli/mcp_codex.go:1654.60,1664.16 5 1
github.com/modu-ai/moai-adk/internal/cli/mcp_codex.go:1664.16,1666.3 1 1
github.com/modu-ai/moai-adk/internal/cli/mcp_codex.go:1667.2,1670.91 2 1
github.com/modu-ai/moai-adk/internal/cli/mcp_codex.go:1670.91,1672.3 1 1
github.com/modu-ai/moai-adk/internal/cli/mcp_codex.go:1676.2,1677.15 2 1
github.com/modu-ai/moai-adk/internal/cli/mcp_codex.go:1685.96,1704.17 3 1
github.com/modu-ai/moai-adk/internal/cli/mcp_codex.go:1704.17,1706.22 2 1
github.com/modu-ai/moai-adk/internal/cli/mcp_codex.go:1706.22,1708.4 1 1
github.com/modu-ai/moai-adk/internal/cli/mcp_codex.go:1710.2,1710.45 1 1
github.com/modu-ai/moai-adk/internal/cli/mcp_codex.go:1758.57,1759.65 1 1
github.com/modu-ai/moai-adk/internal/cli/mcp_codex.go:1759.65,1761.3 1 1
github.com/modu-ai/moai-adk/internal/cli/mcp_codex.go:1762.2,1763.16 2 1
github.com/modu-ai/moai-adk/internal/cli/mcp_codex.go:1763.16,1765.3 1 1
github.com/modu-ai/moai-adk/internal/cli/mcp_codex.go:1766.2,1766.70 1 1
github.com/modu-ai/moai-adk/internal/cli/mcp_codex.go:1777.56,1779.46 2 1
github.com/modu-ai/moai-adk/internal/cli/mcp_codex.go:1779.46,1782.3 2 1
github.com/modu-ai/moai-adk/internal/cli/mcp_codex.go:1783.2,1784.12 2 1
github.com/modu-ai/moai-adk/internal/cli/mcp_codex.go:1805.55,1808.46 3 1
github.com/modu-ai/moai-adk/internal/cli/mcp_codex.go:1808.46,1810.3 1 1
github.com/modu-ai/moai-adk/internal/cli/mcp_codex.go:1811.2,1811.22 1 1
github.com/modu-ai/moai-adk/internal/cli/mcp_codex.go:1811.22,1812.47 1 1
github.com/modu-ai/moai-adk/internal/cli/mcp_codex.go:1812.47,1814.4 1 1
github.com/modu-ai/moai-adk/internal/cli/mcp_codex.go:1816.2,1816.12 1 1
github.com/modu-ai/moai-adk/internal/cli/mcp_codex.go:1830.78,1832.50 2 1
github.com/modu-ai/moai-adk/internal/cli/mcp_codex.go:1832.50,1834.3 1 1
github.com/modu-ai/moai-adk/internal/cli/mcp_codex.go:1835.2,1835.20 1 1
github.com/modu-ai/moai-adk/internal/cli/mcp_codex.go:1836.28,1837.36 1 1
github.com/modu-ai/moai-adk/internal/cli/mcp_codex.go:1837.36,1839.4 1 1
github.com/modu-ai/moai-adk/internal/cli/mcp_codex.go:1840.27,1841.21 1 1
github.com/modu-ai/moai-adk/internal/cli/mcp_codex.go:1841.21,1843.4 1 1
github.com/modu-ai/moai-adk/internal/cli/mcp_codex.go:1844.10,1850.21 1 1
github.com/modu-ai/moai-adk/internal/cli/mcp_codex.go:1850.21,1852.4 1 1
github.com/modu-ai/moai-adk/internal/cli/mcp_codex.go:1853.3,1853.36 1 1
github.com/modu-ai/moai-adk/internal/cli/mcp_codex.go:1853.36,1855.4 1 1
github.com/modu-ai/moai-adk/internal/cli/mcp_codex.go:1857.2,1857.23 1 1
github.com/modu-ai/moai-adk/internal/cli/mcp_codex.go:1862.80,1865.20 3 1
github.com/modu-ai/moai-adk/internal/cli/mcp_codex.go:1865.20,1867.3 1 1
github.com/modu-ai/moai-adk/internal/cli/mcp_codex.go:1868.2,1869.17 2 1
github.com/modu-ai/moai-adk/internal/cli/mcp_codex.go:1869.17,1871.3 1 1
github.com/modu-ai/moai-adk/internal/cli/mcp_codex.go:1872.2,1872.26 1 1
github.com/modu-ai/moai-adk/internal/cli/mcp_codex.go:1888.100,1893.40 5 1
github.com/modu-ai/moai-adk/internal/cli/mcp_codex.go:1893.40,1895.34 2 0
github.com/modu-ai/moai-adk/internal/cli/mcp_codex.go:1895.34,1897.4 1 0
github.com/modu-ai/moai-adk/internal/cli/mcp_codex.go:1898.3,1898.30 1 0
github.com/modu-ai/moai-adk/internal/cli/mcp_codex.go:1900.2,1900.47 1 1
github.com/modu-ai/moai-adk/internal/cli/mcp_codex.go:1907.56,1909.49 2 1
github.com/modu-ai/moai-adk/internal/cli/mcp_codex.go:1909.49,1910.57 1 1
github.com/modu-ai/moai-adk/internal/cli/mcp_codex.go:1910.57,1911.35 1 1
github.com/modu-ai/moai-adk/internal/cli/mcp_codex.go:1911.35,1912.13 1 1
github.com/modu-ai/moai-adk/internal/cli/mcp_codex.go:1914.4,1914.29 1 1
github.com/modu-ai/moai-adk/internal/cli/mcp_codex.go:1917.2,1917.21 1 1
github.com/modu-ai/moai-adk/internal/cli/mcp_codex.go:1917.21,1919.3 1 1
github.com/modu-ai/moai-adk/internal/cli/mcp_codex.go:1920.2,1920.42 1 1
github.com/modu-ai/moai-adk/internal/cli/mcp_codex.go:1936.63,1938.59 2 1
github.com/modu-ai/moai-adk/internal/cli/mcp_codex.go:1938.59,1940.15 2 1
github.com/modu-ai/moai-adk/internal/cli/mcp_codex.go:1940.15,1941.12 1 1
github.com/modu-ai/moai-adk/internal/cli/mcp_codex.go:1943.3,1943.37 1 1
github.com/modu-ai/moai-adk/internal/cli/mcp_codex.go:1945.2,1945.20 1 1
github.com/modu-ai/moai-adk/internal/cli/mcp_codex.go:1945.20,1947.3 1 1
github.com/modu-ai/moai-adk/internal/cli/mcp_codex.go:1948.2,1948.32 1 1
github.com/modu-ai/moai-adk/internal/cli/mcp_codex.go:1948.32,1950.3 1 1
github.com/modu-ai/moai-adk/internal/cli/mcp_codex.go:1951.2,1951.24 1 1
github.com/modu-ai/moai-adk/internal/cli/mcp_codex.go:1964.71,1965.60 1 1
github.com/modu-ai/moai-adk/internal/cli/mcp_codex.go:1965.60,1966.58 1 1
github.com/modu-ai/moai-adk/internal/cli/mcp_codex.go:1966.58,1968.4 1 1
github.com/modu-ai/moai-adk/internal/cli/mcp_codex.go:1970.2,1971.16 2 1
github.com/modu-ai/moai-adk/internal/cli/mcp_codex.go:1971.16,1973.3 1 1
github.com/modu-ai/moai-adk/internal/cli/mcp_codex.go:1974.2,1974.74 1 1
github.com/modu-ai/moai-adk/internal/cli/mcp_codex.go:2006.57,2007.22 1 1
github.com/modu-ai/moai-adk/internal/cli/mcp_codex.go:2007.22,2009.3 1 1
github.com/modu-ai/moai-adk/internal/cli/mcp_codex.go:2010.2,2012.16 3 1
github.com/modu-ai/moai-adk/internal/cli/mcp_codex.go:2012.16,2014.3 1 1
github.com/modu-ai/moai-adk/internal/cli/mcp_codex.go:2015.2,2024.51 2 1
github.com/modu-ai/moai-adk/internal/cli/mcp_codex.go:2024.51,2026.3 1 1
github.com/modu-ai/moai-adk/internal/cli/mcp_codex.go:2027.2,2027.46 1 1
github.com/modu-ai/moai-adk/internal/cli/mcp_codex.go:2050.54,2051.22 1 1
github.com/modu-ai/moai-adk/internal/cli/mcp_codex.go:2051.22,2053.3 1 0
github.com/modu-ai/moai-adk/internal/cli/mcp_codex.go:2054.2,2056.16 3 1
github.com/modu-ai/moai-adk/internal/cli/mcp_codex.go:2056.16,2058.3 1 1
github.com/modu-ai/moai-adk/internal/cli/mcp_codex.go:2059.2,2068.51 2 1
github.com/modu-ai/moai-adk/internal/cli/mcp_codex.go:2068.51,2070.3 1 1
github.com/modu-ai/moai-adk/internal/cli/mcp_codex.go:2071.2,2071.43 1 1
github.com/modu-ai/moai-adk/internal/cli/mcp_convergence.go:174.63,176.21 1 1
github.com/modu-ai/moai-adk/internal/cli/mcp_convergence.go:176.21,178.3 1 1
github.com/modu-ai/moai-adk/internal/cli/mcp_convergence.go:180.2,185.9 4 1
github.com/modu-ai/moai-adk/internal/cli/mcp_convergence.go:186.30,189.31 1 1
github.com/modu-ai/moai-adk/internal/cli/mcp_convergence.go:190.25,193.31 1 1
github.com/modu-ai/moai-adk/internal/cli/mcp_convergence.go:194.10,199.65 1 1
github.com/modu-ai/moai-adk/internal/cli/mcp_convergence.go:203.2,207.48 3 1
github.com/modu-ai/moai-adk/internal/cli/mcp_convergence.go:207.48,208.30 1 1
github.com/modu-ai/moai-adk/internal/cli/mcp_convergence.go:208.30,209.42 1 1
github.com/modu-ai/moai-adk/internal/cli/mcp_convergence.go:209.42,210.13 1 1
github.com/modu-ai/moai-adk/internal/cli/mcp_convergence.go:212.4,212.50 1 1
github.com/modu-ai/moai-adk/internal/cli/mcp_convergence.go:212.50,213.13 1 1
github.com/modu-ai/moai-adk/internal/cli/mcp_convergence.go:215.4,215.47 1 1
github.com/modu-ai/moai-adk/internal/cli/mcp_convergence.go:215.47,217.10 2 1
github.com/modu-ai/moai-adk/internal/cli/mcp_convergence.go:228.2,229.29 2 1
github.com/modu-ai/moai-adk/internal/cli/mcp_convergence.go:229.29,231.3 1 1
github.com/modu-ai/moai-adk/internal/cli/mcp_convergence.go:241.2,243.9 3 1
github.com/modu-ai/moai-adk/internal/cli/mcp_convergence.go:244.29,245.35 1 1
github.com/modu-ai/moai-adk/internal/cli/mcp_convergence.go:246.31,248.31 2 1
github.com/modu-ai/moai-adk/internal/cli/mcp_convergence.go:257.2,258.9 2 1
github.com/modu-ai/moai-adk/internal/cli/mcp_convergence.go:259.20,260.40 1 1
github.com/modu-ai/moai-adk/internal/cli/mcp_convergence.go:261.30,262.46 1 1
github.com/modu-ai/moai-adk/internal/cli/mcp_convergence.go:267.2,267.29 1 1
github.com/modu-ai/moai-adk/internal/cli/mcp_convergence.go:267.29,268.17 1 1
github.com/modu-ai/moai-adk/internal/cli/mcp_convergence.go:268.17,270.4 1 1
github.com/modu-ai/moai-adk/internal/cli/mcp_convergence.go:271.3,271.46 1 1
github.com/modu-ai/moai-adk/internal/cli/mcp_convergence.go:274.2,281.3 1 1
github.com/modu-ai/moai-adk/internal/cli/mcp_convergence.go:285.65,287.23 2 1
github.com/modu-ai/moai-adk/internal/cli/mcp_convergence.go:287.23,288.41 1 1
github.com/modu-ai/moai-adk/internal/cli/mcp_convergence.go:288.41,290.4 1 1
github.com/modu-ai/moai-adk/internal/cli/mcp_convergence.go:292.2,292.12 1 1
github.com/modu-ai/moai-adk/internal/cli/mcp_convergence.go:296.77,298.23 2 1
github.com/modu-ai/moai-adk/internal/cli/mcp_convergence.go:298.23,299.24 1 1
github.com/modu-ai/moai-adk/internal/cli/mcp_convergence.go:299.24,301.4 1 1
github.com/modu-ai/moai-adk/internal/cli/mcp_convergence.go:303.2,303.12 1 1
github.com/modu-ai/moai-adk/internal/cli/mcp_convergence.go:312.52,314.23 2 1
github.com/modu-ai/moai-adk/internal/cli/mcp_convergence.go:314.23,315.36 1 1
github.com/modu-ai/moai-adk/internal/cli/mcp_convergence.go:315.36,316.12 1 1
github.com/modu-ai/moai-adk/internal/cli/mcp_convergence.go:318.3,318.49 1 1
github.com/modu-ai/moai-adk/internal/cli/mcp_convergence.go:318.49,320.4 1 1
github.com/modu-ai/moai-adk/internal/cli/mcp_convergence.go:322.2,322.10 1 1
github.com/modu-ai/moai-adk/internal/cli/mcp_convergence.go:327.43,328.23 1 1
github.com/modu-ai/moai-adk/internal/cli/mcp_convergence.go:328.23,329.26 1 1
github.com/modu-ai/moai-adk/internal/cli/mcp_convergence.go:329.26,331.4 1 1
github.com/modu-ai/moai-adk/internal/cli/mcp_convergence.go:333.2,333.13 1 1
github.com/modu-ai/moai-adk/internal/cli/mcp_convergence.go:338.73,341.23 3 1
github.com/modu-ai/moai-adk/internal/cli/mcp_convergence.go:341.23,342.35 1 1
github.com/modu-ai/moai-adk/internal/cli/mcp_convergence.go:342.35,343.12 1 1
github.com/modu-ai/moai-adk/internal/cli/mcp_convergence.go:345.3,345.23 1 1
github.com/modu-ai/moai-adk/internal/cli/mcp_convergence.go:345.23,348.4 2 1
github.com/modu-ai/moai-adk/internal/cli/mcp_convergence.go:350.2,350.12 1 1
github.com/modu-ai/moai-adk/internal/cli/mcp_convergence.go:358.47,359.23 1 1
github.com/modu-ai/moai-adk/internal/cli/mcp_convergence.go:359.23,360.16 1 1
github.com/modu-ai/moai-adk/internal/cli/mcp_convergence.go:360.16,362.4 1 1
github.com/modu-ai/moai-adk/internal/cli/mcp_convergence.go:364.2,364.14 1 1
github.com/modu-ai/moai-adk/internal/cli/mcp_convergence.go:369.73,370.23 1 1
github.com/modu-ai/moai-adk/internal/cli/mcp_convergence.go:370.23,371.33 1 1
github.com/modu-ai/moai-adk/internal/cli/mcp_convergence.go:371.33,373.4 1 1
github.com/modu-ai/moai-adk/internal/cli/mcp_convergence.go:375.2,375.13 1 0
github.com/modu-ai/moai-adk/internal/cli/mcp_convergence.go:382.55,384.23 2 1
github.com/modu-ai/moai-adk/internal/cli/mcp_convergence.go:384.23,385.39 1 1
github.com/modu-ai/moai-adk/internal/cli/mcp_convergence.go:385.39,387.4 1 1
github.com/modu-ai/moai-adk/internal/cli/mcp_convergence.go:389.2,389.16 1 1
github.com/modu-ai/moai-adk/internal/cli/mcp_convergence.go:389.16,391.3 1 1
github.com/modu-ai/moai-adk/internal/cli/mcp_convergence.go:392.2,392.12 1 1
github.com/modu-ai/moai-adk/internal/cli/mcp_convergence.go:399.62,401.26 2 1
github.com/modu-ai/moai-adk/internal/cli/mcp_convergence.go:401.26,403.3 1 1
github.com/modu-ai/moai-adk/internal/cli/mcp_convergence.go:404.2,404.62 1 1
github.com/modu-ai/moai-adk/internal/cli/mcp_convergence.go:414.61,416.23 2 1
github.com/modu-ai/moai-adk/internal/cli/mcp_convergence.go:416.23,417.28 1 1
github.com/modu-ai/moai-adk/internal/cli/mcp_convergence.go:417.28,419.4 1 1
github.com/modu-ai/moai-adk/internal/cli/mcp_convergence.go:421.2,421.12 1 1
github.com/modu-ai/moai-adk/internal/cli/mcp_convergence.go:424.58,426.23 2 1
github.com/modu-ai/moai-adk/internal/cli/mcp_convergence.go:426.23,427.20 1 1
github.com/modu-ai/moai-adk/internal/cli/mcp_convergence.go:428.15,429.57 1 1
github.com/modu-ai/moai-adk/internal/cli/mcp_convergence.go:430.15,431.57 1 1
github.com/modu-ai/moai-adk/internal/cli/mcp_convergence.go:434.2,434.46 1 1
github.com/modu-ai/moai-adk/internal/cli/mcp_convergence.go:434.46,438.3 1 1
github.com/modu-ai/moai-adk/internal/cli/mcp_convergence.go:439.2,440.62 1 1
github.com/modu-ai/moai-adk/internal/cli/mcp_convergence.go:486.105,487.17 1 1
github.com/modu-ai/moai-adk/internal/cli/mcp_convergence.go:488.20,489.60 1 1
github.com/modu-ai/moai-adk/internal/cli/mcp_convergence.go:490.18,497.58 1 1
github.com/modu-ai/moai-adk/internal/cli/mcp_convergence.go:498.10,500.59 1 1
github.com/modu-ai/moai-adk/internal/cli/mcp_convergence.go:522.93,524.16 2 1
github.com/modu-ai/moai-adk/internal/cli/mcp_convergence.go:524.16,526.3 1 1
github.com/modu-ai/moai-adk/internal/cli/mcp_convergence.go:527.2,532.36 2 1
github.com/modu-ai/moai-adk/internal/cli/mcp_convergence.go:532.36,534.3 1 1
github.com/modu-ai/moai-adk/internal/cli/mcp_convergence.go:535.2,535.56 1 1
github.com/modu-ai/moai-adk/internal/cli/mcp_convergence.go:535.56,537.3 1 1
github.com/modu-ai/moai-adk/internal/cli/mcp_convergence.go:538.2,539.12 2 1
github.com/modu-ai/moai-adk/internal/cli/mcp_convergence.go:557.91,559.15 2 1
github.com/modu-ai/moai-adk/internal/cli/mcp_convergence.go:559.15,561.3 1 1
github.com/modu-ai/moai-adk/internal/cli/mcp_convergence.go:562.2,563.16 2 1
github.com/modu-ai/moai-adk/internal/cli/mcp_convergence.go:563.16,565.3 1 0
github.com/modu-ai/moai-adk/internal/cli/mcp_convergence.go:566.2,567.16 2 1
github.com/modu-ai/moai-adk/internal/cli/mcp_convergence.go:567.16,569.3 1 1
github.com/modu-ai/moai-adk/internal/cli/mcp_convergence.go:570.2,570.35 1 1
github.com/modu-ai/moai-adk/internal/cli/mcp_convergence.go:570.35,572.3 1 0
github.com/modu-ai/moai-adk/internal/cli/mcp_convergence.go:573.2,574.70 2 1
github.com/modu-ai/moai-adk/internal/cli/mcp_convergence.go:590.156,602.52 2 1
github.com/modu-ai/moai-adk/internal/cli/mcp_convergence.go:602.52,620.3 1 1
github.com/modu-ai/moai-adk/internal/cli/mcp_convergence.go:623.2,624.22 2 1
github.com/modu-ai/moai-adk/internal/cli/mcp_convergence.go:624.22,626.3 1 1
github.com/modu-ai/moai-adk/internal/cli/mcp_convergence.go:627.2,657.32 6 1
github.com/modu-ai/moai-adk/internal/cli/mcp_convergence.go:657.32,659.36 2 1
github.com/modu-ai/moai-adk/internal/cli/mcp_convergence.go:659.36,660.12 1 1
github.com/modu-ai/moai-adk/internal/cli/mcp_convergence.go:662.3,662.22 1 1
github.com/modu-ai/moai-adk/internal/cli/mcp_convergence.go:662.22,676.4 7 1
github.com/modu-ai/moai-adk/internal/cli/mcp_convergence.go:678.2,682.62 2 1
github.com/modu-ai/moai-adk/internal/cli/mcp_convergence.go:682.62,683.27 1 1
github.com/modu-ai/moai-adk/internal/cli/mcp_convergence.go:683.27,684.29 1 1
github.com/modu-ai/moai-adk/internal/cli/mcp_convergence.go:684.29,694.5 1 1
github.com/modu-ai/moai-adk/internal/cli/mcp_convergence.go:698.2,709.25 3 1
github.com/modu-ai/moai-adk/internal/cli/mcp_convergence.go:709.25,711.3 1 1
github.com/modu-ai/moai-adk/internal/cli/mcp_convergence.go:712.2,712.15 1 1
github.com/modu-ai/moai-adk/internal/cli/mcp_convergence.go:717.36,718.32 1 1
github.com/modu-ai/moai-adk/internal/cli/mcp_convergence.go:718.32,720.3 1 1
github.com/modu-ai/moai-adk/internal/cli/mcp_convergence.go:721.2,721.10 1 1
github.com/modu-ai/moai-adk/internal/cli/mcp_convergence.go:738.89,740.48 2 1
github.com/modu-ai/moai-adk/internal/cli/mcp_convergence.go:740.48,742.3 1 1
github.com/modu-ai/moai-adk/internal/cli/mcp_convergence.go:743.2,744.16 2 1
github.com/modu-ai/moai-adk/internal/cli/mcp_convergence.go:744.16,746.3 1 0
github.com/modu-ai/moai-adk/internal/cli/mcp_convergence.go:747.2,748.53 2 1
github.com/modu-ai/moai-adk/internal/cli/mcp_convergence.go:748.53,750.3 1 0
github.com/modu-ai/moai-adk/internal/cli/mcp_convergence.go:751.2,751.12 1 1
github.com/modu-ai/moai-adk/internal/cli/mcp_convergence.go:757.56,758.56 1 1
github.com/modu-ai/moai-adk/internal/cli/mcp_convergence.go:758.56,760.3 1 1
github.com/modu-ai/moai-adk/internal/cli/mcp_convergence.go:761.2,761.28 1 1
github.com/modu-ai/moai-adk/internal/cli/mcp_convergence.go:769.42,771.22 2 1
github.com/modu-ai/moai-adk/internal/cli/mcp_convergence.go:771.22,773.3 1 0
github.com/modu-ai/moai-adk/internal/cli/mcp_convergence.go:774.2,774.52 1 1
github.com/modu-ai/moai-adk/internal/cli/mcp_glm.go:125.52,126.16 1 1
github.com/modu-ai/moai-adk/internal/cli/mcp_glm.go:127.73,128.16 1 1
github.com/modu-ai/moai-adk/internal/cli/mcp_glm.go:129.10,130.12 1 1
github.com/modu-ai/moai-adk/internal/cli/mcp_glm.go:172.72,174.16 2 1
github.com/modu-ai/moai-adk/internal/cli/mcp_glm.go:174.16,176.3 1 1
github.com/modu-ai/moai-adk/internal/cli/mcp_glm.go:177.2,177.57 1 1
github.com/modu-ai/moai-adk/internal/cli/mcp_glm.go:177.57,179.3 1 1
github.com/modu-ai/moai-adk/internal/cli/mcp_glm.go:180.2,180.77 1 1
github.com/modu-ai/moai-adk/internal/cli/mcp_glm.go:196.54,199.16 3 1
github.com/modu-ai/moai-adk/internal/cli/mcp_glm.go:199.16,201.3 1 1
github.com/modu-ai/moai-adk/internal/cli/mcp_glm.go:202.2,203.31 2 1
github.com/modu-ai/moai-adk/internal/cli/mcp_glm.go:203.31,205.3 1 0
github.com/modu-ai/moai-adk/internal/cli/mcp_glm.go:206.2,206.32 1 1
github.com/modu-ai/moai-adk/internal/cli/mcp_glm.go:206.32,208.3 1 1
github.com/modu-ai/moai-adk/internal/cli/mcp_glm.go:212.2,212.29 1 1
github.com/modu-ai/moai-adk/internal/cli/mcp_glm.go:221.96,232.20 2 1
github.com/modu-ai/moai-adk/internal/cli/mcp_glm.go:232.20,234.3 1 0
github.com/modu-ai/moai-adk/internal/cli/mcp_glm.go:239.2,242.55 2 1
github.com/modu-ai/moai-adk/internal/cli/mcp_glm.go:242.55,245.3 2 1
github.com/modu-ai/moai-adk/internal/cli/mcp_glm.go:247.2,248.15 2 1
github.com/modu-ai/moai-adk/internal/cli/mcp_glm.go:248.15,252.3 1 1
github.com/modu-ai/moai-adk/internal/cli/mcp_glm.go:254.2,268.79 6 1
github.com/modu-ai/moai-adk/internal/cli/mcp_glm.go:268.79,270.3 1 1
github.com/modu-ai/moai-adk/internal/cli/mcp_glm.go:271.2,272.16 2 1
github.com/modu-ai/moai-adk/internal/cli/mcp_glm.go:272.16,274.3 1 1
github.com/modu-ai/moai-adk/internal/cli/mcp_glm.go:275.2,275.35 1 1
github.com/modu-ai/moai-adk/internal/cli/mcp_glm.go:275.35,277.3 1 1
github.com/modu-ai/moai-adk/internal/cli/mcp_glm.go:279.2,281.25 3 1
github.com/modu-ai/moai-adk/internal/cli/mcp_glm.go:292.118,300.16 2 1
github.com/modu-ai/moai-adk/internal/cli/mcp_glm.go:300.16,302.3 1 0
github.com/modu-ai/moai-adk/internal/cli/mcp_glm.go:304.2,306.16 3 1
github.com/modu-ai/moai-adk/internal/cli/mcp_glm.go:306.16,308.3 1 0
github.com/modu-ai/moai-adk/internal/cli/mcp_glm.go:309.2,315.16 6 1
github.com/modu-ai/moai-adk/internal/cli/mcp_glm.go:315.16,317.3 1 1
github.com/modu-ai/moai-adk/internal/cli/mcp_glm.go:318.2,318.15 1 1
github.com/modu-ai/moai-adk/internal/cli/mcp_glm.go:318.15,318.40 1 1
github.com/modu-ai/moai-adk/internal/cli/mcp_glm.go:320.2,320.53 1 1
github.com/modu-ai/moai-adk/internal/cli/mcp_glm.go:320.53,324.3 1 1
github.com/modu-ai/moai-adk/internal/cli/mcp_glm.go:326.2,327.16 2 1
github.com/modu-ai/moai-adk/internal/cli/mcp_glm.go:327.16,329.3 1 0
github.com/modu-ai/moai-adk/internal/cli/mcp_glm.go:330.2,331.28 2 1
github.com/modu-ai/moai-adk/internal/cli/mcp_glm.go:342.46,344.50 2 1
github.com/modu-ai/moai-adk/internal/cli/mcp_glm.go:344.50,346.3 1 1
github.com/modu-ai/moai-adk/internal/cli/mcp_glm.go:347.2,348.29 2 1
github.com/modu-ai/moai-adk/internal/cli/mcp_glm.go:348.29,354.96 1 1
github.com/modu-ai/moai-adk/internal/cli/mcp_glm.go:354.96,356.9 2 1
github.com/modu-ai/moai-adk/internal/cli/mcp_glm.go:359.2,359.16 1 1
github.com/modu-ai/moai-adk/internal/cli/mcp_glm.go:359.16,361.3 1 0
github.com/modu-ai/moai-adk/internal/cli/mcp_glm.go:362.2,367.63 3 1
github.com/modu-ai/moai-adk/internal/cli/mcp_glm.go:367.63,369.3 1 0
github.com/modu-ai/moai-adk/internal/cli/mcp_glm.go:370.2,370.42 1 1
github.com/modu-ai/moai-adk/internal/cli/mcp_glm.go:370.42,372.3 1 0
github.com/modu-ai/moai-adk/internal/cli/mcp_glm.go:373.2,373.25 1 1
github.com/modu-ai/moai-adk/internal/cli/mcp_glm.go:373.25,375.3 1 1
github.com/modu-ai/moai-adk/internal/cli/mcp_glm.go:376.2,376.26 1 1
github.com/modu-ai/moai-adk/internal/cli/mcp_glm.go:376.26,378.3 1 1
github.com/modu-ai/moai-adk/internal/cli/mcp_glm.go:379.2,379.12 1 1
github.com/modu-ai/moai-adk/internal/cli/mcp_glm.go:389.41,391.33 2 1
github.com/modu-ai/moai-adk/internal/cli/mcp_glm.go:391.33,393.48 1 1
github.com/modu-ai/moai-adk/internal/cli/mcp_glm.go:393.48,395.4 1 1
github.com/modu-ai/moai-adk/internal/cli/mcp_glm.go:396.3,398.51 2 1
github.com/modu-ai/moai-adk/internal/cli/mcp_glm.go:398.51,400.4 1 1
github.com/modu-ai/moai-adk/internal/cli/mcp_glm.go:401.3,401.27 1 1
github.com/modu-ai/moai-adk/internal/cli/mcp_glm.go:403.2,405.31 3 1
github.com/modu-ai/moai-adk/internal/cli/mcp_glm.go:405.31,407.3 1 1
github.com/modu-ai/moai-adk/internal/cli/mcp_glm.go:408.2,408.10 1 1
github.com/modu-ai/moai-adk/internal/cli/mcp_glm.go:416.36,426.2 1 1
github.com/modu-ai/moai-adk/internal/cli/mcp_glm.go:437.52,441.36 2 1
github.com/modu-ai/moai-adk/internal/cli/mcp_glm.go:441.36,443.3 1 1
github.com/modu-ai/moai-adk/internal/cli/mcp_glm.go:444.2,448.15 2 1
github.com/modu-ai/moai-adk/internal/cli/mcp_glm.go:454.50,461.2 1 1
github.com/modu-ai/moai-adk/internal/cli/mcp_glm.go:466.61,468.16 2 1
github.com/modu-ai/moai-adk/internal/cli/mcp_glm.go:468.16,472.3 1 0
github.com/modu-ai/moai-adk/internal/cli/mcp_glm.go:473.2,473.12 1 1
github.com/modu-ai/moai-adk/internal/cli/mcp_progress.go:44.70,45.28 1 1
github.com/modu-ai/moai-adk/internal/cli/mcp_progress.go:45.28,47.3 1 1
github.com/modu-ai/moai-adk/internal/cli/mcp_progress.go:48.2,48.38 1 1
github.com/modu-ai/moai-adk/internal/cli/mcp_progress.go:59.104,61.14 2 1
github.com/modu-ai/moai-adk/internal/cli/mcp_progress.go:61.14,63.3 1 1
github.com/modu-ai/moai-adk/internal/cli/mcp_progress.go:66.2,75.18 2 0
github.com/modu-ai/moai-adk/internal/cli/mcp_progress.go:75.18,77.3 1 0
github.com/modu-ai/moai-adk/internal/cli/mcp_progress.go:78.2,82.4 1 0
github.com/modu-ai/moai-adk/internal/cli/mcp_project_root.go:63.41,65.2 1 1
github.com/modu-ai/moai-adk/internal/cli/mcp_project_root.go:68.52,70.2 1 1
github.com/modu-ai/moai-adk/internal/cli/mcp_project_root.go:83.70,85.15 2 1
github.com/modu-ai/moai-adk/internal/cli/mcp_project_root.go:85.15,87.3 1 1
github.com/modu-ai/moai-adk/internal/cli/mcp_project_root.go:88.2,88.33 1 1
github.com/modu-ai/moai-adk/internal/cli/mcp_project_root.go:101.78,103.15 2 1
github.com/modu-ai/moai-adk/internal/cli/mcp_project_root.go:103.15,105.3 1 1
github.com/modu-ai/moai-adk/internal/cli/mcp_project_root.go:106.2,106.33 1 1
github.com/modu-ai/moai-adk/internal/cli/mcp_project_root.go:112.54,114.16 2 1
github.com/modu-ai/moai-adk/internal/cli/mcp_project_root.go:114.16,116.3 1 0
github.com/modu-ai/moai-adk/internal/cli/mcp_project_root.go:118.2,119.16 2 1
github.com/modu-ai/moai-adk/internal/cli/mcp_project_root.go:119.16,121.3 1 1
github.com/modu-ai/moai-adk/internal/cli/mcp_project_root.go:122.2,122.19 1 1
github.com/modu-ai/moai-adk/internal/cli/mcp_project_root.go:122.19,124.3 1 1
github.com/modu-ai/moai-adk/internal/cli/mcp_project_root.go:139.2,140.16 2 1
github.com/modu-ai/moai-adk/internal/cli/mcp_project_root.go:140.16,142.3 1 0
github.com/modu-ai/moai-adk/internal/cli/mcp_project_root.go:144.2,146.37 3 1
github.com/modu-ai/moai-adk/internal/cli/mcp_project_root.go:146.37,148.3 1 1
github.com/modu-ai/moai-adk/internal/cli/mcp_project_root.go:150.2,150.23 1 1
github.com/modu-ai/moai-adk/internal/cli/mcp_review_material.go:55.61,56.35 1 1
github.com/modu-ai/moai-adk/internal/cli/mcp_review_material.go:56.35,58.3 1 0
github.com/modu-ai/moai-adk/internal/cli/mcp_review_material.go:59.2,60.16 2 1
github.com/modu-ai/moai-adk/internal/cli/mcp_review_material.go:60.16,62.3 1 0
github.com/modu-ai/moai-adk/internal/cli/mcp_review_material.go:63.2,64.16 2 1
github.com/modu-ai/moai-adk/internal/cli/mcp_review_material.go:64.16,66.3 1 1
github.com/modu-ai/moai-adk/internal/cli/mcp_review_material.go:67.2,67.31 1 1
github.com/modu-ai/moai-adk/internal/cli/mcp_review_material.go:73.60,74.16 1 1
github.com/modu-ai/moai-adk/internal/cli/mcp_review_material.go:75.29,77.17 2 0
github.com/modu-ai/moai-adk/internal/cli/mcp_review_material.go:77.17,79.4 1 0
github.com/modu-ai/moai-adk/internal/cli/mcp_review_material.go:80.3,80.49 1 0
github.com/modu-ai/moai-adk/internal/cli/mcp_review_material.go:81.34,82.39 1 1
github.com/modu-ai/moai-adk/internal/cli/mcp_review_material.go:83.10,84.61 1 0
github.com/modu-ai/moai-adk/internal/cli/mcp_review_material.go:92.58,94.69 2 0
github.com/modu-ai/moai-adk/internal/cli/mcp_review_material.go:94.69,96.49 2 0
github.com/modu-ai/moai-adk/internal/cli/mcp_review_material.go:96.49,98.4 1 0
github.com/modu-ai/moai-adk/internal/cli/mcp_review_material.go:99.3,99.16 1 0
github.com/modu-ai/moai-adk/internal/cli/mcp_review_material.go:101.2,101.82 1 0
github.com/modu-ai/moai-adk/internal/cli/mcp_review_material.go:131.63,133.103 1 1
github.com/modu-ai/moai-adk/internal/cli/mcp_review_material.go:133.103,135.50 2 1
github.com/modu-ai/moai-adk/internal/cli/mcp_review_material.go:135.50,137.4 1 1
github.com/modu-ai/moai-adk/internal/cli/mcp_review_material.go:140.2,140.37 1 1
github.com/modu-ai/moai-adk/internal/cli/mcp_review_material.go:140.37,142.3 1 1
github.com/modu-ai/moai-adk/internal/cli/mcp_review_material.go:143.2,143.67 1 1
github.com/modu-ai/moai-adk/internal/cli/mcp_review_material.go:150.48,151.84 1 1
github.com/modu-ai/moai-adk/internal/cli/mcp_review_material.go:151.84,152.88 1 1
github.com/modu-ai/moai-adk/internal/cli/mcp_review_material.go:152.88,154.4 1 1
github.com/modu-ai/moai-adk/internal/cli/mcp_review_material.go:156.2,156.14 1 1
github.com/modu-ai/moai-adk/internal/cli/mcp_review_material.go:162.64,166.16 4 1
github.com/modu-ai/moai-adk/internal/cli/mcp_review_material.go:166.16,168.3 1 1
github.com/modu-ai/moai-adk/internal/cli/mcp_review_material.go:169.2,169.25 1 1
github.com/modu-ai/moai-adk/internal/cli/mcp_review_material.go:174.39,175.37 1 1
github.com/modu-ai/moai-adk/internal/cli/mcp_review_material.go:175.37,177.3 1 1
github.com/modu-ai/moai-adk/internal/cli/mcp_review_material.go:178.2,179.52 2 0
github.com/modu-ai/moai-adk/internal/cli/mcp_review_material.go:179.52,181.3 1 0
github.com/modu-ai/moai-adk/internal/cli/mcp_review_material.go:182.2,182.39 1 0
github.com/modu-ai/moai-adk/internal/cli/mcp_server.go:63.39,78.50 1 1
github.com/modu-ai/moai-adk/internal/cli/mcp_server.go:78.50,80.4 1 0
github.com/modu-ai/moai-adk/internal/cli/mcp_server.go:87.27,91.85 1 0
github.com/modu-ai/moai-adk/internal/cli/mcp_server.go:91.85,93.3 1 0
github.com/modu-ai/moai-adk/internal/cli/mcp_server.go:94.2,97.29 2 0
github.com/modu-ai/moai-adk/internal/cli/mcp_server.go:106.43,119.2 3 1
github.com/modu-ai/moai-adk/internal/cli/mcp_server.go:126.41,135.2 1 1
github.com/modu-ai/moai-adk/internal/cli/mcp_server.go:141.67,151.74 2 1
github.com/modu-ai/moai-adk/internal/cli/mcp_server.go:151.74,152.20 1 1
github.com/modu-ai/moai-adk/internal/cli/mcp_server.go:152.20,154.4 1 1
github.com/modu-ai/moai-adk/internal/cli/mcp_server.go:158.2,509.27 28 1
github.com/modu-ai/moai-adk/internal/cli/mcp_server.go:546.63,549.49 2 1
github.com/modu-ai/moai-adk/internal/cli/mcp_server.go:549.49,551.3 1 1
github.com/modu-ai/moai-adk/internal/cli/mcp_server.go:552.2,552.22 1 1
github.com/modu-ai/moai-adk/internal/cli/mcp_server.go:552.22,554.3 1 0
github.com/modu-ai/moai-adk/internal/cli/mcp_server.go:555.2,557.16 3 1
github.com/modu-ai/moai-adk/internal/cli/mcp_server.go:557.16,559.3 1 1
github.com/modu-ai/moai-adk/internal/cli/mcp_server.go:560.2,567.51 2 1
github.com/modu-ai/moai-adk/internal/cli/mcp_server.go:567.51,569.3 1 1
github.com/modu-ai/moai-adk/internal/cli/mcp_server.go:570.2,570.37 1 1
github.com/modu-ai/moai-adk/internal/cli/mcp_server.go:570.37,571.23 1 1
github.com/modu-ai/moai-adk/internal/cli/mcp_server.go:571.23,573.4 1 1
github.com/modu-ai/moai-adk/internal/cli/mcp_server.go:575.2,575.16 1 1
github.com/modu-ai/moai-adk/internal/cli/mcp_server.go:581.97,584.16 3 1
github.com/modu-ai/moai-adk/internal/cli/mcp_server.go:584.16,586.3 1 0
github.com/modu-ai/moai-adk/internal/cli/mcp_server.go:587.2,591.9 1 1
github.com/modu-ai/moai-adk/internal/cli/mcp_server.go:595.96,597.21 2 1
github.com/modu-ai/moai-adk/internal/cli/mcp_server.go:597.21,599.3 1 1
github.com/modu-ai/moai-adk/internal/cli/mcp_server.go:600.2,601.16 2 1
github.com/modu-ai/moai-adk/internal/cli/mcp_server.go:601.16,603.3 1 1
github.com/modu-ai/moai-adk/internal/cli/mcp_server.go:604.2,604.14 1 1
github.com/modu-ai/moai-adk/internal/cli/mcp_server.go:604.14,606.3 1 1
github.com/modu-ai/moai-adk/internal/cli/mcp_server.go:607.2,607.104 1 1
github.com/modu-ai/moai-adk/internal/cli/mcp_server.go:616.93,618.16 2 1
github.com/modu-ai/moai-adk/internal/cli/mcp_server.go:618.16,620.3 1 0
github.com/modu-ai/moai-adk/internal/cli/mcp_server.go:621.2,622.25 2 1
github.com/modu-ai/moai-adk/internal/cli/mcp_server.go:622.25,624.3 1 1
github.com/modu-ai/moai-adk/internal/cli/mcp_server.go:625.2,632.39 3 1
github.com/modu-ai/moai-adk/internal/cli/mcp_server.go:632.39,634.3 1 1
github.com/modu-ai/moai-adk/internal/cli/mcp_server.go:636.2,637.21 2 1
github.com/modu-ai/moai-adk/internal/cli/mcp_server.go:637.21,639.3 1 0
github.com/modu-ai/moai-adk/internal/cli/mcp_server.go:641.2,643.19 3 1
github.com/modu-ai/moai-adk/internal/cli/mcp_server.go:643.19,645.3 1 0
github.com/modu-ai/moai-adk/internal/cli/mcp_server.go:646.2,647.47 2 1
github.com/modu-ai/moai-adk/internal/cli/mcp_server.go:647.47,649.3 1 0
github.com/modu-ai/moai-adk/internal/cli/mcp_server.go:650.2,655.9 1 1
github.com/modu-ai/moai-adk/internal/cli/mcp_server.go:659.98,661.16 2 1
github.com/modu-ai/moai-adk/internal/cli/mcp_server.go:661.16,663.3 1 0
github.com/modu-ai/moai-adk/internal/cli/mcp_server.go:664.2,665.16 2 1
github.com/modu-ai/moai-adk/internal/cli/mcp_server.go:665.16,667.3 1 0
github.com/modu-ai/moai-adk/internal/cli/mcp_server.go:668.2,671.9 1 1
github.com/modu-ai/moai-adk/internal/cli/mcp_server.go:676.100,679.15 3 1
github.com/modu-ai/moai-adk/internal/cli/mcp_server.go:679.15,681.3 1 0
github.com/modu-ai/moai-adk/internal/cli/mcp_server.go:682.2,682.52 1 1
github.com/modu-ai/moai-adk/internal/cli/mcp_server.go:682.52,689.17 3 1
github.com/modu-ai/moai-adk/internal/cli/mcp_server.go:689.17,691.4 1 0
github.com/modu-ai/moai-adk/internal/cli/mcp_server.go:692.3,692.96 1 1
github.com/modu-ai/moai-adk/internal/cli/mcp_server.go:694.2,695.16 2 1
github.com/modu-ai/moai-adk/internal/cli/mcp_server.go:695.16,697.3 1 1
github.com/modu-ai/moai-adk/internal/cli/mcp_server.go:698.2,698.93 1 1
github.com/modu-ai/moai-adk/internal/cli/mcp_server.go:702.97,704.15 2 1
github.com/modu-ai/moai-adk/internal/cli/mcp_server.go:704.15,706.3 1 1
github.com/modu-ai/moai-adk/internal/cli/mcp_server.go:707.2,708.16 2 1
github.com/modu-ai/moai-adk/internal/cli/mcp_server.go:708.16,710.3 1 1
github.com/modu-ai/moai-adk/internal/cli/mcp_server.go:711.2,712.17 2 1
github.com/modu-ai/moai-adk/internal/cli/mcp_server.go:712.17,714.3 1 0
github.com/modu-ai/moai-adk/internal/cli/mcp_server.go:715.2,715.84 1 1
github.com/modu-ai/moai-adk/internal/cli/mcp_server.go:719.95,721.16 2 1
github.com/modu-ai/moai-adk/internal/cli/mcp_server.go:721.16,723.3 1 1
github.com/modu-ai/moai-adk/internal/cli/mcp_server.go:724.2,731.21 3 1
github.com/modu-ai/moai-adk/internal/cli/mcp_server.go:731.21,733.3 1 0
github.com/modu-ai/moai-adk/internal/cli/mcp_server.go:734.2,734.44 1 1
github.com/modu-ai/moai-adk/internal/cli/mcp_server.go:738.95,740.16 2 1
github.com/modu-ai/moai-adk/internal/cli/mcp_server.go:740.16,742.3 1 0
github.com/modu-ai/moai-adk/internal/cli/mcp_server.go:743.2,744.16 2 1
github.com/modu-ai/moai-adk/internal/cli/mcp_server.go:744.16,746.3 1 0
github.com/modu-ai/moai-adk/internal/cli/mcp_server.go:747.2,751.9 1 1
github.com/modu-ai/moai-adk/internal/cli/mcp_server.go:772.96,774.12 2 1
github.com/modu-ai/moai-adk/internal/cli/mcp_server.go:775.22,777.20 2 1
github.com/modu-ai/moai-adk/internal/cli/mcp_server.go:777.20,779.4 1 0
github.com/modu-ai/moai-adk/internal/cli/mcp_server.go:780.3,781.17 2 1
github.com/modu-ai/moai-adk/internal/cli/mcp_server.go:781.17,783.4 1 0
github.com/modu-ai/moai-adk/internal/cli/mcp_server.go:784.3,784.78 1 1
github.com/modu-ai/moai-adk/internal/cli/mcp_server.go:785.16,789.91 4 1
github.com/modu-ai/moai-adk/internal/cli/mcp_server.go:790.15,795.33 3 1
github.com/modu-ai/moai-adk/internal/cli/mcp_server.go:795.33,797.4 1 0
github.com/modu-ai/moai-adk/internal/cli/mcp_server.go:798.3,804.113 2 1
github.com/modu-ai/moai-adk/internal/cli/mcp_server.go:805.10,806.103 1 1
github.com/modu-ai/moai-adk/internal/cli/mcp_server.go:818.47,823.2 1 1
github.com/modu-ai/moai-adk/internal/cli/mcp_server.go:837.61,838.84 1 1
github.com/modu-ai/moai-adk/internal/cli/mcp_server.go:838.84,840.21 2 1
github.com/modu-ai/moai-adk/internal/cli/mcp_server.go:840.21,842.4 1 1
github.com/modu-ai/moai-adk/internal/cli/mcp_server.go:848.3,848.123 1 1
github.com/modu-ai/moai-adk/internal/cli/mcp_server.go:848.123,851.4 2 1
github.com/modu-ai/moai-adk/internal/cli/mcp_server.go:852.3,854.19 3 1
github.com/modu-ai/moai-adk/internal/cli/mcp_server.go:861.58,863.2 1 1
github.com/modu-ai/moai-adk/internal/cli/mcp_server.go:868.58,875.2 1 1
github.com/modu-ai/moai-adk/internal/cli/mcp_server_runtime.go:47.52,48.22 1 1
github.com/modu-ai/moai-adk/internal/cli/mcp_server_runtime.go:48.22,50.3 1 1
github.com/modu-ai/moai-adk/internal/cli/mcp_server_runtime.go:51.2,51.66 1 1
github.com/modu-ai/moai-adk/internal/cli/mcp_server_runtime.go:55.61,57.16 2 1
github.com/modu-ai/moai-adk/internal/cli/mcp_server_runtime.go:57.16,59.3 1 0
github.com/modu-ai/moai-adk/internal/cli/mcp_server_runtime.go:60.2,67.3 1 1
github.com/modu-ai/moai-adk/internal/cli/mcp_server_runtime.go:76.69,78.15 2 1
github.com/modu-ai/moai-adk/internal/cli/mcp_server_runtime.go:78.15,80.3 1 1
github.com/modu-ai/moai-adk/internal/cli/mcp_server_runtime.go:81.2,81.48 1 1
github.com/modu-ai/moai-adk/internal/cli/mcp_server_runtime.go:81.48,83.3 1 0
github.com/modu-ai/moai-adk/internal/cli/mcp_server_runtime.go:84.2,86.16 3 1
github.com/modu-ai/moai-adk/internal/cli/mcp_server_runtime.go:86.16,88.3 1 0
github.com/modu-ai/moai-adk/internal/cli/mcp_server_runtime.go:89.2,90.70 2 1
github.com/modu-ai/moai-adk/internal/cli/mcp_server_runtime.go:90.70,92.3 1 0
github.com/modu-ai/moai-adk/internal/cli/mcp_server_runtime.go:93.2,93.18 1 1
github.com/modu-ai/moai-adk/internal/cli/mcp_server_runtime.go:100.48,101.16 1 1
github.com/modu-ai/moai-adk/internal/cli/mcp_server_runtime.go:101.16,103.3 1 0
github.com/modu-ai/moai-adk/internal/cli/mcp_server_runtime.go:104.2,104.21 1 1
github.com/modu-ai/moai-adk/internal/cli/mcp_server_runtime.go:110.78,112.15 2 1
github.com/modu-ai/moai-adk/internal/cli/mcp_server_runtime.go:112.15,114.3 1 1
github.com/modu-ai/moai-adk/internal/cli/mcp_server_runtime.go:115.2,116.16 2 1
github.com/modu-ai/moai-adk/internal/cli/mcp_server_runtime.go:116.16,118.3 1 1
github.com/modu-ai/moai-adk/internal/cli/mcp_server_runtime.go:119.2,120.28 2 1
github.com/modu-ai/moai-adk/internal/cli/mcp_server_runtime.go:120.28,121.53 1 1
github.com/modu-ai/moai-adk/internal/cli/mcp_server_runtime.go:121.53,122.12 1 1
github.com/modu-ai/moai-adk/internal/cli/mcp_server_runtime.go:124.3,125.17 2 1
github.com/modu-ai/moai-adk/internal/cli/mcp_server_runtime.go:125.17,126.12 1 0
github.com/modu-ai/moai-adk/internal/cli/mcp_server_runtime.go:128.3,129.68 2 1
github.com/modu-ai/moai-adk/internal/cli/mcp_server_runtime.go:129.68,130.12 1 1
github.com/modu-ai/moai-adk/internal/cli/mcp_server_runtime.go:132.3,132.33 1 1
github.com/modu-ai/moai-adk/internal/cli/mcp_server_runtime.go:134.2,134.16 1 1
github.com/modu-ai/moai-adk/internal/cli/mcp_server_runtime.go:140.106,142.62 2 1
github.com/modu-ai/moai-adk/internal/cli/mcp_server_runtime.go:142.62,143.30 1 1
github.com/modu-ai/moai-adk/internal/cli/mcp_server_runtime.go:143.30,145.12 2 1
github.com/modu-ai/moai-adk/internal/cli/mcp_server_runtime.go:147.3,147.85 1 1
github.com/modu-ai/moai-adk/internal/cli/mcp_server_runtime.go:149.2,149.25 1 1
github.com/modu-ai/moai-adk/internal/cli/mcp_session_msg.go:40.61,41.22 1 1
github.com/modu-ai/moai-adk/internal/cli/mcp_session_msg.go:41.22,43.3 1 1
github.com/modu-ai/moai-adk/internal/cli/mcp_session_msg.go:44.2,44.68 1 1
github.com/modu-ai/moai-adk/internal/cli/mcp_session_msg.go:51.54,53.16 2 1
github.com/modu-ai/moai-adk/internal/cli/mcp_session_msg.go:53.16,55.3 1 0
github.com/modu-ai/moai-adk/internal/cli/mcp_session_msg.go:56.2,56.44 1 1
github.com/modu-ai/moai-adk/internal/cli/mcp_session_msg.go:63.104,65.16 2 1
github.com/modu-ai/moai-adk/internal/cli/mcp_session_msg.go:65.16,67.3 1 0
github.com/modu-ai/moai-adk/internal/cli/mcp_session_msg.go:68.2,73.16 2 1
github.com/modu-ai/moai-adk/internal/cli/mcp_session_msg.go:73.16,75.3 1 1
github.com/modu-ai/moai-adk/internal/cli/mcp_session_msg.go:76.2,76.51 1 1
github.com/modu-ai/moai-adk/internal/cli/mcp_session_msg.go:81.98,83.16 2 1
github.com/modu-ai/moai-adk/internal/cli/mcp_session_msg.go:83.16,85.3 1 0
github.com/modu-ai/moai-adk/internal/cli/mcp_session_msg.go:86.2,87.16 2 1
github.com/modu-ai/moai-adk/internal/cli/mcp_session_msg.go:87.16,89.3 1 0
github.com/modu-ai/moai-adk/internal/cli/mcp_session_msg.go:90.2,93.9 1 1
github.com/modu-ai/moai-adk/internal/cli/mcp_session_msg.go:99.100,101.9 2 1
github.com/modu-ai/moai-adk/internal/cli/mcp_session_msg.go:101.9,103.3 1 1
github.com/modu-ai/moai-adk/internal/cli/mcp_session_msg.go:104.2,105.16 2 1
github.com/modu-ai/moai-adk/internal/cli/mcp_session_msg.go:105.16,107.3 1 0
github.com/modu-ai/moai-adk/internal/cli/mcp_session_msg.go:108.2,116.16 2 1
github.com/modu-ai/moai-adk/internal/cli/mcp_session_msg.go:116.16,118.3 1 1
github.com/modu-ai/moai-adk/internal/cli/mcp_session_msg.go:119.2,123.9 1 1
github.com/modu-ai/moai-adk/internal/cli/mcp_session_msg.go:128.100,130.16 2 1
github.com/modu-ai/moai-adk/internal/cli/mcp_session_msg.go:130.16,132.3 1 0
github.com/modu-ai/moai-adk/internal/cli/mcp_session_msg.go:133.2,137.16 2 1
github.com/modu-ai/moai-adk/internal/cli/mcp_session_msg.go:137.16,139.3 1 1
github.com/modu-ai/moai-adk/internal/cli/mcp_session_msg.go:140.2,145.9 1 1
github.com/modu-ai/moai-adk/internal/cli/mcp_session_msg.go:152.68,154.30 2 1
github.com/modu-ai/moai-adk/internal/cli/mcp_session_msg.go:154.30,162.3 1 1
github.com/modu-ai/moai-adk/internal/cli/mcp_session_msg.go:163.2,163.27 1 1
github.com/modu-ai/moai-adk/internal/cli/mcp_session_msg.go:169.73,171.28 2 1
github.com/modu-ai/moai-adk/internal/cli/mcp_session_msg.go:171.28,173.3 1 1
github.com/modu-ai/moai-adk/internal/cli/mcp_session_msg.go:174.2,175.16 2 1
github.com/modu-ai/moai-adk/internal/cli/mcp_session_msg.go:175.16,177.3 1 1
github.com/modu-ai/moai-adk/internal/cli/mcp_session_msg.go:178.2,178.33 1 1
github.com/modu-ai/moai-adk/internal/cli/mcp_session_msg.go:183.78,185.28 2 1
github.com/modu-ai/moai-adk/internal/cli/mcp_session_msg.go:185.28,187.3 1 1
github.com/modu-ai/moai-adk/internal/cli/mcp_session_msg.go:188.2,189.9 2 1
github.com/modu-ai/moai-adk/internal/cli/mcp_session_msg.go:189.9,191.3 1 0
github.com/modu-ai/moai-adk/internal/cli/mcp_session_msg.go:192.2,193.27 2 1
github.com/modu-ai/moai-adk/internal/cli/mcp_session_msg.go:193.27,194.31 1 1
github.com/modu-ai/moai-adk/internal/cli/mcp_session_msg.go:194.31,196.4 1 1
github.com/modu-ai/moai-adk/internal/cli/mcp_session_msg.go:198.2,198.12 1 1
github.com/modu-ai/moai-adk/internal/cli/memory.go:44.47,47.26 3 1
github.com/modu-ai/moai-adk/internal/cli/memory.go:47.26,48.12 1 1
github.com/modu-ai/moai-adk/internal/cli/memory.go:49.28,50.26 1 1
github.com/modu-ai/moai-adk/internal/cli/memory.go:51.11,52.24 1 1
github.com/modu-ai/moai-adk/internal/cli/memory.go:55.2,55.20 1 1
github.com/modu-ai/moai-adk/internal/cli/memory.go:66.71,68.16 2 1
github.com/modu-ai/moai-adk/internal/cli/memory.go:68.16,70.3 1 0
github.com/modu-ai/moai-adk/internal/cli/memory.go:71.2,74.60 3 1
github.com/modu-ai/moai-adk/internal/cli/memory.go:74.60,79.3 1 1
github.com/modu-ai/moai-adk/internal/cli/memory.go:80.2,81.16 2 1
github.com/modu-ai/moai-adk/internal/cli/memory.go:81.16,83.3 1 0
github.com/modu-ai/moai-adk/internal/cli/memory.go:84.2,85.27 2 1
github.com/modu-ai/moai-adk/internal/cli/memory.go:85.27,86.19 1 1
github.com/modu-ai/moai-adk/internal/cli/memory.go:86.19,88.4 1 0
github.com/modu-ai/moai-adk/internal/cli/memory.go:90.2,90.80 1 1
github.com/modu-ai/moai-adk/internal/cli/memory.go:104.36,121.55 1 1
github.com/modu-ai/moai-adk/internal/cli/memory.go:121.55,123.4 1 0
github.com/modu-ai/moai-adk/internal/cli/memory.go:125.2,126.12 2 1
github.com/modu-ai/moai-adk/internal/cli/memory.go:130.42,139.55 4 1
github.com/modu-ai/moai-adk/internal/cli/memory.go:139.55,141.18 2 0
github.com/modu-ai/moai-adk/internal/cli/memory.go:141.18,143.5 1 0
github.com/modu-ai/moai-adk/internal/cli/memory.go:144.4,144.70 1 0
github.com/modu-ai/moai-adk/internal/cli/memory.go:147.2,151.12 4 1
github.com/modu-ai/moai-adk/internal/cli/memory.go:155.88,157.23 2 1
github.com/modu-ai/moai-adk/internal/cli/memory.go:157.23,159.17 2 0
github.com/modu-ai/moai-adk/internal/cli/memory.go:159.17,161.4 1 0
github.com/modu-ai/moai-adk/internal/cli/memory.go:162.3,162.54 1 0
github.com/modu-ai/moai-adk/internal/cli/memory.go:163.8,166.17 3 1
github.com/modu-ai/moai-adk/internal/cli/memory.go:166.17,168.4 1 0
github.com/modu-ai/moai-adk/internal/cli/memory.go:171.2,172.19 2 1
github.com/modu-ai/moai-adk/internal/cli/memory.go:172.19,174.3 1 1
github.com/modu-ai/moai-adk/internal/cli/memory.go:176.2,177.27 2 1
github.com/modu-ai/moai-adk/internal/cli/memory.go:177.27,180.34 3 1
github.com/modu-ai/moai-adk/internal/cli/memory.go:180.34,182.12 2 0
github.com/modu-ai/moai-adk/internal/cli/memory.go:184.3,187.17 3 1
github.com/modu-ai/moai-adk/internal/cli/memory.go:187.17,189.4 1 0
github.com/modu-ai/moai-adk/internal/cli/memory.go:190.3,190.29 1 1
github.com/modu-ai/moai-adk/internal/cli/memory.go:190.29,191.87 1 1
github.com/modu-ai/moai-adk/internal/cli/memory.go:191.87,193.5 1 1
github.com/modu-ai/moai-adk/internal/cli/memory.go:196.3,197.54 2 1
github.com/modu-ai/moai-adk/internal/cli/memory.go:197.54,199.4 1 0
github.com/modu-ai/moai-adk/internal/cli/memory.go:201.3,202.17 2 1
github.com/modu-ai/moai-adk/internal/cli/memory.go:202.17,204.4 1 0
github.com/modu-ai/moai-adk/internal/cli/memory.go:205.3,206.17 2 1
github.com/modu-ai/moai-adk/internal/cli/memory.go:206.17,208.4 1 0
github.com/modu-ai/moai-adk/internal/cli/memory.go:209.3,210.17 2 1
github.com/modu-ai/moai-adk/internal/cli/memory.go:210.17,212.4 1 0
github.com/modu-ai/moai-adk/internal/cli/memory.go:213.3,216.33 4 1
github.com/modu-ai/moai-adk/internal/cli/memory.go:218.2,218.21 1 1
github.com/modu-ai/moai-adk/internal/cli/memory.go:224.88,225.16 1 0
github.com/modu-ai/moai-adk/internal/cli/memory.go:225.16,227.17 2 0
github.com/modu-ai/moai-adk/internal/cli/memory.go:227.17,229.4 1 0
github.com/modu-ai/moai-adk/internal/cli/memory.go:230.3,231.13 2 0
github.com/modu-ai/moai-adk/internal/cli/memory.go:234.2,234.30 1 0
github.com/modu-ai/moai-adk/internal/cli/memory.go:234.30,235.12 1 0
github.com/modu-ai/moai-adk/internal/cli/memory.go:235.12,237.4 1 0
github.com/modu-ai/moai-adk/internal/cli/memory.go:238.3,239.18 2 0
github.com/modu-ai/moai-adk/internal/cli/memory.go:239.18,241.12 2 0
github.com/modu-ai/moai-adk/internal/cli/memory.go:243.3,246.29 3 0
github.com/modu-ai/moai-adk/internal/cli/memory.go:246.29,248.12 2 0
github.com/modu-ai/moai-adk/internal/cli/memory.go:250.3,252.34 3 0
github.com/modu-ai/moai-adk/internal/cli/memory.go:252.34,253.27 1 0
github.com/modu-ai/moai-adk/internal/cli/memory.go:253.27,255.5 1 0
github.com/modu-ai/moai-adk/internal/cli/memory.go:256.4,256.20 1 0
github.com/modu-ai/moai-adk/internal/cli/memory.go:258.3,259.30 2 0
github.com/modu-ai/moai-adk/internal/cli/memory.go:259.30,261.4 1 0
github.com/modu-ai/moai-adk/internal/cli/memory.go:262.3,262.34 1 0
github.com/modu-ai/moai-adk/internal/cli/memory.go:262.34,263.88 1 0
github.com/modu-ai/moai-adk/internal/cli/memory.go:263.88,265.5 1 0
github.com/modu-ai/moai-adk/internal/cli/memory.go:269.2,269.22 1 0
github.com/modu-ai/moai-adk/internal/cli/memory.go:269.22,272.3 1 0
github.com/modu-ai/moai-adk/internal/cli/memory.go:273.2,273.12 1 0
github.com/modu-ai/moai-adk/internal/cli/memory.go:277.43,284.55 2 1
github.com/modu-ai/moai-adk/internal/cli/memory.go:284.55,286.17 2 0
github.com/modu-ai/moai-adk/internal/cli/memory.go:286.17,288.19 2 0
github.com/modu-ai/moai-adk/internal/cli/memory.go:288.19,290.6 1 0
github.com/modu-ai/moai-adk/internal/cli/memory.go:291.5,291.25 1 0
github.com/modu-ai/moai-adk/internal/cli/memory.go:291.25,293.6 1 0
github.com/modu-ai/moai-adk/internal/cli/memory.go:294.5,294.24 1 0
github.com/modu-ai/moai-adk/internal/cli/memory.go:296.4,297.18 2 0
github.com/modu-ai/moai-adk/internal/cli/memory.go:297.18,299.5 1 0
github.com/modu-ai/moai-adk/internal/cli/memory.go:300.4,300.59 1 0
github.com/modu-ai/moai-adk/internal/cli/memory.go:303.2,304.12 2 1
github.com/modu-ai/moai-adk/internal/cli/memory.go:310.74,311.28 1 1
github.com/modu-ai/moai-adk/internal/cli/memory.go:311.28,313.59 2 1
github.com/modu-ai/moai-adk/internal/cli/memory.go:313.59,315.4 1 1
github.com/modu-ai/moai-adk/internal/cli/memory.go:316.3,316.38 1 1
github.com/modu-ai/moai-adk/internal/cli/memory.go:316.38,318.4 1 0
github.com/modu-ai/moai-adk/internal/cli/memory.go:319.3,319.62 1 1
github.com/modu-ai/moai-adk/internal/cli/memory.go:319.62,321.4 1 1
github.com/modu-ai/moai-adk/internal/cli/memory.go:324.2,325.55 2 1
github.com/modu-ai/moai-adk/internal/cli/memory.go:325.55,327.3 1 0
github.com/modu-ai/moai-adk/internal/cli/memory.go:329.2,330.28 2 1
github.com/modu-ai/moai-adk/internal/cli/memory.go:330.28,334.45 4 1
github.com/modu-ai/moai-adk/internal/cli/memory.go:334.45,336.4 1 0
github.com/modu-ai/moai-adk/internal/cli/memory.go:337.3,338.49 2 1
github.com/modu-ai/moai-adk/internal/cli/memory.go:341.2,342.16 2 1
github.com/modu-ai/moai-adk/internal/cli/memory.go:342.16,344.3 1 0
github.com/modu-ai/moai-adk/internal/cli/memory.go:345.2,346.12 2 1
github.com/modu-ai/moai-adk/internal/cli/memory.go:352.74,354.16 2 1
github.com/modu-ai/moai-adk/internal/cli/memory.go:354.16,355.25 1 0
github.com/modu-ai/moai-adk/internal/cli/memory.go:355.25,357.4 1 0
github.com/modu-ai/moai-adk/internal/cli/memory.go:358.3,358.62 1 0
github.com/modu-ai/moai-adk/internal/cli/memory.go:361.2,362.26 2 1
github.com/modu-ai/moai-adk/internal/cli/memory.go:362.26,364.3 1 1
github.com/modu-ai/moai-adk/internal/cli/memory.go:366.2,369.29 4 1
github.com/modu-ai/moai-adk/internal/cli/memory.go:369.29,371.75 2 1
github.com/modu-ai/moai-adk/internal/cli/memory.go:371.75,372.37 1 1
github.com/modu-ai/moai-adk/internal/cli/memory.go:372.37,374.10 2 1
github.com/modu-ai/moai-adk/internal/cli/memory.go:377.3,377.11 1 1
github.com/modu-ai/moai-adk/internal/cli/memory.go:377.11,379.12 2 1
github.com/modu-ai/moai-adk/internal/cli/memory.go:381.3,381.28 1 1
github.com/modu-ai/moai-adk/internal/cli/memory.go:383.2,383.18 1 1
github.com/modu-ai/moai-adk/internal/cli/memory.go:383.18,385.3 1 1
github.com/modu-ai/moai-adk/internal/cli/memory.go:387.2,387.89 1 1
github.com/modu-ai/moai-adk/internal/cli/memory.go:387.89,389.3 1 0
github.com/modu-ai/moai-adk/internal/cli/memory.go:390.2,390.21 1 1
github.com/modu-ai/moai-adk/internal/cli/memory.go:398.13,400.2 1 1
github.com/modu-ai/moai-adk/internal/cli/migrate_agency.go:51.39,53.2 1 1
github.com/modu-ai/moai-adk/internal/cli/migrate_agency.go:91.50,93.2 1 1
github.com/modu-ai/moai-adk/internal/cli/migrate_agency.go:95.51,97.2 1 1
github.com/modu-ai/moai-adk/internal/cli/migrate_agency.go:102.62,104.16 2 1
github.com/modu-ai/moai-adk/internal/cli/migrate_agency.go:104.16,106.3 1 1
github.com/modu-ai/moai-adk/internal/cli/migrate_agency.go:107.2,108.16 2 0
github.com/modu-ai/moai-adk/internal/cli/migrate_agency.go:108.16,110.3 1 0
github.com/modu-ai/moai-adk/internal/cli/migrate_agency.go:111.2,111.29 1 0
github.com/modu-ai/moai-adk/internal/cli/migrate_agency.go:111.29,113.3 1 0
github.com/modu-ai/moai-adk/internal/cli/migrate_agency.go:114.2,115.13 2 0
github.com/modu-ai/moai-adk/internal/cli/migrate_agency.go:120.38,122.49 1 1
github.com/modu-ai/moai-adk/internal/cli/migrate_agency.go:122.49,124.3 1 1
github.com/modu-ai/moai-adk/internal/cli/migrate_agency.go:126.2,126.43 1 1
github.com/modu-ai/moai-adk/internal/cli/migrate_agency.go:126.43,128.3 1 0
github.com/modu-ai/moai-adk/internal/cli/migrate_agency.go:131.2,131.48 1 1
github.com/modu-ai/moai-adk/internal/cli/migrate_agency.go:131.48,133.3 1 1
github.com/modu-ai/moai-adk/internal/cli/migrate_agency.go:162.53,163.21 1 1
github.com/modu-ai/moai-adk/internal/cli/migrate_agency.go:163.21,165.3 1 0
github.com/modu-ai/moai-adk/internal/cli/migrate_agency.go:166.2,166.18 1 1
github.com/modu-ai/moai-adk/internal/cli/migrate_agency.go:169.53,170.21 1 1
github.com/modu-ai/moai-adk/internal/cli/migrate_agency.go:170.21,172.3 1 0
github.com/modu-ai/moai-adk/internal/cli/migrate_agency.go:173.2,173.18 1 1
github.com/modu-ai/moai-adk/internal/cli/migrate_agency.go:176.64,178.2 1 1
github.com/modu-ai/moai-adk/internal/cli/migrate_agency.go:180.66,182.2 1 1
github.com/modu-ai/moai-adk/internal/cli/migrate_agency.go:188.66,190.65 2 1
github.com/modu-ai/moai-adk/internal/cli/migrate_agency.go:190.65,192.3 1 1
github.com/modu-ai/moai-adk/internal/cli/migrate_agency.go:193.2,193.53 1 1
github.com/modu-ai/moai-adk/internal/cli/migrate_agency.go:200.61,202.24 1 1
github.com/modu-ai/moai-adk/internal/cli/migrate_agency.go:202.24,204.3 1 1
github.com/modu-ai/moai-adk/internal/cli/migrate_agency.go:205.2,205.20 1 1
github.com/modu-ai/moai-adk/internal/cli/migrate_agency.go:208.65,213.54 3 1
github.com/modu-ai/moai-adk/internal/cli/migrate_agency.go:213.54,215.3 1 1
github.com/modu-ai/moai-adk/internal/cli/migrate_agency.go:217.2,217.59 1 1
github.com/modu-ai/moai-adk/internal/cli/migrate_agency.go:217.59,219.3 1 1
github.com/modu-ai/moai-adk/internal/cli/migrate_agency.go:221.2,221.14 1 1
github.com/modu-ai/moai-adk/internal/cli/migrate_agency.go:221.14,222.45 1 1
github.com/modu-ai/moai-adk/internal/cli/migrate_agency.go:222.45,224.4 1 1
github.com/modu-ai/moai-adk/internal/cli/migrate_agency.go:228.2,228.52 1 1
github.com/modu-ai/moai-adk/internal/cli/migrate_agency.go:228.52,230.3 1 1
github.com/modu-ai/moai-adk/internal/cli/migrate_agency.go:233.2,233.63 1 1
github.com/modu-ai/moai-adk/internal/cli/migrate_agency.go:233.63,235.3 1 1
github.com/modu-ai/moai-adk/internal/cli/migrate_agency.go:237.2,237.14 1 1
github.com/modu-ai/moai-adk/internal/cli/migrate_agency.go:237.14,239.3 1 1
github.com/modu-ai/moai-adk/internal/cli/migrate_agency.go:241.2,252.71 6 1
github.com/modu-ai/moai-adk/internal/cli/migrate_agency.go:252.71,254.3 1 0
github.com/modu-ai/moai-adk/internal/cli/migrate_agency.go:255.2,258.24 2 1
github.com/modu-ai/moai-adk/internal/cli/migrate_agency.go:258.24,260.3 1 0
github.com/modu-ai/moai-adk/internal/cli/migrate_agency.go:261.2,262.61 2 1
github.com/modu-ai/moai-adk/internal/cli/migrate_agency.go:262.61,266.3 3 0
github.com/modu-ai/moai-adk/internal/cli/migrate_agency.go:269.2,269.24 1 1
github.com/modu-ai/moai-adk/internal/cli/migrate_agency.go:269.24,274.3 4 1
github.com/modu-ai/moai-adk/internal/cli/migrate_agency.go:275.2,275.24 1 1
github.com/modu-ai/moai-adk/internal/cli/migrate_agency.go:275.24,279.3 1 1
github.com/modu-ai/moai-adk/internal/cli/migrate_agency.go:279.8,284.17 5 1
github.com/modu-ai/moai-adk/internal/cli/migrate_agency.go:284.17,289.4 4 0
github.com/modu-ai/moai-adk/internal/cli/migrate_agency.go:290.3,290.31 1 1
github.com/modu-ai/moai-adk/internal/cli/migrate_agency.go:294.2,294.24 1 1
github.com/modu-ai/moai-adk/internal/cli/migrate_agency.go:294.24,299.3 4 1
github.com/modu-ai/moai-adk/internal/cli/migrate_agency.go:300.2,300.22 1 1
github.com/modu-ai/moai-adk/internal/cli/migrate_agency.go:300.22,305.3 1 1
github.com/modu-ai/moai-adk/internal/cli/migrate_agency.go:305.8,309.67 4 1
github.com/modu-ai/moai-adk/internal/cli/migrate_agency.go:309.67,314.4 4 0
github.com/modu-ai/moai-adk/internal/cli/migrate_agency.go:315.3,315.28 1 1
github.com/modu-ai/moai-adk/internal/cli/migrate_agency.go:319.2,322.24 2 1
github.com/modu-ai/moai-adk/internal/cli/migrate_agency.go:322.24,327.3 4 0
github.com/modu-ai/moai-adk/internal/cli/migrate_agency.go:328.2,330.52 3 1
github.com/modu-ai/moai-adk/internal/cli/migrate_agency.go:330.52,332.74 2 1
github.com/modu-ai/moai-adk/internal/cli/migrate_agency.go:332.74,335.4 1 0
github.com/modu-ai/moai-adk/internal/cli/migrate_agency.go:335.9,338.4 2 1
github.com/modu-ai/moai-adk/internal/cli/migrate_agency.go:339.8,341.3 1 1
github.com/modu-ai/moai-adk/internal/cli/migrate_agency.go:343.2,350.20 6 1
github.com/modu-ai/moai-adk/internal/cli/migrate_agency.go:354.83,363.2 5 1
github.com/modu-ai/moai-adk/internal/cli/migrate_agency.go:366.67,369.16 3 1
github.com/modu-ai/moai-adk/internal/cli/migrate_agency.go:369.16,371.3 1 1
github.com/modu-ai/moai-adk/internal/cli/migrate_agency.go:373.2,376.33 2 1
github.com/modu-ai/moai-adk/internal/cli/migrate_agency.go:376.33,378.3 1 0
github.com/modu-ai/moai-adk/internal/cli/migrate_agency.go:380.2,384.44 4 1
github.com/modu-ai/moai-adk/internal/cli/migrate_agency.go:384.44,386.58 2 1
github.com/modu-ai/moai-adk/internal/cli/migrate_agency.go:386.58,390.4 3 0
github.com/modu-ai/moai-adk/internal/cli/migrate_agency.go:391.3,391.16 1 1
github.com/modu-ai/moai-adk/internal/cli/migrate_agency.go:394.2,401.8 3 1
github.com/modu-ai/moai-adk/internal/cli/migrate_agency.go:418.55,421.16 3 1
github.com/modu-ai/moai-adk/internal/cli/migrate_agency.go:421.16,423.3 1 1
github.com/modu-ai/moai-adk/internal/cli/migrate_agency.go:425.2,427.16 3 1
github.com/modu-ai/moai-adk/internal/cli/migrate_agency.go:427.16,429.3 1 0
github.com/modu-ai/moai-adk/internal/cli/migrate_agency.go:431.2,433.12 3 1
github.com/modu-ai/moai-adk/internal/cli/migrate_agency.go:439.81,440.41 1 1
github.com/modu-ai/moai-adk/internal/cli/migrate_agency.go:440.41,444.3 1 1
github.com/modu-ai/moai-adk/internal/cli/migrate_agency.go:445.2,445.16 1 1
github.com/modu-ai/moai-adk/internal/cli/migrate_agency.go:445.16,447.3 1 1
github.com/modu-ai/moai-adk/internal/cli/migrate_agency.go:448.2,454.3 1 1
github.com/modu-ai/moai-adk/internal/cli/migrate_agency.go:459.39,461.16 2 1
github.com/modu-ai/moai-adk/internal/cli/migrate_agency.go:461.16,463.3 1 0
github.com/modu-ai/moai-adk/internal/cli/migrate_agency.go:464.2,465.51 2 1
github.com/modu-ai/moai-adk/internal/cli/migrate_agency.go:465.51,467.3 1 1
github.com/modu-ai/moai-adk/internal/cli/migrate_agency.go:468.2,469.11 2 1
github.com/modu-ai/moai-adk/internal/cli/migrate_agency.go:474.44,477.2 2 1
github.com/modu-ai/moai-adk/internal/cli/migrate_agency.go:480.58,486.38 5 1
github.com/modu-ai/moai-adk/internal/cli/migrate_agency.go:486.38,489.3 1 1
github.com/modu-ai/moai-adk/internal/cli/migrate_agency.go:492.2,495.82 3 1
github.com/modu-ai/moai-adk/internal/cli/migrate_agency.go:495.82,500.3 1 1
github.com/modu-ai/moai-adk/internal/cli/migrate_agency.go:501.2,501.12 1 1
github.com/modu-ai/moai-adk/internal/cli/migrate_agency.go:505.47,506.52 1 1
github.com/modu-ai/moai-adk/internal/cli/migrate_agency.go:506.52,507.49 1 1
github.com/modu-ai/moai-adk/internal/cli/migrate_agency.go:507.49,509.4 1 1
github.com/modu-ai/moai-adk/internal/cli/migrate_agency.go:511.2,511.11 1 0
github.com/modu-ai/moai-adk/internal/cli/migrate_agency.go:515.98,516.48 1 1
github.com/modu-ai/moai-adk/internal/cli/migrate_agency.go:516.48,518.3 1 1
github.com/modu-ai/moai-adk/internal/cli/migrate_agency.go:520.2,520.48 1 1
github.com/modu-ai/moai-adk/internal/cli/migrate_agency.go:520.48,522.3 1 0
github.com/modu-ai/moai-adk/internal/cli/migrate_agency.go:523.2,526.16 3 1
github.com/modu-ai/moai-adk/internal/cli/migrate_agency.go:526.16,528.3 1 0
github.com/modu-ai/moai-adk/internal/cli/migrate_agency.go:530.2,531.28 2 1
github.com/modu-ai/moai-adk/internal/cli/migrate_agency.go:531.28,532.55 1 1
github.com/modu-ai/moai-adk/internal/cli/migrate_agency.go:532.55,533.12 1 0
github.com/modu-ai/moai-adk/internal/cli/migrate_agency.go:535.3,537.58 3 1
github.com/modu-ai/moai-adk/internal/cli/migrate_agency.go:537.58,539.4 1 0
github.com/modu-ai/moai-adk/internal/cli/migrate_agency.go:540.3,540.16 1 1
github.com/modu-ai/moai-adk/internal/cli/migrate_agency.go:542.2,542.25 1 1
github.com/modu-ai/moai-adk/internal/cli/migrate_agency.go:546.88,548.16 2 1
github.com/modu-ai/moai-adk/internal/cli/migrate_agency.go:548.16,551.3 1 1
github.com/modu-ai/moai-adk/internal/cli/migrate_agency.go:555.2,557.62 2 1
github.com/modu-ai/moai-adk/internal/cli/migrate_agency.go:557.62,559.3 1 0
github.com/modu-ai/moai-adk/internal/cli/migrate_agency.go:561.2,561.68 1 1
github.com/modu-ai/moai-adk/internal/cli/migrate_agency.go:561.68,563.3 1 0
github.com/modu-ai/moai-adk/internal/cli/migrate_agency.go:564.2,565.12 2 1
github.com/modu-ai/moai-adk/internal/cli/migrate_agency.go:576.83,578.16 2 1
github.com/modu-ai/moai-adk/internal/cli/migrate_agency.go:578.16,580.3 1 1
github.com/modu-ai/moai-adk/internal/cli/migrate_agency.go:581.2,581.37 1 1
github.com/modu-ai/moai-adk/internal/cli/migrate_agency.go:581.37,584.3 2 1
github.com/modu-ai/moai-adk/internal/cli/migrate_agency.go:586.2,587.16 2 1
github.com/modu-ai/moai-adk/internal/cli/migrate_agency.go:587.16,589.3 1 0
github.com/modu-ai/moai-adk/internal/cli/migrate_agency.go:591.2,591.62 1 1
github.com/modu-ai/moai-adk/internal/cli/migrate_agency.go:591.62,593.3 1 0
github.com/modu-ai/moai-adk/internal/cli/migrate_agency.go:597.2,599.68 2 1
github.com/modu-ai/moai-adk/internal/cli/migrate_agency.go:599.68,601.3 1 0
github.com/modu-ai/moai-adk/internal/cli/migrate_agency.go:602.2,602.17 1 1
github.com/modu-ai/moai-adk/internal/cli/migrate_agency.go:602.17,604.3 1 1
github.com/modu-ai/moai-adk/internal/cli/migrate_agency.go:607.2,609.12 2 1
github.com/modu-ai/moai-adk/internal/cli/migrate_agency.go:617.82,620.48 3 1
github.com/modu-ai/moai-adk/internal/cli/migrate_agency.go:620.48,622.3 1 0
github.com/modu-ai/moai-adk/internal/cli/migrate_agency.go:623.2,623.17 1 1
github.com/modu-ai/moai-adk/internal/cli/migrate_agency.go:623.17,625.3 1 1
github.com/modu-ai/moai-adk/internal/cli/migrate_agency.go:627.2,628.16 2 1
github.com/modu-ai/moai-adk/internal/cli/migrate_agency.go:628.16,630.3 1 0
github.com/modu-ai/moai-adk/internal/cli/migrate_agency.go:632.2,632.28 1 1
github.com/modu-ai/moai-adk/internal/cli/migrate_agency.go:632.28,635.16 3 1
github.com/modu-ai/moai-adk/internal/cli/migrate_agency.go:635.16,636.58 1 1
github.com/modu-ai/moai-adk/internal/cli/migrate_agency.go:636.58,638.5 1 0
github.com/modu-ai/moai-adk/internal/cli/migrate_agency.go:639.9,640.59 1 1
github.com/modu-ai/moai-adk/internal/cli/migrate_agency.go:640.59,642.5 1 0
github.com/modu-ai/moai-adk/internal/cli/migrate_agency.go:645.2,645.12 1 1
github.com/modu-ai/moai-adk/internal/cli/migrate_agency.go:649.66,650.63 1 1
github.com/modu-ai/moai-adk/internal/cli/migrate_agency.go:650.63,652.3 1 1
github.com/modu-ai/moai-adk/internal/cli/migrate_agency.go:653.2,654.16 2 1
github.com/modu-ai/moai-adk/internal/cli/migrate_agency.go:654.16,656.3 1 0
github.com/modu-ai/moai-adk/internal/cli/migrate_agency.go:657.2,657.40 1 1
github.com/modu-ai/moai-adk/internal/cli/migrate_agency.go:661.64,663.16 2 1
github.com/modu-ai/moai-adk/internal/cli/migrate_agency.go:663.16,665.3 1 0
github.com/modu-ai/moai-adk/internal/cli/migrate_agency.go:666.2,667.50 2 1
github.com/modu-ai/moai-adk/internal/cli/migrate_agency.go:667.50,669.3 1 1
github.com/modu-ai/moai-adk/internal/cli/migrate_agency.go:670.2,670.17 1 1
github.com/modu-ai/moai-adk/internal/cli/migrate_agency.go:701.13,708.2 5 1
github.com/modu-ai/moai-adk/internal/cli/migrate_agency.go:710.61,716.16 5 0
github.com/modu-ai/moai-adk/internal/cli/migrate_agency.go:716.16,718.3 1 0
github.com/modu-ai/moai-adk/internal/cli/migrate_agency.go:720.2,721.16 2 0
github.com/modu-ai/moai-adk/internal/cli/migrate_agency.go:721.16,723.3 1 0
github.com/modu-ai/moai-adk/internal/cli/migrate_agency.go:725.2,734.16 3 0
github.com/modu-ai/moai-adk/internal/cli/migrate_agency.go:734.16,736.40 2 0
github.com/modu-ai/moai-adk/internal/cli/migrate_agency.go:736.40,737.19 1 0
github.com/modu-ai/moai-adk/internal/cli/migrate_agency.go:738.28,739.80 1 0
github.com/modu-ai/moai-adk/internal/cli/migrate_agency.go:740.12,741.80 1 0
github.com/modu-ai/moai-adk/internal/cli/migrate_agency.go:744.3,744.13 1 0
github.com/modu-ai/moai-adk/internal/cli/migrate_agency.go:747.2,748.12 2 0
github.com/modu-ai/moai-adk/internal/cli/migrate_agency_disk_unix.go:17.54,19.52 2 1
github.com/modu-ai/moai-adk/internal/cli/migrate_agency_disk_unix.go:19.52,21.3 1 0
github.com/modu-ai/moai-adk/internal/cli/migrate_agency_disk_unix.go:25.2,25.46 1 1
github.com/modu-ai/moai-adk/internal/cli/migrate_agency_disk_unix.go:32.48,34.86 2 1
github.com/modu-ai/moai-adk/internal/cli/migrate_agency_disk_unix.go:34.86,35.21 1 1
github.com/modu-ai/moai-adk/internal/cli/migrate_agency_disk_unix.go:35.21,37.4 1 0
github.com/modu-ai/moai-adk/internal/cli/migrate_agency_disk_unix.go:38.3,38.16 1 1
github.com/modu-ai/moai-adk/internal/cli/migrate_agency_disk_unix.go:38.16,40.4 1 1
github.com/modu-ai/moai-adk/internal/cli/migrate_agency_disk_unix.go:42.3,43.17 2 1
github.com/modu-ai/moai-adk/internal/cli/migrate_agency_disk_unix.go:43.17,45.4 1 0
github.com/modu-ai/moai-adk/internal/cli/migrate_agency_disk_unix.go:46.3,46.38 1 1
github.com/modu-ai/moai-adk/internal/cli/migrate_agency_disk_unix.go:46.38,48.4 1 0
github.com/modu-ai/moai-adk/internal/cli/migrate_agency_disk_unix.go:50.3,51.13 2 1
github.com/modu-ai/moai-adk/internal/cli/migrate_agency_disk_unix.go:53.2,53.19 1 1
github.com/modu-ai/moai-adk/internal/cli/migrate_agency_disk_unix.go:67.46,69.16 2 1
github.com/modu-ai/moai-adk/internal/cli/migrate_agency_disk_unix.go:69.16,72.3 1 0
github.com/modu-ai/moai-adk/internal/cli/migrate_agency_disk_unix.go:74.2,75.16 2 1
github.com/modu-ai/moai-adk/internal/cli/migrate_agency_disk_unix.go:75.16,78.3 1 0
github.com/modu-ai/moai-adk/internal/cli/migrate_agency_disk_unix.go:80.2,81.26 2 1
github.com/modu-ai/moai-adk/internal/cli/migrate_agency_disk_unix.go:81.26,89.3 1 0
github.com/modu-ai/moai-adk/internal/cli/migrate_agency_disk_unix.go:90.2,90.12 1 1
github.com/modu-ai/moai-adk/internal/cli/migrate_agency_posix.go:14.79,16.44 2 1
github.com/modu-ai/moai-adk/internal/cli/migrate_agency_posix.go:16.44,17.20 1 0
github.com/modu-ai/moai-adk/internal/cli/migrate_agency_posix.go:17.20,19.4 1 0
github.com/modu-ai/moai-adk/internal/cli/migrate_agency_signal.go:21.108,27.12 4 1
github.com/modu-ai/moai-adk/internal/cli/migrate_agency_signal.go:27.12,28.10 1 1
github.com/modu-ai/moai-adk/internal/cli/migrate_agency_signal.go:29.23,31.62 2 0
github.com/modu-ai/moai-adk/internal/cli/migrate_agency_signal.go:31.62,33.5 1 0
github.com/modu-ai/moai-adk/internal/cli/migrate_agency_signal.go:34.4,34.23 1 0
github.com/modu-ai/moai-adk/internal/cli/migrate_agency_signal.go:34.23,36.5 1 0
github.com/modu-ai/moai-adk/internal/cli/migrate_agency_signal.go:37.15,37.15 0 1
github.com/modu-ai/moai-adk/internal/cli/migrate_agency_signal.go:41.2,41.16 1 1
github.com/modu-ai/moai-adk/internal/cli/migrate_agency_signal.go:41.16,44.3 2 1
github.com/modu-ai/moai-adk/internal/cli/migrate_profiles.go:54.73,56.16 2 1
github.com/modu-ai/moai-adk/internal/cli/migrate_profiles.go:56.16,58.3 1 0
github.com/modu-ai/moai-adk/internal/cli/migrate_profiles.go:59.2,60.16 2 1
github.com/modu-ai/moai-adk/internal/cli/migrate_profiles.go:60.16,62.3 1 0
github.com/modu-ai/moai-adk/internal/cli/migrate_profiles.go:63.2,67.16 4 1
github.com/modu-ai/moai-adk/internal/cli/migrate_profiles.go:67.16,68.25 1 1
github.com/modu-ai/moai-adk/internal/cli/migrate_profiles.go:68.25,70.4 1 1
github.com/modu-ai/moai-adk/internal/cli/migrate_profiles.go:71.3,71.77 1 0
github.com/modu-ai/moai-adk/internal/cli/migrate_profiles.go:74.2,75.28 2 1
github.com/modu-ai/moai-adk/internal/cli/migrate_profiles.go:75.28,76.17 1 1
github.com/modu-ai/moai-adk/internal/cli/migrate_profiles.go:76.17,77.12 1 1
github.com/modu-ai/moai-adk/internal/cli/migrate_profiles.go:79.3,81.17 3 1
github.com/modu-ai/moai-adk/internal/cli/migrate_profiles.go:81.17,83.4 1 0
github.com/modu-ai/moai-adk/internal/cli/migrate_profiles.go:84.3,84.22 1 1
github.com/modu-ai/moai-adk/internal/cli/migrate_profiles.go:84.22,85.12 1 1
github.com/modu-ai/moai-adk/internal/cli/migrate_profiles.go:87.3,87.25 1 1
github.com/modu-ai/moai-adk/internal/cli/migrate_profiles.go:89.2,89.20 1 1
github.com/modu-ai/moai-adk/internal/cli/migrate_profiles.go:93.51,95.16 2 1
github.com/modu-ai/moai-adk/internal/cli/migrate_profiles.go:95.16,96.25 1 1
github.com/modu-ai/moai-adk/internal/cli/migrate_profiles.go:96.25,98.4 1 1
github.com/modu-ai/moai-adk/internal/cli/migrate_profiles.go:99.3,99.68 1 0
github.com/modu-ai/moai-adk/internal/cli/migrate_profiles.go:101.2,102.28 2 1
github.com/modu-ai/moai-adk/internal/cli/migrate_profiles.go:102.28,103.86 1 1
github.com/modu-ai/moai-adk/internal/cli/migrate_profiles.go:103.86,105.4 1 1
github.com/modu-ai/moai-adk/internal/cli/migrate_profiles.go:107.2,108.19 2 1
github.com/modu-ai/moai-adk/internal/cli/migrate_profiles.go:113.61,115.16 2 1
github.com/modu-ai/moai-adk/internal/cli/migrate_profiles.go:115.16,117.3 1 0
github.com/modu-ai/moai-adk/internal/cli/migrate_profiles.go:118.2,119.16 2 1
github.com/modu-ai/moai-adk/internal/cli/migrate_profiles.go:119.16,121.3 1 0
github.com/modu-ai/moai-adk/internal/cli/migrate_profiles.go:122.2,122.90 1 1
github.com/modu-ai/moai-adk/internal/cli/migrate_profiles.go:133.103,135.16 2 1
github.com/modu-ai/moai-adk/internal/cli/migrate_profiles.go:135.16,137.3 1 0
github.com/modu-ai/moai-adk/internal/cli/migrate_profiles.go:138.2,139.22 2 1
github.com/modu-ai/moai-adk/internal/cli/migrate_profiles.go:139.22,141.3 1 1
github.com/modu-ai/moai-adk/internal/cli/migrate_profiles.go:143.2,144.16 2 1
github.com/modu-ai/moai-adk/internal/cli/migrate_profiles.go:144.16,146.3 1 0
github.com/modu-ai/moai-adk/internal/cli/migrate_profiles.go:147.2,147.18 1 1
github.com/modu-ai/moai-adk/internal/cli/migrate_profiles.go:147.18,148.52 1 1
github.com/modu-ai/moai-adk/internal/cli/migrate_profiles.go:148.52,150.4 1 0
github.com/modu-ai/moai-adk/internal/cli/migrate_profiles.go:153.2,154.27 2 1
github.com/modu-ai/moai-adk/internal/cli/migrate_profiles.go:154.27,156.3 1 1
github.com/modu-ai/moai-adk/internal/cli/migrate_profiles.go:157.2,164.35 4 1
github.com/modu-ai/moai-adk/internal/cli/migrate_profiles.go:164.35,167.17 3 1
github.com/modu-ai/moai-adk/internal/cli/migrate_profiles.go:167.17,169.4 1 0
github.com/modu-ai/moai-adk/internal/cli/migrate_profiles.go:170.3,172.30 2 1
github.com/modu-ai/moai-adk/internal/cli/migrate_profiles.go:172.30,178.11 5 1
github.com/modu-ai/moai-adk/internal/cli/migrate_profiles.go:179.24,181.23 2 1
github.com/modu-ai/moai-adk/internal/cli/migrate_profiles.go:181.23,183.6 1 0
github.com/modu-ai/moai-adk/internal/cli/migrate_profiles.go:184.5,184.40 1 1
github.com/modu-ai/moai-adk/internal/cli/migrate_profiles.go:184.40,186.22 2 1
github.com/modu-ai/moai-adk/internal/cli/migrate_profiles.go:186.22,187.48 1 1
github.com/modu-ai/moai-adk/internal/cli/migrate_profiles.go:187.48,189.8 1 0
github.com/modu-ai/moai-adk/internal/cli/migrate_profiles.go:191.6,191.14 1 1
github.com/modu-ai/moai-adk/internal/cli/migrate_profiles.go:193.5,196.18 4 1
github.com/modu-ai/moai-adk/internal/cli/migrate_profiles.go:197.32,198.16 1 1
github.com/modu-ai/moai-adk/internal/cli/migrate_profiles.go:199.12,200.78 1 0
github.com/modu-ai/moai-adk/internal/cli/migrate_profiles.go:203.4,203.19 1 1
github.com/modu-ai/moai-adk/internal/cli/migrate_profiles.go:203.19,204.13 1 1
github.com/modu-ai/moai-adk/internal/cli/migrate_profiles.go:206.4,206.53 1 1
github.com/modu-ai/moai-adk/internal/cli/migrate_profiles.go:206.53,208.5 1 0
github.com/modu-ai/moai-adk/internal/cli/migrate_profiles.go:212.2,213.16 2 1
github.com/modu-ai/moai-adk/internal/cli/migrate_profiles.go:213.16,215.3 1 0
github.com/modu-ai/moai-adk/internal/cli/migrate_profiles.go:216.2,217.17 2 1
github.com/modu-ai/moai-adk/internal/cli/migrate_profiles.go:221.54,225.2 3 1
github.com/modu-ai/moai-adk/internal/cli/migrate_profiles.go:230.38,231.44 1 1
github.com/modu-ai/moai-adk/internal/cli/migrate_profiles.go:231.44,233.3 1 1
github.com/modu-ai/moai-adk/internal/cli/migrate_profiles.go:234.2,235.16 2 0
github.com/modu-ai/moai-adk/internal/cli/migrate_profiles.go:235.16,237.3 1 0
github.com/modu-ai/moai-adk/internal/cli/migrate_profiles.go:238.2,238.55 1 0
github.com/modu-ai/moai-adk/internal/cli/migrate_profiles.go:238.55,240.3 1 0
github.com/modu-ai/moai-adk/internal/cli/migrate_profiles.go:241.2,241.39 1 0
github.com/modu-ai/moai-adk/internal/cli/migrate_profiles.go:241.39,243.3 1 0
github.com/modu-ai/moai-adk/internal/cli/migrate_profiles.go:244.2,244.12 1 0
github.com/modu-ai/moai-adk/internal/cli/migrate_profiles.go:251.149,254.39 3 1
github.com/modu-ai/moai-adk/internal/cli/migrate_profiles.go:254.39,256.3 1 0
github.com/modu-ai/moai-adk/internal/cli/migrate_profiles.go:258.2,259.86 2 1
github.com/modu-ai/moai-adk/internal/cli/migrate_profiles.go:259.86,261.3 1 1
github.com/modu-ai/moai-adk/internal/cli/migrate_profiles.go:263.2,264.35 2 1
github.com/modu-ai/moai-adk/internal/cli/migrate_profiles.go:264.35,266.17 2 1
github.com/modu-ai/moai-adk/internal/cli/migrate_profiles.go:266.17,267.26 1 1
github.com/modu-ai/moai-adk/internal/cli/migrate_profiles.go:267.26,268.13 1 1
github.com/modu-ai/moai-adk/internal/cli/migrate_profiles.go:270.4,270.77 1 0
github.com/modu-ai/moai-adk/internal/cli/migrate_profiles.go:272.3,272.58 1 1
github.com/modu-ai/moai-adk/internal/cli/migrate_profiles.go:272.58,274.25 2 1
github.com/modu-ai/moai-adk/internal/cli/migrate_profiles.go:274.25,275.13 1 1
github.com/modu-ai/moai-adk/internal/cli/migrate_profiles.go:277.4,278.49 2 1
github.com/modu-ai/moai-adk/internal/cli/migrate_profiles.go:278.49,281.5 2 0
github.com/modu-ai/moai-adk/internal/cli/migrate_profiles.go:282.4,282.21 1 1
github.com/modu-ai/moai-adk/internal/cli/migrate_profiles.go:282.21,283.13 1 0
github.com/modu-ai/moai-adk/internal/cli/migrate_profiles.go:285.4,286.31 2 1
github.com/modu-ai/moai-adk/internal/cli/migrate_profiles.go:289.2,289.31 1 1
github.com/modu-ai/moai-adk/internal/cli/migrate_profiles.go:289.31,291.3 1 1
github.com/modu-ai/moai-adk/internal/cli/migrate_profiles.go:293.2,295.67 3 1
github.com/modu-ai/moai-adk/internal/cli/migrate_profiles.go:295.67,297.3 1 0
github.com/modu-ai/moai-adk/internal/cli/migrate_profiles.go:298.2,299.29 2 1
github.com/modu-ai/moai-adk/internal/cli/migrate_profiles.go:299.29,301.3 1 1
github.com/modu-ai/moai-adk/internal/cli/migrate_profiles.go:302.2,302.70 1 1
github.com/modu-ai/moai-adk/internal/cli/migrate_profiles.go:302.70,304.3 1 0
github.com/modu-ai/moai-adk/internal/cli/migrate_profiles.go:305.2,305.24 1 1
github.com/modu-ai/moai-adk/internal/cli/migrate_profiles.go:309.88,310.28 1 0
github.com/modu-ai/moai-adk/internal/cli/migrate_profiles.go:310.28,313.3 2 0
github.com/modu-ai/moai-adk/internal/cli/migrate_profiles.go:314.2,315.12 2 0
github.com/modu-ai/moai-adk/internal/cli/migrate_profiles.go:315.12,317.3 1 0
github.com/modu-ai/moai-adk/internal/cli/migrate_profiles.go:318.2,322.21 4 0
github.com/modu-ai/moai-adk/internal/cli/migrate_profiles.go:322.21,325.3 1 0
github.com/modu-ai/moai-adk/internal/cli/migrate_profiles.go:326.2,326.12 1 0
github.com/modu-ai/moai-adk/internal/cli/migrate_profiles.go:326.12,328.3 1 0
github.com/modu-ai/moai-adk/internal/cli/migrate_profiles.go:336.56,338.36 2 1
github.com/modu-ai/moai-adk/internal/cli/migrate_profiles.go:338.36,340.3 1 1
github.com/modu-ai/moai-adk/internal/cli/migrate_profiles.go:341.2,342.29 2 0
github.com/modu-ai/moai-adk/internal/cli/migrate_profiles.go:342.29,344.17 2 0
github.com/modu-ai/moai-adk/internal/cli/migrate_profiles.go:344.17,346.4 1 0
github.com/modu-ai/moai-adk/internal/cli/migrate_profiles.go:347.3,347.22 1 0
github.com/modu-ai/moai-adk/internal/cli/migrate_profiles.go:349.2,349.16 1 0
github.com/modu-ai/moai-adk/internal/cli/migrate_profiles.go:349.16,351.3 1 0
github.com/modu-ai/moai-adk/internal/cli/migrate_profiles.go:352.2,355.22 1 0
github.com/modu-ai/moai-adk/internal/cli/migrate_profiles.go:358.45,376.55 1 1
github.com/modu-ai/moai-adk/internal/cli/migrate_profiles.go:376.55,379.18 3 0
github.com/modu-ai/moai-adk/internal/cli/migrate_profiles.go:379.18,381.5 1 0
github.com/modu-ai/moai-adk/internal/cli/migrate_profiles.go:382.4,383.14 2 0
github.com/modu-ai/moai-adk/internal/cli/migrate_profiles.go:386.2,387.12 2 1
github.com/modu-ai/moai-adk/internal/cli/migrate_profiles.go:390.13,392.2 1 1
github.com/modu-ai/moai-adk/internal/cli/migrate_restore_skill.go:29.66,31.49 1 1
github.com/modu-ai/moai-adk/internal/cli/migrate_restore_skill.go:31.49,36.3 1 1
github.com/modu-ai/moai-adk/internal/cli/migrate_restore_skill.go:37.2,37.19 1 1
github.com/modu-ai/moai-adk/internal/cli/migrate_restore_skill.go:37.19,42.3 1 1
github.com/modu-ai/moai-adk/internal/cli/migrate_restore_skill.go:44.2,48.47 3 1
github.com/modu-ai/moai-adk/internal/cli/migrate_restore_skill.go:48.47,49.25 1 1
github.com/modu-ai/moai-adk/internal/cli/migrate_restore_skill.go:49.25,54.4 1 1
github.com/modu-ai/moai-adk/internal/cli/migrate_restore_skill.go:55.3,55.57 1 0
github.com/modu-ai/moai-adk/internal/cli/migrate_restore_skill.go:59.2,59.46 1 1
github.com/modu-ai/moai-adk/internal/cli/migrate_restore_skill.go:59.46,60.13 1 1
github.com/modu-ai/moai-adk/internal/cli/migrate_restore_skill.go:60.13,67.4 1 1
github.com/modu-ai/moai-adk/internal/cli/migrate_restore_skill.go:69.3,69.49 1 1
github.com/modu-ai/moai-adk/internal/cli/migrate_restore_skill.go:69.49,71.4 1 0
github.com/modu-ai/moai-adk/internal/cli/migrate_restore_skill.go:75.2,75.54 1 1
github.com/modu-ai/moai-adk/internal/cli/migrate_restore_skill.go:75.54,77.3 1 0
github.com/modu-ai/moai-adk/internal/cli/migrate_restore_skill.go:80.2,80.58 1 1
github.com/modu-ai/moai-adk/internal/cli/migrate_restore_skill.go:80.58,83.3 2 0
github.com/modu-ai/moai-adk/internal/cli/migrate_restore_skill.go:85.2,85.12 1 1
github.com/modu-ai/moai-adk/internal/cli/migrate_restore_skill.go:109.13,112.2 2 1
github.com/modu-ai/moai-adk/internal/cli/migrate_restore_skill.go:114.63,120.16 5 0
github.com/modu-ai/moai-adk/internal/cli/migrate_restore_skill.go:120.16,122.3 1 0
github.com/modu-ai/moai-adk/internal/cli/migrate_restore_skill.go:124.2,124.58 1 0
github.com/modu-ai/moai-adk/internal/cli/migrate_restore_skill.go:124.58,125.40 1 0
github.com/modu-ai/moai-adk/internal/cli/migrate_restore_skill.go:125.40,128.4 2 0
github.com/modu-ai/moai-adk/internal/cli/migrate_restore_skill.go:129.3,129.13 1 0
github.com/modu-ai/moai-adk/internal/cli/migrate_restore_skill.go:132.2,134.12 3 0
github.com/modu-ai/moai-adk/internal/cli/migration.go:29.54,31.3 1 0
github.com/modu-ai/moai-adk/internal/cli/migration.go:42.54,44.17 2 1
github.com/modu-ai/moai-adk/internal/cli/migration.go:44.17,46.4 1 0
github.com/modu-ai/moai-adk/internal/cli/migration.go:48.3,51.17 4 1
github.com/modu-ai/moai-adk/internal/cli/migration.go:51.17,53.4 1 0
github.com/modu-ai/moai-adk/internal/cli/migration.go:55.3,56.24 2 1
github.com/modu-ai/moai-adk/internal/cli/migration.go:56.24,59.4 2 1
github.com/modu-ai/moai-adk/internal/cli/migration.go:61.3,62.13 2 0
github.com/modu-ai/moai-adk/internal/cli/migration.go:77.54,82.17 4 1
github.com/modu-ai/moai-adk/internal/cli/migration.go:82.17,84.4 1 0
github.com/modu-ai/moai-adk/internal/cli/migration.go:86.3,88.17 3 1
github.com/modu-ai/moai-adk/internal/cli/migration.go:88.17,90.4 1 0
github.com/modu-ai/moai-adk/internal/cli/migration.go:92.3,92.15 1 1
github.com/modu-ai/moai-adk/internal/cli/migration.go:92.15,100.18 3 1
github.com/modu-ai/moai-adk/internal/cli/migration.go:100.18,102.5 1 0
github.com/modu-ai/moai-adk/internal/cli/migration.go:103.4,104.14 2 1
github.com/modu-ai/moai-adk/internal/cli/migration.go:110.3,111.23 2 1
github.com/modu-ai/moai-adk/internal/cli/migration.go:111.23,113.4 1 0
github.com/modu-ai/moai-adk/internal/cli/migration.go:113.9,115.4 1 1
github.com/modu-ai/moai-adk/internal/cli/migration.go:116.3,116.25 1 1
github.com/modu-ai/moai-adk/internal/cli/migration.go:116.25,118.4 1 1
github.com/modu-ai/moai-adk/internal/cli/migration.go:119.3,121.13 2 1
github.com/modu-ai/moai-adk/internal/cli/migration.go:139.54,142.17 3 0
github.com/modu-ai/moai-adk/internal/cli/migration.go:142.17,144.4 1 0
github.com/modu-ai/moai-adk/internal/cli/migration.go:146.3,147.17 2 0
github.com/modu-ai/moai-adk/internal/cli/migration.go:147.17,149.4 1 0
github.com/modu-ai/moai-adk/internal/cli/migration.go:151.3,152.56 2 0
github.com/modu-ai/moai-adk/internal/cli/migration.go:152.56,154.4 1 0
github.com/modu-ai/moai-adk/internal/cli/migration.go:156.3,158.13 3 0
github.com/modu-ai/moai-adk/internal/cli/migration.go:162.13,172.2 4 1
github.com/modu-ai/moai-adk/internal/cli/mirror_notice.go:34.9,36.9 2 1
github.com/modu-ai/moai-adk/internal/cli/mirror_notice.go:36.9,38.3 1 1
github.com/modu-ai/moai-adk/internal/cli/mirror_notice.go:42.2,44.12 3 1
github.com/modu-ai/moai-adk/internal/cli/mode_migrate.go:54.13,60.2 3 1
github.com/modu-ai/moai-adk/internal/cli/mode_migrate.go:64.62,66.16 2 0
github.com/modu-ai/moai-adk/internal/cli/mode_migrate.go:66.16,68.3 1 0
github.com/modu-ai/moai-adk/internal/cli/mode_migrate.go:70.2,71.16 2 0
github.com/modu-ai/moai-adk/internal/cli/mode_migrate.go:71.16,73.3 1 0
github.com/modu-ai/moai-adk/internal/cli/mode_migrate.go:74.2,76.60 2 0
github.com/modu-ai/moai-adk/internal/cli/mode_migrate.go:99.49,103.2 3 1
github.com/modu-ai/moai-adk/internal/cli/mode_migrate.go:112.86,113.86 1 1
github.com/modu-ai/moai-adk/internal/cli/mode_migrate.go:113.86,114.18 1 1
github.com/modu-ai/moai-adk/internal/cli/mode_migrate.go:114.18,118.4 1 0
github.com/modu-ai/moai-adk/internal/cli/mode_migrate.go:121.3,121.38 1 1
github.com/modu-ai/moai-adk/internal/cli/mode_migrate.go:121.38,123.19 2 1
github.com/modu-ai/moai-adk/internal/cli/mode_migrate.go:123.19,125.5 1 0
github.com/modu-ai/moai-adk/internal/cli/mode_migrate.go:126.4,127.14 2 1
github.com/modu-ai/moai-adk/internal/cli/mode_migrate.go:129.3,129.19 1 1
github.com/modu-ai/moai-adk/internal/cli/mode_migrate.go:129.19,131.4 1 1
github.com/modu-ai/moai-adk/internal/cli/mode_migrate.go:133.3,133.31 1 1
github.com/modu-ai/moai-adk/internal/cli/mode_migrate.go:133.31,135.4 1 0
github.com/modu-ai/moai-adk/internal/cli/mode_migrate.go:136.3,137.32 2 1
github.com/modu-ai/moai-adk/internal/cli/mode_migrate.go:137.32,143.4 1 1
github.com/modu-ai/moai-adk/internal/cli/mode_migrate.go:144.3,144.13 1 1
github.com/modu-ai/moai-adk/internal/cli/mode_migrate.go:146.2,146.20 1 1
github.com/modu-ai/moai-adk/internal/cli/mode_migrate.go:146.20,149.29 1 0
github.com/modu-ai/moai-adk/internal/cli/mode_migrate.go:149.29,151.4 1 0
github.com/modu-ai/moai-adk/internal/cli/mode_migrate.go:152.3,152.73 1 0
github.com/modu-ai/moai-adk/internal/cli/mode_migrate.go:154.2,154.33 1 1
github.com/modu-ai/moai-adk/internal/cli/mode_migrate.go:160.74,163.47 2 1
github.com/modu-ai/moai-adk/internal/cli/mode_migrate.go:163.47,167.3 3 1
github.com/modu-ai/moai-adk/internal/cli/mode_migrate.go:169.2,169.25 1 1
github.com/modu-ai/moai-adk/internal/cli/mode_migrate.go:169.25,171.32 2 1
github.com/modu-ai/moai-adk/internal/cli/mode_migrate.go:171.32,173.4 1 1
github.com/modu-ai/moai-adk/internal/cli/mode_migrate.go:174.3,174.121 1 1
github.com/modu-ai/moai-adk/internal/cli/mode_migrate.go:175.8,177.3 1 1
github.com/modu-ai/moai-adk/internal/cli/mode_migrate.go:179.2,179.28 1 1
github.com/modu-ai/moai-adk/internal/cli/mode_migrate.go:179.28,181.3 1 1
github.com/modu-ai/moai-adk/internal/cli/mode_migrate.go:182.2,182.51 1 1
github.com/modu-ai/moai-adk/internal/cli/mode_migrate.go:193.50,194.31 1 1
github.com/modu-ai/moai-adk/internal/cli/mode_migrate.go:194.31,196.17 2 1
github.com/modu-ai/moai-adk/internal/cli/mode_migrate.go:196.17,198.4 1 0
github.com/modu-ai/moai-adk/internal/cli/mode_migrate.go:203.3,203.74 1 1
github.com/modu-ai/moai-adk/internal/cli/mode_migrate.go:203.74,205.4 1 0
github.com/modu-ai/moai-adk/internal/cli/mode_migrate.go:207.3,207.57 1 1
github.com/modu-ai/moai-adk/internal/cli/mode_migrate.go:207.57,209.4 1 0
github.com/modu-ai/moai-adk/internal/cli/mode_migrate.go:211.2,211.12 1 1
github.com/modu-ai/moai-adk/internal/cli/mode_migrate.go:218.70,220.16 2 1
github.com/modu-ai/moai-adk/internal/cli/mode_migrate.go:220.16,222.3 1 0
github.com/modu-ai/moai-adk/internal/cli/mode_migrate.go:224.2,224.12 1 1
github.com/modu-ai/moai-adk/internal/cli/mode_migrate.go:224.12,227.3 2 1
github.com/modu-ai/moai-adk/internal/cli/mode_migrate.go:229.2,229.26 1 1
github.com/modu-ai/moai-adk/internal/cli/mode_migrate.go:229.26,234.3 2 1
github.com/modu-ai/moai-adk/internal/cli/mode_migrate.go:236.2,236.50 1 1
github.com/modu-ai/moai-adk/internal/cli/mode_migrate.go:236.50,238.3 1 0
github.com/modu-ai/moai-adk/internal/cli/mode_migrate.go:240.2,241.31 2 1
github.com/modu-ai/moai-adk/internal/cli/mode_migrate.go:241.31,243.3 1 1
github.com/modu-ai/moai-adk/internal/cli/mode_migrate.go:244.2,244.28 1 1
github.com/modu-ai/moai-adk/internal/cli/mode_migrate.go:244.28,246.3 1 0
github.com/modu-ai/moai-adk/internal/cli/mode_migrate.go:247.2,247.12 1 1
github.com/modu-ai/moai-adk/internal/cli/model.go:61.35,73.52 1 1
github.com/modu-ai/moai-adk/internal/cli/model.go:73.52,73.73 1 0
github.com/modu-ai/moai-adk/internal/cli/model.go:76.2,83.17 4 1
github.com/modu-ai/moai-adk/internal/cli/model.go:88.73,94.9 3 1
github.com/modu-ai/moai-adk/internal/cli/model.go:94.9,97.3 2 1
github.com/modu-ai/moai-adk/internal/cli/model.go:98.2,98.55 1 1
github.com/modu-ai/moai-adk/internal/cli/model.go:98.55,101.46 3 1
github.com/modu-ai/moai-adk/internal/cli/model.go:101.46,103.4 1 1
github.com/modu-ai/moai-adk/internal/cli/model.go:104.3,110.22 2 1
github.com/modu-ai/moai-adk/internal/cli/model.go:110.22,118.4 2 1
github.com/modu-ai/moai-adk/internal/cli/model.go:119.3,119.41 1 1
github.com/modu-ai/moai-adk/internal/cli/model.go:121.2,121.12 1 1
github.com/modu-ai/moai-adk/internal/cli/model.go:124.60,126.16 2 0
github.com/modu-ai/moai-adk/internal/cli/model.go:126.16,128.3 1 0
github.com/modu-ai/moai-adk/internal/cli/model.go:129.2,130.16 2 0
github.com/modu-ai/moai-adk/internal/cli/model.go:130.16,132.3 1 0
github.com/modu-ai/moai-adk/internal/cli/model.go:133.2,137.12 4 0
github.com/modu-ai/moai-adk/internal/cli/model.go:137.12,141.3 3 0
github.com/modu-ai/moai-adk/internal/cli/model.go:143.2,145.26 3 0
github.com/modu-ai/moai-adk/internal/cli/model.go:145.26,147.32 2 0
github.com/modu-ai/moai-adk/internal/cli/model.go:147.32,149.4 1 0
github.com/modu-ai/moai-adk/internal/cli/model.go:150.8,152.32 2 0
github.com/modu-ai/moai-adk/internal/cli/model.go:152.32,154.4 1 0
github.com/modu-ai/moai-adk/internal/cli/model.go:156.2,157.24 2 0
github.com/modu-ai/moai-adk/internal/cli/model.go:157.24,159.3 1 0
github.com/modu-ai/moai-adk/internal/cli/model.go:160.2,160.12 1 0
github.com/modu-ai/moai-adk/internal/cli/multi_review_gate.go:62.121,64.14 2 1
github.com/modu-ai/moai-adk/internal/cli/multi_review_gate.go:64.14,66.3 1 1
github.com/modu-ai/moai-adk/internal/cli/multi_review_gate.go:67.2,67.42 1 1
github.com/modu-ai/moai-adk/internal/cli/multi_review_gate.go:67.42,69.3 1 1
github.com/modu-ai/moai-adk/internal/cli/multi_review_gate.go:70.2,70.43 1 1
github.com/modu-ai/moai-adk/internal/cli/multi_review_gate.go:70.43,72.3 1 1
github.com/modu-ai/moai-adk/internal/cli/multi_review_gate.go:74.2,75.9 2 1
github.com/modu-ai/moai-adk/internal/cli/multi_review_gate.go:75.9,77.3 1 1
github.com/modu-ai/moai-adk/internal/cli/multi_review_gate.go:83.2,83.49 1 1
github.com/modu-ai/moai-adk/internal/cli/multi_review_gate.go:83.49,88.3 1 1
github.com/modu-ai/moai-adk/internal/cli/multi_review_gate.go:89.2,89.19 1 1
github.com/modu-ai/moai-adk/internal/cli/multi_review_gate.go:96.46,98.16 2 1
github.com/modu-ai/moai-adk/internal/cli/multi_review_gate.go:98.16,100.3 1 0
github.com/modu-ai/moai-adk/internal/cli/multi_review_gate.go:101.2,101.37 1 1
github.com/modu-ai/moai-adk/internal/cli/multi_review_gate.go:110.84,111.41 1 1
github.com/modu-ai/moai-adk/internal/cli/multi_review_gate.go:111.41,113.3 1 0
github.com/modu-ai/moai-adk/internal/cli/multi_review_gate.go:114.2,116.16 3 1
github.com/modu-ai/moai-adk/internal/cli/multi_review_gate.go:116.16,118.3 1 1
github.com/modu-ai/moai-adk/internal/cli/multi_review_gate.go:119.2,120.46 2 1
github.com/modu-ai/moai-adk/internal/cli/multi_review_gate.go:120.46,122.3 1 1
github.com/modu-ai/moai-adk/internal/cli/multi_review_gate.go:123.2,123.16 1 1
github.com/modu-ai/moai-adk/internal/cli/multi_review_gate.go:159.57,160.22 1 1
github.com/modu-ai/moai-adk/internal/cli/multi_review_gate.go:160.22,162.3 1 1
github.com/modu-ai/moai-adk/internal/cli/multi_review_gate.go:163.2,165.16 3 1
github.com/modu-ai/moai-adk/internal/cli/multi_review_gate.go:165.16,167.3 1 1
github.com/modu-ai/moai-adk/internal/cli/multi_review_gate.go:168.2,177.51 2 1
github.com/modu-ai/moai-adk/internal/cli/multi_review_gate.go:177.51,179.3 1 1
github.com/modu-ai/moai-adk/internal/cli/multi_review_gate.go:180.2,180.46 1 1
github.com/modu-ai/moai-adk/internal/cli/multi_review_gate.go:201.63,203.16 2 1
github.com/modu-ai/moai-adk/internal/cli/multi_review_gate.go:203.16,207.3 2 1
github.com/modu-ai/moai-adk/internal/cli/multi_review_gate.go:208.2,211.20 4 1
github.com/modu-ai/moai-adk/internal/cli/multi_review_gate.go:211.20,215.3 2 0
github.com/modu-ai/moai-adk/internal/cli/multi_review_gate.go:216.2,216.16 1 1
github.com/modu-ai/moai-adk/internal/cli/multi_review_gate.go:216.16,218.3 1 0
github.com/modu-ai/moai-adk/internal/cli/multi_review_gate.go:219.2,219.47 1 1
github.com/modu-ai/moai-adk/internal/cli/mx.go:9.32,15.55 1 1
github.com/modu-ai/moai-adk/internal/cli/mx.go:15.55,17.4 1 0
github.com/modu-ai/moai-adk/internal/cli/mx.go:21.2,25.12 3 1
github.com/modu-ai/moai-adk/internal/cli/mx.go:28.13,30.2 1 1
github.com/modu-ai/moai-adk/internal/cli/mx_query.go:18.37,42.55 11 1
github.com/modu-ai/moai-adk/internal/cli/mx_query.go:42.55,45.18 2 1
github.com/modu-ai/moai-adk/internal/cli/mx_query.go:45.18,47.5 1 0
github.com/modu-ai/moai-adk/internal/cli/mx_query.go:50.4,50.18 1 1
github.com/modu-ai/moai-adk/internal/cli/mx_query.go:50.18,57.26 2 1
github.com/modu-ai/moai-adk/internal/cli/mx_query.go:57.26,64.6 2 1
github.com/modu-ai/moai-adk/internal/cli/mx_query.go:68.4,69.19 2 1
github.com/modu-ai/moai-adk/internal/cli/mx_query.go:69.19,71.19 2 0
github.com/modu-ai/moai-adk/internal/cli/mx_query.go:71.19,77.6 1 0
github.com/modu-ai/moai-adk/internal/cli/mx_query.go:78.5,78.23 1 0
github.com/modu-ai/moai-adk/internal/cli/mx_query.go:82.4,83.45 2 1
github.com/modu-ai/moai-adk/internal/cli/mx_query.go:83.45,89.5 1 0
github.com/modu-ai/moai-adk/internal/cli/mx_query.go:90.4,90.20 1 1
github.com/modu-ai/moai-adk/internal/cli/mx_query.go:90.20,92.5 1 0
github.com/modu-ai/moai-adk/internal/cli/mx_query.go:95.4,100.58 4 1
github.com/modu-ai/moai-adk/internal/cli/mx_query.go:100.58,104.5 2 1
github.com/modu-ai/moai-adk/internal/cli/mx_query.go:113.4,114.93 2 1
github.com/modu-ai/moai-adk/internal/cli/mx_query.go:114.93,115.80 1 0
github.com/modu-ai/moai-adk/internal/cli/mx_query.go:115.80,117.6 1 0
github.com/modu-ai/moai-adk/internal/cli/mx_query.go:117.11,117.82 1 0
github.com/modu-ai/moai-adk/internal/cli/mx_query.go:117.82,121.6 1 0
github.com/modu-ai/moai-adk/internal/cli/mx_query.go:126.4,126.56 1 1
github.com/modu-ai/moai-adk/internal/cli/mx_query.go:126.56,128.5 1 1
github.com/modu-ai/moai-adk/internal/cli/mx_query.go:131.4,147.18 8 1
github.com/modu-ai/moai-adk/internal/cli/mx_query.go:147.18,148.17 1 1
github.com/modu-ai/moai-adk/internal/cli/mx_query.go:149.25,150.25 1 0
github.com/modu-ai/moai-adk/internal/cli/mx_query.go:151.25,152.25 1 0
github.com/modu-ai/moai-adk/internal/cli/mx_query.go:153.29,154.27 1 1
github.com/modu-ai/moai-adk/internal/cli/mx_query.go:155.25,156.25 1 0
github.com/modu-ai/moai-adk/internal/cli/mx_query.go:157.29,158.27 1 0
github.com/modu-ai/moai-adk/internal/cli/mx_query.go:159.25,160.25 1 1
github.com/modu-ai/moai-adk/internal/cli/mx_query.go:165.4,182.18 3 1
github.com/modu-ai/moai-adk/internal/cli/mx_query.go:182.18,185.5 2 1
github.com/modu-ai/moai-adk/internal/cli/mx_query.go:188.4,188.18 1 1
github.com/modu-ai/moai-adk/internal/cli/mx_query.go:189.17,190.65 1 1
github.com/modu-ai/moai-adk/internal/cli/mx_query.go:192.20,193.68 1 1
github.com/modu-ai/moai-adk/internal/cli/mx_query.go:195.12,197.19 2 1
github.com/modu-ai/moai-adk/internal/cli/mx_query.go:197.19,199.6 1 0
github.com/modu-ai/moai-adk/internal/cli/mx_query.go:201.5,201.32 1 1
github.com/modu-ai/moai-adk/internal/cli/mx_query.go:201.32,205.6 1 1
github.com/modu-ai/moai-adk/internal/cli/mx_query.go:207.5,207.57 1 1
github.com/modu-ai/moai-adk/internal/cli/mx_query.go:210.4,210.14 1 1
github.com/modu-ai/moai-adk/internal/cli/mx_query.go:215.2,226.12 11 1
github.com/modu-ai/moai-adk/internal/cli/mx_scan.go:25.36,42.55 4 1
github.com/modu-ai/moai-adk/internal/cli/mx_scan.go:42.55,44.18 2 1
github.com/modu-ai/moai-adk/internal/cli/mx_scan.go:44.18,46.5 1 0
github.com/modu-ai/moai-adk/internal/cli/mx_scan.go:48.4,49.21 2 1
github.com/modu-ai/moai-adk/internal/cli/mx_scan.go:49.21,51.19 2 1
github.com/modu-ai/moai-adk/internal/cli/mx_scan.go:51.19,53.6 1 0
github.com/modu-ai/moai-adk/internal/cli/mx_scan.go:58.5,58.143 1 1
github.com/modu-ai/moai-adk/internal/cli/mx_scan.go:58.143,60.6 1 1
github.com/modu-ai/moai-adk/internal/cli/mx_scan.go:61.5,61.19 1 1
github.com/modu-ai/moai-adk/internal/cli/mx_scan.go:64.4,68.18 4 1
github.com/modu-ai/moai-adk/internal/cli/mx_scan.go:68.18,70.5 1 0
github.com/modu-ai/moai-adk/internal/cli/mx_scan.go:73.4,75.27 3 1
github.com/modu-ai/moai-adk/internal/cli/mx_scan.go:75.27,77.34 2 1
github.com/modu-ai/moai-adk/internal/cli/mx_scan.go:77.34,79.6 1 0
github.com/modu-ai/moai-adk/internal/cli/mx_scan.go:82.4,85.14 3 1
github.com/modu-ai/moai-adk/internal/cli/mx_scan.go:85.14,87.15 2 1
github.com/modu-ai/moai-adk/internal/cli/mx_scan.go:87.15,89.6 1 1
github.com/modu-ai/moai-adk/internal/cli/mx_scan.go:90.5,90.15 1 1
github.com/modu-ai/moai-adk/internal/cli/mx_scan.go:93.4,110.45 4 1
github.com/modu-ai/moai-adk/internal/cli/mx_scan.go:110.45,112.5 1 0
github.com/modu-ai/moai-adk/internal/cli/mx_scan.go:114.4,115.14 2 1
github.com/modu-ai/moai-adk/internal/cli/mx_scan.go:115.14,117.5 1 1
github.com/modu-ai/moai-adk/internal/cli/mx_scan.go:120.4,120.58 1 1
github.com/modu-ai/moai-adk/internal/cli/mx_scan.go:120.58,122.29 2 0
github.com/modu-ai/moai-adk/internal/cli/mx_scan.go:122.29,123.38 1 0
github.com/modu-ai/moai-adk/internal/cli/mx_scan.go:123.38,125.12 2 0
github.com/modu-ai/moai-adk/internal/cli/mx_scan.go:127.6,127.45 1 0
github.com/modu-ai/moai-adk/internal/cli/mx_scan.go:130.4,130.62 1 1
github.com/modu-ai/moai-adk/internal/cli/mx_scan.go:130.62,132.5 1 0
github.com/modu-ai/moai-adk/internal/cli/mx_scan.go:134.4,134.14 1 1
github.com/modu-ai/moai-adk/internal/cli/mx_scan.go:138.2,142.12 4 1
github.com/modu-ai/moai-adk/internal/cli/mx_scan.go:146.76,149.26 3 1
github.com/modu-ai/moai-adk/internal/cli/mx_scan.go:149.26,150.28 1 1
github.com/modu-ai/moai-adk/internal/cli/mx_scan.go:150.28,152.4 1 1
github.com/modu-ai/moai-adk/internal/cli/mx_scan.go:154.2,154.17 1 1
github.com/modu-ai/moai-adk/internal/cli/mx_scan.go:154.17,156.3 1 0
github.com/modu-ai/moai-adk/internal/cli/navigator_enrich.go:26.45,43.55 4 1
github.com/modu-ai/moai-adk/internal/cli/navigator_enrich.go:43.55,45.4 1 0
github.com/modu-ai/moai-adk/internal/cli/navigator_enrich.go:48.2,55.12 4 1
github.com/modu-ai/moai-adk/internal/cli/navigator_enrich.go:61.71,63.16 2 1
github.com/modu-ai/moai-adk/internal/cli/navigator_enrich.go:63.16,65.3 1 0
github.com/modu-ai/moai-adk/internal/cli/navigator_enrich.go:66.2,66.16 1 1
github.com/modu-ai/moai-adk/internal/cli/navigator_enrich.go:66.16,69.17 3 0
github.com/modu-ai/moai-adk/internal/cli/navigator_enrich.go:69.17,71.4 1 0
github.com/modu-ai/moai-adk/internal/cli/navigator_enrich.go:74.2,74.22 1 1
github.com/modu-ai/moai-adk/internal/cli/navigator_enrich.go:74.22,76.3 1 1
github.com/modu-ai/moai-adk/internal/cli/navigator_enrich.go:77.2,77.18 1 1
github.com/modu-ai/moai-adk/internal/cli/navigator_enrich.go:77.18,79.3 1 1
github.com/modu-ai/moai-adk/internal/cli/navigator_enrich.go:81.2,84.47 2 1
github.com/modu-ai/moai-adk/internal/cli/navigator_enrich.go:84.47,88.3 3 1
github.com/modu-ai/moai-adk/internal/cli/navigator_enrich.go:90.2,94.16 2 1
github.com/modu-ai/moai-adk/internal/cli/navigator_enrich.go:94.16,98.3 2 0
github.com/modu-ai/moai-adk/internal/cli/navigator_enrich.go:101.2,105.51 4 1
github.com/modu-ai/moai-adk/internal/cli/navigator_enrich.go:105.51,108.3 2 0
github.com/modu-ai/moai-adk/internal/cli/navigator_enrich.go:111.2,111.88 1 1
github.com/modu-ai/moai-adk/internal/cli/navigator_enrich.go:111.88,114.3 2 0
github.com/modu-ai/moai-adk/internal/cli/navigator_enrich.go:115.2,115.90 1 1
github.com/modu-ai/moai-adk/internal/cli/navigator_enrich.go:115.90,118.3 2 0
github.com/modu-ai/moai-adk/internal/cli/navigator_enrich.go:120.2,122.12 2 1
github.com/modu-ai/moai-adk/internal/cli/navigator_enrich.go:129.50,131.55 2 1
github.com/modu-ai/moai-adk/internal/cli/navigator_enrich.go:131.55,133.3 1 0
github.com/modu-ai/moai-adk/internal/cli/navigator_enrich.go:140.2,140.73 1 1
github.com/modu-ai/moai-adk/internal/cli/navigator_enrich.go:140.73,150.35 4 1
github.com/modu-ai/moai-adk/internal/cli/navigator_enrich.go:150.35,151.46 1 1
github.com/modu-ai/moai-adk/internal/cli/navigator_enrich.go:151.46,152.10 1 1
github.com/modu-ai/moai-adk/internal/cli/navigator_enrich.go:154.4,154.32 1 1
github.com/modu-ai/moai-adk/internal/cli/navigator_enrich.go:158.2,158.29 1 1
github.com/modu-ai/moai-adk/internal/cli/navigator_enrich.go:162.35,165.16 3 1
github.com/modu-ai/moai-adk/internal/cli/navigator_enrich.go:165.16,167.3 1 0
github.com/modu-ai/moai-adk/internal/cli/navigator_enrich.go:168.2,168.15 1 1
github.com/modu-ai/moai-adk/internal/cli/navigator_enrich.go:168.15,168.32 1 1
github.com/modu-ai/moai-adk/internal/cli/navigator_enrich.go:169.2,169.30 1 1
github.com/modu-ai/moai-adk/internal/cli/navigator_enrich.go:173.41,175.16 2 1
github.com/modu-ai/moai-adk/internal/cli/navigator_enrich.go:175.16,177.3 1 0
github.com/modu-ai/moai-adk/internal/cli/navigator_enrich.go:178.2,179.16 2 1
github.com/modu-ai/moai-adk/internal/cli/navigator_enrich.go:179.16,181.3 1 0
github.com/modu-ai/moai-adk/internal/cli/navigator_enrich.go:182.2,182.12 1 1
github.com/modu-ai/moai-adk/internal/cli/navigator_fix.go:45.42,73.55 2 1
github.com/modu-ai/moai-adk/internal/cli/navigator_fix.go:73.55,75.24 2 0
github.com/modu-ai/moai-adk/internal/cli/navigator_fix.go:75.24,77.5 1 0
github.com/modu-ai/moai-adk/internal/cli/navigator_fix.go:78.4,78.43 1 0
github.com/modu-ai/moai-adk/internal/cli/navigator_fix.go:82.2,89.12 4 1
github.com/modu-ai/moai-adk/internal/cli/navigator_fix.go:95.57,97.16 2 0
github.com/modu-ai/moai-adk/internal/cli/navigator_fix.go:97.16,99.3 1 0
github.com/modu-ai/moai-adk/internal/cli/navigator_fix.go:100.2,100.16 1 0
github.com/modu-ai/moai-adk/internal/cli/navigator_fix.go:100.16,103.17 3 0
github.com/modu-ai/moai-adk/internal/cli/navigator_fix.go:103.17,105.4 1 0
github.com/modu-ai/moai-adk/internal/cli/navigator_fix.go:107.2,107.52 1 0
github.com/modu-ai/moai-adk/internal/cli/navigator_fix.go:107.52,109.3 1 0
github.com/modu-ai/moai-adk/internal/cli/navigator_fix.go:110.2,110.13 1 0
github.com/modu-ai/moai-adk/internal/cli/navigator_fix.go:117.59,119.47 2 0
github.com/modu-ai/moai-adk/internal/cli/navigator_fix.go:119.47,121.3 1 0
github.com/modu-ai/moai-adk/internal/cli/navigator_fix.go:122.2,122.12 1 0
github.com/modu-ai/moai-adk/internal/cli/navigator_fix.go:136.62,138.16 2 0
github.com/modu-ai/moai-adk/internal/cli/navigator_fix.go:138.16,144.3 2 0
github.com/modu-ai/moai-adk/internal/cli/navigator_fix.go:148.2,148.96 1 0
github.com/modu-ai/moai-adk/internal/cli/navigator_fix.go:148.96,150.3 1 0
github.com/modu-ai/moai-adk/internal/cli/navigator_fix.go:151.2,151.12 1 0
github.com/modu-ai/moai-adk/internal/cli/navigator_route.go:31.44,50.55 2 1
github.com/modu-ai/moai-adk/internal/cli/navigator_route.go:50.55,52.4 1 0
github.com/modu-ai/moai-adk/internal/cli/navigator_route.go:55.2,58.12 2 1
github.com/modu-ai/moai-adk/internal/cli/navigator_route.go:64.50,66.16 2 0
github.com/modu-ai/moai-adk/internal/cli/navigator_route.go:66.16,68.3 1 0
github.com/modu-ai/moai-adk/internal/cli/navigator_route.go:69.2,69.16 1 0
github.com/modu-ai/moai-adk/internal/cli/navigator_route.go:69.16,72.17 3 0
github.com/modu-ai/moai-adk/internal/cli/navigator_route.go:72.17,74.4 1 0
github.com/modu-ai/moai-adk/internal/cli/navigator_route.go:76.2,76.52 1 0
github.com/modu-ai/moai-adk/internal/cli/navigator_route.go:76.52,78.3 1 0
github.com/modu-ai/moai-adk/internal/cli/navigator_route.go:80.2,80.47 1 0
github.com/modu-ai/moai-adk/internal/cli/navigator_route.go:80.47,86.3 1 0
github.com/modu-ai/moai-adk/internal/cli/navigator_route.go:87.2,87.12 1 0
github.com/modu-ai/moai-adk/internal/cli/navigator_sync.go:24.43,44.55 6 1
github.com/modu-ai/moai-adk/internal/cli/navigator_sync.go:44.55,46.4 1 0
github.com/modu-ai/moai-adk/internal/cli/navigator_sync.go:49.2,60.12 6 1
github.com/modu-ai/moai-adk/internal/cli/navigator_sync.go:65.93,67.16 2 1
github.com/modu-ai/moai-adk/internal/cli/navigator_sync.go:67.16,69.3 1 0
github.com/modu-ai/moai-adk/internal/cli/navigator_sync.go:70.2,70.16 1 1
github.com/modu-ai/moai-adk/internal/cli/navigator_sync.go:70.16,73.17 3 0
github.com/modu-ai/moai-adk/internal/cli/navigator_sync.go:73.17,75.4 1 0
github.com/modu-ai/moai-adk/internal/cli/navigator_sync.go:77.2,86.39 3 1
github.com/modu-ai/moai-adk/internal/cli/navigator_sync.go:86.39,88.3 1 0
github.com/modu-ai/moai-adk/internal/cli/navigator_sync.go:89.2,89.12 1 1
github.com/modu-ai/moai-adk/internal/cli/navigator_tiers.go:37.44,55.55 2 1
github.com/modu-ai/moai-adk/internal/cli/navigator_tiers.go:55.55,57.4 1 0
github.com/modu-ai/moai-adk/internal/cli/navigator_tiers.go:60.2,63.12 2 1
github.com/modu-ai/moai-adk/internal/cli/navigator_tiers.go:70.50,72.16 2 1
github.com/modu-ai/moai-adk/internal/cli/navigator_tiers.go:72.16,74.3 1 0
github.com/modu-ai/moai-adk/internal/cli/navigator_tiers.go:75.2,75.16 1 1
github.com/modu-ai/moai-adk/internal/cli/navigator_tiers.go:75.16,78.17 3 0
github.com/modu-ai/moai-adk/internal/cli/navigator_tiers.go:78.17,80.4 1 0
github.com/modu-ai/moai-adk/internal/cli/navigator_tiers.go:82.2,84.43 2 1
github.com/modu-ai/moai-adk/internal/cli/navigator_tiers.go:84.43,90.3 1 0
github.com/modu-ai/moai-adk/internal/cli/navigator_tiers.go:91.2,91.12 1 1
github.com/modu-ai/moai-adk/internal/cli/plan.go:24.34,49.53 4 1
github.com/modu-ai/moai-adk/internal/cli/plan.go:49.53,51.4 1 1
github.com/modu-ai/moai-adk/internal/cli/plan.go:53.2,54.12 2 1
github.com/modu-ai/moai-adk/internal/cli/plan.go:66.82,68.16 2 1
github.com/modu-ai/moai-adk/internal/cli/plan.go:68.16,70.3 1 0
github.com/modu-ai/moai-adk/internal/cli/plan.go:71.2,72.44 2 1
github.com/modu-ai/moai-adk/internal/cli/plan.go:72.44,77.3 2 1
github.com/modu-ai/moai-adk/internal/cli/plan.go:78.2,81.16 3 1
github.com/modu-ai/moai-adk/internal/cli/plan.go:81.16,83.3 1 0
github.com/modu-ai/moai-adk/internal/cli/plan.go:84.2,85.51 2 1
github.com/modu-ai/moai-adk/internal/cli/plan.go:85.51,87.3 1 0
github.com/modu-ai/moai-adk/internal/cli/plan.go:88.2,89.58 2 1
github.com/modu-ai/moai-adk/internal/cli/plan.go:89.58,91.3 1 0
github.com/modu-ai/moai-adk/internal/cli/plan.go:93.2,93.16 1 1
github.com/modu-ai/moai-adk/internal/cli/plan.go:93.16,100.3 1 0
github.com/modu-ai/moai-adk/internal/cli/plan.go:101.2,103.12 2 1
github.com/modu-ai/moai-adk/internal/cli/plan.go:110.51,113.16 3 1
github.com/modu-ai/moai-adk/internal/cli/plan.go:113.16,115.3 1 1
github.com/modu-ai/moai-adk/internal/cli/plan.go:116.2,119.28 4 1
github.com/modu-ai/moai-adk/internal/cli/plan.go:119.28,120.16 1 1
github.com/modu-ai/moai-adk/internal/cli/plan.go:120.16,121.12 1 0
github.com/modu-ai/moai-adk/internal/cli/plan.go:123.3,124.74 2 1
github.com/modu-ai/moai-adk/internal/cli/plan.go:124.74,125.12 1 0
github.com/modu-ai/moai-adk/internal/cli/plan.go:127.3,129.17 3 1
github.com/modu-ai/moai-adk/internal/cli/plan.go:129.17,130.12 1 0
github.com/modu-ai/moai-adk/internal/cli/plan.go:132.3,132.15 1 1
github.com/modu-ai/moai-adk/internal/cli/plan.go:132.15,135.4 2 1
github.com/modu-ai/moai-adk/internal/cli/plan.go:137.2,137.14 1 1
github.com/modu-ai/moai-adk/internal/cli/plan.go:137.14,139.3 1 0
github.com/modu-ai/moai-adk/internal/cli/plan.go:140.2,140.37 1 1
github.com/modu-ai/moai-adk/internal/cli/pr_watch_cmd.go:29.37,51.55 2 1
github.com/modu-ai/moai-adk/internal/cli/pr_watch_cmd.go:51.55,52.19 1 1
github.com/modu-ai/moai-adk/internal/cli/pr_watch_cmd.go:52.19,54.5 1 1
github.com/modu-ai/moai-adk/internal/cli/pr_watch_cmd.go:55.4,55.21 1 1
github.com/modu-ai/moai-adk/internal/cli/pr_watch_cmd.go:55.21,57.5 1 1
github.com/modu-ai/moai-adk/internal/cli/pr_watch_cmd.go:58.4,58.14 1 0
github.com/modu-ai/moai-adk/internal/cli/pr_watch_cmd.go:60.55,62.18 2 0
github.com/modu-ai/moai-adk/internal/cli/pr_watch_cmd.go:62.18,64.5 1 0
github.com/modu-ai/moai-adk/internal/cli/pr_watch_cmd.go:66.4,68.19 2 0
github.com/modu-ai/moai-adk/internal/cli/pr_watch_cmd.go:68.19,70.5 1 0
github.com/modu-ai/moai-adk/internal/cli/pr_watch_cmd.go:72.4,72.20 1 0
github.com/modu-ai/moai-adk/internal/cli/pr_watch_cmd.go:72.20,74.5 1 0
github.com/modu-ai/moai-adk/internal/cli/pr_watch_cmd.go:77.4,80.14 3 0
github.com/modu-ai/moai-adk/internal/cli/pr_watch_cmd.go:84.2,88.12 4 1
github.com/modu-ai/moai-adk/internal/cli/pr_watch_cmd.go:92.46,93.56 1 0
github.com/modu-ai/moai-adk/internal/cli/pr_watch_cmd.go:93.56,94.25 1 0
github.com/modu-ai/moai-adk/internal/cli/pr_watch_cmd.go:94.25,97.4 2 0
github.com/modu-ai/moai-adk/internal/cli/pr_watch_cmd.go:98.3,98.47 1 0
github.com/modu-ai/moai-adk/internal/cli/pr_watch_cmd.go:100.2,101.12 2 0
github.com/modu-ai/moai-adk/internal/cli/pr_watch_cmd.go:105.54,107.62 2 0
github.com/modu-ai/moai-adk/internal/cli/pr_watch_cmd.go:107.62,109.3 1 0
github.com/modu-ai/moai-adk/internal/cli/pr_watch_cmd.go:114.2,121.55 2 0
github.com/modu-ai/moai-adk/internal/cli/pr_watch_cmd.go:124.13,127.2 2 1
github.com/modu-ai/moai-adk/internal/cli/profile.go:50.13,56.2 5 1
github.com/modu-ai/moai-adk/internal/cli/profile.go:59.61,61.11 2 0
github.com/modu-ai/moai-adk/internal/cli/profile.go:61.11,63.3 1 0
github.com/modu-ai/moai-adk/internal/cli/profile.go:64.2,64.19 1 0
github.com/modu-ai/moai-adk/internal/cli/profile.go:75.59,81.2 1 1
github.com/modu-ai/moai-adk/internal/cli/profile.go:83.59,85.23 2 1
github.com/modu-ai/moai-adk/internal/cli/profile.go:85.23,88.3 2 0
github.com/modu-ai/moai-adk/internal/cli/profile.go:89.2,89.28 1 1
github.com/modu-ai/moai-adk/internal/cli/profile.go:89.28,91.16 2 1
github.com/modu-ai/moai-adk/internal/cli/profile.go:91.16,93.4 1 0
github.com/modu-ai/moai-adk/internal/cli/profile.go:94.3,94.66 1 1
github.com/modu-ai/moai-adk/internal/cli/profile.go:96.2,96.12 1 1
github.com/modu-ai/moai-adk/internal/cli/profile.go:99.62,101.50 2 1
github.com/modu-ai/moai-adk/internal/cli/profile.go:101.50,103.3 1 1
github.com/modu-ai/moai-adk/internal/cli/profile.go:104.2,105.12 2 1
github.com/modu-ai/moai-adk/internal/cli/profile.go:108.64,109.48 1 0
github.com/modu-ai/moai-adk/internal/cli/profile.go:109.48,111.3 1 0
github.com/modu-ai/moai-adk/internal/cli/profile.go:112.2,112.12 1 0
github.com/modu-ai/moai-adk/internal/cli/profile_setup.go:36.49,38.2 1 1
github.com/modu-ai/moai-adk/internal/cli/profile_setup.go:47.38,49.13 1 1
github.com/modu-ai/moai-adk/internal/cli/profile_setup.go:49.13,51.3 1 1
github.com/modu-ai/moai-adk/internal/cli/profile_setup.go:52.2,52.58 1 1
github.com/modu-ai/moai-adk/internal/cli/profile_setup.go:52.58,53.17 1 1
github.com/modu-ai/moai-adk/internal/cli/profile_setup.go:53.17,55.4 1 1
github.com/modu-ai/moai-adk/internal/cli/profile_setup.go:58.2,60.19 3 1
github.com/modu-ai/moai-adk/internal/cli/profile_setup.go:60.19,65.57 1 1
github.com/modu-ai/moai-adk/internal/cli/profile_setup.go:65.57,67.4 1 1
github.com/modu-ai/moai-adk/internal/cli/profile_setup.go:69.2,69.18 1 1
github.com/modu-ai/moai-adk/internal/cli/profile_setup.go:69.18,71.3 1 1
github.com/modu-ai/moai-adk/internal/cli/profile_setup.go:72.2,72.23 1 1
github.com/modu-ai/moai-adk/internal/cli/profile_setup.go:81.39,83.54 2 1
github.com/modu-ai/moai-adk/internal/cli/profile_setup.go:83.54,84.16 1 1
github.com/modu-ai/moai-adk/internal/cli/profile_setup.go:84.16,86.4 1 1
github.com/modu-ai/moai-adk/internal/cli/profile_setup.go:88.2,88.14 1 1
github.com/modu-ai/moai-adk/internal/cli/profile_setup.go:95.46,97.43 2 1
github.com/modu-ai/moai-adk/internal/cli/profile_setup.go:97.43,99.3 1 1
github.com/modu-ai/moai-adk/internal/cli/profile_setup.go:100.2,102.19 3 1
github.com/modu-ai/moai-adk/internal/cli/profile_setup.go:102.19,104.3 1 0
github.com/modu-ai/moai-adk/internal/cli/profile_setup.go:105.2,105.23 1 1
github.com/modu-ai/moai-adk/internal/cli/profile_setup.go:124.97,127.15 3 1
github.com/modu-ai/moai-adk/internal/cli/profile_setup.go:127.15,128.58 1 1
github.com/modu-ai/moai-adk/internal/cli/profile_setup.go:128.58,130.4 1 1
github.com/modu-ai/moai-adk/internal/cli/profile_setup.go:132.2,132.25 1 1
github.com/modu-ai/moai-adk/internal/cli/profile_setup.go:132.25,134.3 1 1
github.com/modu-ai/moai-adk/internal/cli/profile_setup.go:135.2,135.13 1 1
github.com/modu-ai/moai-adk/internal/cli/profile_setup.go:143.91,146.16 3 1
github.com/modu-ai/moai-adk/internal/cli/profile_setup.go:146.16,148.3 1 0
github.com/modu-ai/moai-adk/internal/cli/profile_setup.go:149.2,149.79 1 1
github.com/modu-ai/moai-adk/internal/cli/profile_setup.go:160.74,163.16 3 1
github.com/modu-ai/moai-adk/internal/cli/profile_setup.go:163.16,165.3 1 0
github.com/modu-ai/moai-adk/internal/cli/profile_setup.go:167.2,169.69 2 1
github.com/modu-ai/moai-adk/internal/cli/profile_setup.go:169.69,172.60 3 1
github.com/modu-ai/moai-adk/internal/cli/profile_setup.go:172.60,174.4 1 0
github.com/modu-ai/moai-adk/internal/cli/profile_setup.go:175.3,175.17 1 1
github.com/modu-ai/moai-adk/internal/cli/profile_setup.go:178.2,178.68 1 1
github.com/modu-ai/moai-adk/internal/cli/profile_setup.go:178.68,181.62 3 1
github.com/modu-ai/moai-adk/internal/cli/profile_setup.go:181.62,183.4 1 0
github.com/modu-ai/moai-adk/internal/cli/profile_setup.go:184.3,184.17 1 1
github.com/modu-ai/moai-adk/internal/cli/profile_setup.go:187.2,187.13 1 1
github.com/modu-ai/moai-adk/internal/cli/profile_setup.go:187.13,188.36 1 1
github.com/modu-ai/moai-adk/internal/cli/profile_setup.go:188.36,190.4 1 0
github.com/modu-ai/moai-adk/internal/cli/profile_setup.go:192.2,192.12 1 1
github.com/modu-ai/moai-adk/internal/cli/profile_setup.go:217.13,219.2 1 1
github.com/modu-ai/moai-adk/internal/cli/profile_setup.go:240.69,246.18 3 0
github.com/modu-ai/moai-adk/internal/cli/profile_setup.go:246.18,250.44 2 0
github.com/modu-ai/moai-adk/internal/cli/profile_setup.go:250.44,257.4 1 0
github.com/modu-ai/moai-adk/internal/cli/profile_setup.go:259.2,259.15 1 0
github.com/modu-ai/moai-adk/internal/cli/profile_setup.go:259.15,261.3 1 0
github.com/modu-ai/moai-adk/internal/cli/profile_setup.go:263.2,264.19 2 0
github.com/modu-ai/moai-adk/internal/cli/profile_setup.go:264.19,266.3 1 0
github.com/modu-ai/moai-adk/internal/cli/profile_setup.go:269.2,270.16 2 0
github.com/modu-ai/moai-adk/internal/cli/profile_setup.go:270.16,272.3 1 0
github.com/modu-ai/moai-adk/internal/cli/profile_setup.go:275.2,278.20 3 0
github.com/modu-ai/moai-adk/internal/cli/profile_setup.go:278.20,280.3 1 0
github.com/modu-ai/moai-adk/internal/cli/profile_setup.go:281.2,282.25 2 0
github.com/modu-ai/moai-adk/internal/cli/profile_setup.go:282.25,284.3 1 0
github.com/modu-ai/moai-adk/internal/cli/profile_setup.go:285.2,286.27 2 0
github.com/modu-ai/moai-adk/internal/cli/profile_setup.go:286.27,288.3 1 0
github.com/modu-ai/moai-adk/internal/cli/profile_setup.go:289.2,290.19 2 0
github.com/modu-ai/moai-adk/internal/cli/profile_setup.go:290.19,292.3 1 0
github.com/modu-ai/moai-adk/internal/cli/profile_setup.go:295.2,300.26 5 0
github.com/modu-ai/moai-adk/internal/cli/profile_setup.go:300.26,302.3 1 0
github.com/modu-ai/moai-adk/internal/cli/profile_setup.go:310.2,311.40 2 0
github.com/modu-ai/moai-adk/internal/cli/profile_setup.go:311.40,312.92 1 0
github.com/modu-ai/moai-adk/internal/cli/profile_setup.go:312.92,313.71 1 0
github.com/modu-ai/moai-adk/internal/cli/profile_setup.go:313.71,315.5 1 0
github.com/modu-ai/moai-adk/internal/cli/profile_setup.go:320.2,337.39 3 0
github.com/modu-ai/moai-adk/internal/cli/profile_setup.go:337.39,338.41 1 0
github.com/modu-ai/moai-adk/internal/cli/profile_setup.go:338.41,341.4 2 0
github.com/modu-ai/moai-adk/internal/cli/profile_setup.go:342.3,342.45 1 0
github.com/modu-ai/moai-adk/internal/cli/profile_setup.go:346.2,444.35 4 0
github.com/modu-ai/moai-adk/internal/cli/profile_setup.go:444.35,445.41 1 0
github.com/modu-ai/moai-adk/internal/cli/profile_setup.go:445.41,448.4 2 0
github.com/modu-ai/moai-adk/internal/cli/profile_setup.go:449.3,449.45 1 0
github.com/modu-ai/moai-adk/internal/cli/profile_setup.go:456.2,456.45 1 0
github.com/modu-ai/moai-adk/internal/cli/profile_setup.go:456.45,459.3 2 0
github.com/modu-ai/moai-adk/internal/cli/profile_setup.go:469.2,489.69 2 0
github.com/modu-ai/moai-adk/internal/cli/profile_setup.go:489.69,491.3 1 0
github.com/modu-ai/moai-adk/internal/cli/profile_setup.go:496.2,497.40 2 0
github.com/modu-ai/moai-adk/internal/cli/profile_setup.go:497.40,499.64 2 0
github.com/modu-ai/moai-adk/internal/cli/profile_setup.go:499.64,509.70 3 0
github.com/modu-ai/moai-adk/internal/cli/profile_setup.go:509.70,511.5 1 0
github.com/modu-ai/moai-adk/internal/cli/profile_setup.go:511.10,513.5 1 0
github.com/modu-ai/moai-adk/internal/cli/profile_setup.go:520.4,520.73 1 0
github.com/modu-ai/moai-adk/internal/cli/profile_setup.go:520.73,522.5 1 0
github.com/modu-ai/moai-adk/internal/cli/profile_setup.go:526.2,532.12 3 0
github.com/modu-ai/moai-adk/internal/cli/profile_setup.go:537.123,562.29 2 1
github.com/modu-ai/moai-adk/internal/cli/profile_setup.go:562.29,567.3 3 1
github.com/modu-ai/moai-adk/internal/cli/profile_setup.go:567.8,569.3 1 1
github.com/modu-ai/moai-adk/internal/cli/profile_setup.go:574.35,575.13 1 1
github.com/modu-ai/moai-adk/internal/cli/profile_setup.go:575.13,577.3 1 1
github.com/modu-ai/moai-adk/internal/cli/profile_setup.go:578.2,578.10 1 1
github.com/modu-ai/moai-adk/internal/cli/profile_setup.go:583.48,584.13 1 1
github.com/modu-ai/moai-adk/internal/cli/profile_setup.go:584.13,586.3 1 1
github.com/modu-ai/moai-adk/internal/cli/profile_setup.go:587.2,587.10 1 1
github.com/modu-ai/moai-adk/internal/cli/profile_setup_translations.go:590.51,591.42 1 1
github.com/modu-ai/moai-adk/internal/cli/profile_setup_translations.go:591.42,593.3 1 1
github.com/modu-ai/moai-adk/internal/cli/profile_setup_translations.go:594.2,594.32 1 1
github.com/modu-ai/moai-adk/internal/cli/reporter.go:33.61,35.2 1 1
github.com/modu-ai/moai-adk/internal/cli/reporter.go:42.61,44.2 1 1
github.com/modu-ai/moai-adk/internal/cli/reporter.go:46.59,48.19 2 1
github.com/modu-ai/moai-adk/internal/cli/reporter.go:48.19,50.3 1 1
github.com/modu-ai/moai-adk/internal/cli/reporter.go:51.2,51.18 1 1
github.com/modu-ai/moai-adk/internal/cli/reporter.go:51.18,54.3 2 1
github.com/modu-ai/moai-adk/internal/cli/reporter.go:55.2,55.34 1 1
github.com/modu-ai/moai-adk/internal/cli/reporter.go:58.54,59.18 1 1
github.com/modu-ai/moai-adk/internal/cli/reporter.go:59.18,60.20 1 1
github.com/modu-ai/moai-adk/internal/cli/reporter.go:60.20,63.4 2 1
github.com/modu-ai/moai-adk/internal/cli/reporter.go:64.3,65.9 2 1
github.com/modu-ai/moai-adk/internal/cli/reporter.go:67.2,67.19 1 1
github.com/modu-ai/moai-adk/internal/cli/reporter.go:67.19,70.3 2 1
github.com/modu-ai/moai-adk/internal/cli/reporter.go:71.2,71.30 1 1
github.com/modu-ai/moai-adk/internal/cli/reporter.go:74.56,75.18 1 1
github.com/modu-ai/moai-adk/internal/cli/reporter.go:75.18,76.20 1 1
github.com/modu-ai/moai-adk/internal/cli/reporter.go:76.20,77.21 1 1
github.com/modu-ai/moai-adk/internal/cli/reporter.go:77.21,79.5 1 1
github.com/modu-ai/moai-adk/internal/cli/reporter.go:80.4,80.10 1 1
github.com/modu-ai/moai-adk/internal/cli/reporter.go:82.3,82.20 1 1
github.com/modu-ai/moai-adk/internal/cli/reporter.go:82.20,84.4 1 0
github.com/modu-ai/moai-adk/internal/cli/reporter.go:85.3,87.9 3 1
github.com/modu-ai/moai-adk/internal/cli/reporter.go:89.2,89.19 1 1
github.com/modu-ai/moai-adk/internal/cli/reporter.go:89.19,90.20 1 1
github.com/modu-ai/moai-adk/internal/cli/reporter.go:90.20,92.4 1 1
github.com/modu-ai/moai-adk/internal/cli/reporter.go:93.3,93.9 1 1
github.com/modu-ai/moai-adk/internal/cli/reporter.go:95.2,95.19 1 1
github.com/modu-ai/moai-adk/internal/cli/reporter.go:95.19,97.3 1 1
github.com/modu-ai/moai-adk/internal/cli/reporter.go:98.2,99.14 2 1
github.com/modu-ai/moai-adk/internal/cli/reporter.go:102.48,103.18 1 1
github.com/modu-ai/moai-adk/internal/cli/reporter.go:103.18,104.20 1 1
github.com/modu-ai/moai-adk/internal/cli/reporter.go:104.20,107.4 2 1
github.com/modu-ai/moai-adk/internal/cli/reporter.go:108.3,110.9 3 1
github.com/modu-ai/moai-adk/internal/cli/reporter.go:112.2,112.19 1 1
github.com/modu-ai/moai-adk/internal/cli/reporter.go:112.19,115.3 2 1
github.com/modu-ai/moai-adk/internal/cli/reporter.go:116.2,117.14 2 1
github.com/modu-ai/moai-adk/internal/cli/research.go:19.38,30.2 5 1
github.com/modu-ai/moai-adk/internal/cli/research.go:33.44,37.52 1 1
github.com/modu-ai/moai-adk/internal/cli/research.go:37.52,39.18 2 0
github.com/modu-ai/moai-adk/internal/cli/research.go:39.18,41.5 1 0
github.com/modu-ai/moai-adk/internal/cli/research.go:42.4,42.52 1 0
github.com/modu-ai/moai-adk/internal/cli/research.go:48.62,50.56 2 1
github.com/modu-ai/moai-adk/internal/cli/research.go:50.56,53.3 2 1
github.com/modu-ai/moai-adk/internal/cli/research.go:56.2,71.12 9 1
github.com/modu-ai/moai-adk/internal/cli/research.go:75.46,79.52 1 1
github.com/modu-ai/moai-adk/internal/cli/research.go:79.52,82.4 2 1
github.com/modu-ai/moai-adk/internal/cli/research.go:87.42,91.52 1 1
github.com/modu-ai/moai-adk/internal/cli/research.go:91.52,93.18 2 0
github.com/modu-ai/moai-adk/internal/cli/research.go:93.18,95.5 1 0
github.com/modu-ai/moai-adk/internal/cli/research.go:96.4,96.50 1 0
github.com/modu-ai/moai-adk/internal/cli/research.go:102.60,105.35 3 1
github.com/modu-ai/moai-adk/internal/cli/research.go:105.35,108.3 2 1
github.com/modu-ai/moai-adk/internal/cli/research.go:110.2,111.26 2 1
github.com/modu-ai/moai-adk/internal/cli/research.go:111.26,114.20 2 1
github.com/modu-ai/moai-adk/internal/cli/research.go:114.20,116.4 1 0
github.com/modu-ai/moai-adk/internal/cli/research.go:117.3,117.39 1 1
github.com/modu-ai/moai-adk/internal/cli/research.go:119.2,119.12 1 1
github.com/modu-ai/moai-adk/internal/cli/research.go:123.50,125.81 2 1
github.com/modu-ai/moai-adk/internal/cli/research.go:125.81,126.17 1 1
github.com/modu-ai/moai-adk/internal/cli/research.go:126.17,128.4 1 1
github.com/modu-ai/moai-adk/internal/cli/research.go:129.3,129.62 1 1
github.com/modu-ai/moai-adk/internal/cli/research.go:129.62,131.4 1 1
github.com/modu-ai/moai-adk/internal/cli/research.go:132.3,132.13 1 1
github.com/modu-ai/moai-adk/internal/cli/research.go:134.2,134.16 1 1
github.com/modu-ai/moai-adk/internal/cli/research.go:134.16,136.3 1 1
github.com/modu-ai/moai-adk/internal/cli/research.go:137.2,137.21 1 1
github.com/modu-ai/moai-adk/internal/cli/research.go:141.37,143.16 2 1
github.com/modu-ai/moai-adk/internal/cli/research.go:143.16,145.3 1 1
github.com/modu-ai/moai-adk/internal/cli/research.go:146.2,146.19 1 0
github.com/modu-ai/moai-adk/internal/cli/research.go:149.13,151.2 1 1
github.com/modu-ai/moai-adk/internal/cli/root.go:29.47,32.3 2 0
github.com/modu-ai/moai-adk/internal/cli/root.go:68.22,76.29 4 1
github.com/modu-ai/moai-adk/internal/cli/root.go:76.29,78.3 1 1
github.com/modu-ai/moai-adk/internal/cli/root.go:81.2,82.51 2 1
github.com/modu-ai/moai-adk/internal/cli/root.go:91.65,93.2 1 1
github.com/modu-ai/moai-adk/internal/cli/root.go:97.43,98.27 1 1
github.com/modu-ai/moai-adk/internal/cli/root.go:98.27,99.34 1 1
github.com/modu-ai/moai-adk/internal/cli/root.go:99.34,100.28 1 1
github.com/modu-ai/moai-adk/internal/cli/root.go:100.28,102.5 1 1
github.com/modu-ai/moai-adk/internal/cli/root.go:103.4,103.12 1 1
github.com/modu-ai/moai-adk/internal/cli/root.go:106.3,106.30 1 1
github.com/modu-ai/moai-adk/internal/cli/root.go:108.2,108.14 1 1
github.com/modu-ai/moai-adk/internal/cli/root.go:111.13,127.89 4 1
github.com/modu-ai/moai-adk/internal/cli/root.go:127.89,128.18 1 1
github.com/modu-ai/moai-adk/internal/cli/root.go:128.18,130.4 1 1
github.com/modu-ai/moai-adk/internal/cli/root.go:131.3,132.17 2 1
github.com/modu-ai/moai-adk/internal/cli/root.go:132.17,134.4 1 0
github.com/modu-ai/moai-adk/internal/cli/root.go:135.3,135.45 1 1
github.com/modu-ai/moai-adk/internal/cli/root.go:135.45,137.4 1 0
github.com/modu-ai/moai-adk/internal/cli/root.go:138.3,139.13 2 1
github.com/modu-ai/moai-adk/internal/cli/root.go:143.2,260.38 27 1
github.com/modu-ai/moai-adk/internal/cli/schema_bridge.go:29.57,29.128 1 1
github.com/modu-ai/moai-adk/internal/cli/schema_bridge.go:31.65,31.140 1 1
github.com/modu-ai/moai-adk/internal/cli/schema_bridge.go:32.63,34.3 1 1
github.com/modu-ai/moai-adk/internal/cli/schema_bridge.go:35.65,37.3 1 1
github.com/modu-ai/moai-adk/internal/cli/schema_bridge.go:38.56,38.125 1 1
github.com/modu-ai/moai-adk/internal/cli/schema_bridge.go:40.53,42.3 1 1
github.com/modu-ai/moai-adk/internal/cli/schema_bridge.go:43.60,43.137 1 0
github.com/modu-ai/moai-adk/internal/cli/schema_bridge.go:44.60,44.137 1 1
github.com/modu-ai/moai-adk/internal/cli/schema_bridge.go:45.63,47.3 1 1
github.com/modu-ai/moai-adk/internal/cli/schema_bridge.go:49.64,51.3 1 1
github.com/modu-ai/moai-adk/internal/cli/schema_bridge.go:53.64,55.3 1 1
github.com/modu-ai/moai-adk/internal/cli/schema_bridge.go:56.76,58.3 1 1
github.com/modu-ai/moai-adk/internal/cli/schema_bridge.go:59.71,61.3 1 1
github.com/modu-ai/moai-adk/internal/cli/schema_bridge.go:62.92,64.3 1 1
github.com/modu-ai/moai-adk/internal/cli/schema_bridge.go:66.62,68.3 1 1
github.com/modu-ai/moai-adk/internal/cli/schema_bridge.go:69.85,71.3 1 1
github.com/modu-ai/moai-adk/internal/cli/schema_bridge.go:72.98,74.3 1 1
github.com/modu-ai/moai-adk/internal/cli/schema_bridge.go:75.89,77.3 1 1
github.com/modu-ai/moai-adk/internal/cli/schema_bridge.go:78.89,80.3 1 1
github.com/modu-ai/moai-adk/internal/cli/schema_bridge.go:86.57,86.85 1 1
github.com/modu-ai/moai-adk/internal/cli/schema_bridge.go:87.57,87.90 1 1
github.com/modu-ai/moai-adk/internal/cli/schema_bridge.go:88.57,88.84 1 1
github.com/modu-ai/moai-adk/internal/cli/schema_bridge.go:89.57,89.86 1 1
github.com/modu-ai/moai-adk/internal/cli/schema_bridge.go:90.57,90.91 1 1
github.com/modu-ai/moai-adk/internal/cli/schema_bridge.go:91.57,91.86 1 1
github.com/modu-ai/moai-adk/internal/cli/schema_bridge.go:92.57,92.86 1 1
github.com/modu-ai/moai-adk/internal/cli/schema_bridge.go:93.57,93.88 1 1
github.com/modu-ai/moai-adk/internal/cli/schema_bridge.go:94.57,94.82 1 1
github.com/modu-ai/moai-adk/internal/cli/schema_bridge.go:95.57,95.88 1 1
github.com/modu-ai/moai-adk/internal/cli/schema_bridge.go:96.57,96.79 1 1
github.com/modu-ai/moai-adk/internal/cli/schema_bridge.go:97.57,97.88 1 1
github.com/modu-ai/moai-adk/internal/cli/schema_bridge.go:98.57,98.81 1 1
github.com/modu-ai/moai-adk/internal/cli/schema_bridge.go:99.57,99.84 1 1
github.com/modu-ai/moai-adk/internal/cli/schema_bridge.go:100.57,100.84 1 1
github.com/modu-ai/moai-adk/internal/cli/schema_bridge.go:101.57,101.85 1 1
github.com/modu-ai/moai-adk/internal/cli/schema_bridge.go:123.60,123.82 1 0
github.com/modu-ai/moai-adk/internal/cli/schema_bridge.go:124.60,124.84 1 1
github.com/modu-ai/moai-adk/internal/cli/schema_bridge.go:125.60,125.84 1 0
github.com/modu-ai/moai-adk/internal/cli/schema_bridge.go:126.60,126.86 1 1
github.com/modu-ai/moai-adk/internal/cli/schema_bridge.go:127.60,127.83 1 0
github.com/modu-ai/moai-adk/internal/cli/schema_bridge.go:128.60,128.85 1 1
github.com/modu-ai/moai-adk/internal/cli/schema_bridge.go:129.60,129.83 1 1
github.com/modu-ai/moai-adk/internal/cli/schema_bridge.go:130.60,130.86 1 0
github.com/modu-ai/moai-adk/internal/cli/schema_bridge.go:132.63,132.90 1 1
github.com/modu-ai/moai-adk/internal/cli/schema_bridge.go:133.63,133.93 1 1
github.com/modu-ai/moai-adk/internal/cli/schema_bridge.go:134.63,134.91 1 1
github.com/modu-ai/moai-adk/internal/cli/schema_bridge.go:135.63,135.92 1 1
github.com/modu-ai/moai-adk/internal/cli/schema_bridge.go:136.63,136.90 1 1
github.com/modu-ai/moai-adk/internal/cli/schema_bridge.go:138.77,138.105 1 1
github.com/modu-ai/moai-adk/internal/cli/schema_bridge.go:139.77,139.98 1 1
github.com/modu-ai/moai-adk/internal/cli/schema_bridge.go:140.77,140.101 1 1
github.com/modu-ai/moai-adk/internal/cli/schema_bridge.go:141.77,141.98 1 1
github.com/modu-ai/moai-adk/internal/cli/schema_bridge.go:142.77,142.100 1 1
github.com/modu-ai/moai-adk/internal/cli/schema_bridge.go:143.77,143.101 1 1
github.com/modu-ai/moai-adk/internal/cli/schema_bridge.go:145.64,145.95 1 1
github.com/modu-ai/moai-adk/internal/cli/schema_bridge.go:146.64,146.95 1 1
github.com/modu-ai/moai-adk/internal/cli/schema_bridge.go:152.70,153.49 1 1
github.com/modu-ai/moai-adk/internal/cli/schema_bridge.go:153.49,154.34 1 1
github.com/modu-ai/moai-adk/internal/cli/schema_bridge.go:154.34,156.4 1 1
github.com/modu-ai/moai-adk/internal/cli/schema_bridge.go:158.2,158.16 1 0
github.com/modu-ai/moai-adk/internal/cli/schema_bridge.go:165.13,166.83 1 1
github.com/modu-ai/moai-adk/internal/cli/schema_bridge.go:166.83,168.49 2 1
github.com/modu-ai/moai-adk/internal/cli/schema_bridge.go:168.49,170.4 1 1
github.com/modu-ai/moai-adk/internal/cli/schema_bridge.go:171.3,171.51 1 1
github.com/modu-ai/moai-adk/internal/cli/schema_bridge.go:171.51,173.4 1 1
github.com/modu-ai/moai-adk/internal/cli/schema_bridge.go:174.3,174.33 1 1
github.com/modu-ai/moai-adk/internal/cli/session.go:31.37,62.2 9 1
github.com/modu-ai/moai-adk/internal/cli/session.go:64.45,70.55 2 1
github.com/modu-ai/moai-adk/internal/cli/session.go:70.55,76.76 3 1
github.com/modu-ai/moai-adk/internal/cli/session.go:76.76,78.5 1 0
github.com/modu-ai/moai-adk/internal/cli/session.go:79.4,84.6 1 1
github.com/modu-ai/moai-adk/internal/cli/session.go:87.2,88.12 2 1
github.com/modu-ai/moai-adk/internal/cli/session.go:91.46,97.55 2 1
github.com/modu-ai/moai-adk/internal/cli/session.go:97.55,99.55 2 1
github.com/modu-ai/moai-adk/internal/cli/session.go:99.55,101.5 1 0
github.com/modu-ai/moai-adk/internal/cli/session.go:102.4,105.6 1 1
github.com/modu-ai/moai-adk/internal/cli/session.go:108.2,109.12 2 1
github.com/modu-ai/moai-adk/internal/cli/session.go:112.47,118.55 2 1
github.com/modu-ai/moai-adk/internal/cli/session.go:118.55,120.63 2 1
github.com/modu-ai/moai-adk/internal/cli/session.go:120.63,122.5 1 0
github.com/modu-ai/moai-adk/internal/cli/session.go:123.4,126.6 1 1
github.com/modu-ai/moai-adk/internal/cli/session.go:129.2,130.12 2 1
github.com/modu-ai/moai-adk/internal/cli/session.go:133.41,140.55 3 1
github.com/modu-ai/moai-adk/internal/cli/session.go:140.55,146.18 3 1
github.com/modu-ai/moai-adk/internal/cli/session.go:146.18,148.5 1 0
github.com/modu-ai/moai-adk/internal/cli/session.go:149.4,149.18 1 1
github.com/modu-ai/moai-adk/internal/cli/session.go:149.18,151.19 2 1
github.com/modu-ai/moai-adk/internal/cli/session.go:151.19,153.6 1 0
github.com/modu-ai/moai-adk/internal/cli/session.go:154.5,155.15 2 1
github.com/modu-ai/moai-adk/internal/cli/session.go:157.4,157.25 1 1
github.com/modu-ai/moai-adk/internal/cli/session.go:157.25,160.5 2 1
github.com/modu-ai/moai-adk/internal/cli/session.go:161.4,161.30 1 1
github.com/modu-ai/moai-adk/internal/cli/session.go:161.30,169.5 1 1
github.com/modu-ai/moai-adk/internal/cli/session.go:170.4,170.14 1 1
github.com/modu-ai/moai-adk/internal/cli/session.go:173.2,175.12 3 1
github.com/modu-ai/moai-adk/internal/cli/session.go:178.42,185.55 3 1
github.com/modu-ai/moai-adk/internal/cli/session.go:185.55,187.18 2 1
github.com/modu-ai/moai-adk/internal/cli/session.go:187.18,189.5 1 0
github.com/modu-ai/moai-adk/internal/cli/session.go:190.4,194.6 1 1
github.com/modu-ai/moai-adk/internal/cli/session.go:197.2,199.12 3 1
github.com/modu-ai/moai-adk/internal/cli/session.go:234.63,236.81 1 1
github.com/modu-ai/moai-adk/internal/cli/session.go:236.81,238.3 1 1
github.com/modu-ai/moai-adk/internal/cli/session.go:240.2,240.57 1 1
github.com/modu-ai/moai-adk/internal/cli/session.go:240.57,242.52 2 1
github.com/modu-ai/moai-adk/internal/cli/session.go:242.52,243.55 1 1
github.com/modu-ai/moai-adk/internal/cli/session.go:243.55,245.5 1 1
github.com/modu-ai/moai-adk/internal/cli/session.go:249.2,249.54 1 1
github.com/modu-ai/moai-adk/internal/cli/session.go:256.57,258.2 1 1
github.com/modu-ai/moai-adk/internal/cli/session.go:264.33,265.55 1 1
github.com/modu-ai/moai-adk/internal/cli/session.go:265.55,267.3 1 1
github.com/modu-ai/moai-adk/internal/cli/session.go:268.2,268.40 1 1
github.com/modu-ai/moai-adk/internal/cli/session.go:268.40,270.3 1 1
github.com/modu-ai/moai-adk/internal/cli/session.go:271.2,271.11 1 0
github.com/modu-ai/moai-adk/internal/cli/session.go:281.44,309.55 3 1
github.com/modu-ai/moai-adk/internal/cli/session.go:309.55,311.20 1 1
github.com/modu-ai/moai-adk/internal/cli/session.go:311.20,312.19 1 1
github.com/modu-ai/moai-adk/internal/cli/session.go:312.19,320.6 1 0
github.com/modu-ai/moai-adk/internal/cli/session.go:321.5,322.15 2 1
github.com/modu-ai/moai-adk/internal/cli/session.go:325.4,326.18 2 1
github.com/modu-ai/moai-adk/internal/cli/session.go:326.18,334.5 1 1
github.com/modu-ai/moai-adk/internal/cli/session.go:335.4,336.18 2 1
github.com/modu-ai/moai-adk/internal/cli/session.go:336.18,342.5 1 1
github.com/modu-ai/moai-adk/internal/cli/session.go:343.4,343.14 1 1
github.com/modu-ai/moai-adk/internal/cli/session.go:346.2,348.12 3 1
github.com/modu-ai/moai-adk/internal/cli/session.go:354.34,360.2 1 1
github.com/modu-ai/moai-adk/internal/cli/session.go:367.43,385.55 2 1
github.com/modu-ai/moai-adk/internal/cli/session.go:385.55,388.24 3 1
github.com/modu-ai/moai-adk/internal/cli/session.go:388.24,390.5 1 1
github.com/modu-ai/moai-adk/internal/cli/session.go:391.4,396.23 5 1
github.com/modu-ai/moai-adk/internal/cli/session.go:396.23,398.5 1 1
github.com/modu-ai/moai-adk/internal/cli/session.go:400.4,414.23 3 1
github.com/modu-ai/moai-adk/internal/cli/session.go:414.23,416.5 1 0
github.com/modu-ai/moai-adk/internal/cli/session.go:418.4,418.18 1 1
github.com/modu-ai/moai-adk/internal/cli/session.go:418.18,420.5 1 1
github.com/modu-ai/moai-adk/internal/cli/session.go:423.4,425.22 3 1
github.com/modu-ai/moai-adk/internal/cli/session.go:425.22,427.5 1 0
github.com/modu-ai/moai-adk/internal/cli/session.go:427.10,429.5 1 1
github.com/modu-ai/moai-adk/internal/cli/session.go:430.4,431.33 2 1
github.com/modu-ai/moai-adk/internal/cli/session.go:431.33,433.5 1 1
github.com/modu-ai/moai-adk/internal/cli/session.go:434.4,434.54 1 1
github.com/modu-ai/moai-adk/internal/cli/session.go:434.54,436.5 1 1
github.com/modu-ai/moai-adk/internal/cli/session.go:436.10,438.5 1 0
github.com/modu-ai/moai-adk/internal/cli/session.go:439.4,440.14 2 1
github.com/modu-ai/moai-adk/internal/cli/session.go:443.2,444.12 2 1
github.com/modu-ai/moai-adk/internal/cli/session.go:450.80,451.16 1 1
github.com/modu-ai/moai-adk/internal/cli/session.go:451.16,453.17 2 1
github.com/modu-ai/moai-adk/internal/cli/session.go:453.17,455.4 1 0
github.com/modu-ai/moai-adk/internal/cli/session.go:456.3,457.13 2 1
github.com/modu-ai/moai-adk/internal/cli/session.go:459.2,460.28 2 1
github.com/modu-ai/moai-adk/internal/cli/session.go:460.28,462.3 1 1
github.com/modu-ai/moai-adk/internal/cli/session.go:463.2,464.12 2 1
github.com/modu-ai/moai-adk/internal/cli/session.go:468.32,469.18 1 1
github.com/modu-ai/moai-adk/internal/cli/session.go:469.18,471.3 1 1
github.com/modu-ai/moai-adk/internal/cli/session.go:472.2,472.15 1 1
github.com/modu-ai/moai-adk/internal/cli/session.go:475.13,478.2 1 1
github.com/modu-ai/moai-adk/internal/cli/session_worktree.go:67.59,69.3 1 1
github.com/modu-ai/moai-adk/internal/cli/session_worktree.go:157.88,158.41 1 1
github.com/modu-ai/moai-adk/internal/cli/session_worktree.go:158.41,162.3 1 1
github.com/modu-ai/moai-adk/internal/cli/session_worktree.go:163.2,163.36 1 1
github.com/modu-ai/moai-adk/internal/cli/session_worktree.go:163.36,167.3 2 1
github.com/modu-ai/moai-adk/internal/cli/session_worktree.go:168.2,170.16 3 1
github.com/modu-ai/moai-adk/internal/cli/session_worktree.go:170.16,176.3 2 1
github.com/modu-ai/moai-adk/internal/cli/session_worktree.go:177.2,178.15 2 1
github.com/modu-ai/moai-adk/internal/cli/session_worktree.go:184.58,186.2 1 1
github.com/modu-ai/moai-adk/internal/cli/session_worktree.go:197.79,199.16 2 1
github.com/modu-ai/moai-adk/internal/cli/session_worktree.go:199.16,201.3 1 1
github.com/modu-ai/moai-adk/internal/cli/session_worktree.go:206.2,216.56 4 1
github.com/modu-ai/moai-adk/internal/cli/session_worktree.go:216.56,218.3 1 1
github.com/modu-ai/moai-adk/internal/cli/session_worktree.go:220.2,221.16 2 1
github.com/modu-ai/moai-adk/internal/cli/session_worktree.go:221.16,223.3 1 1
github.com/modu-ai/moai-adk/internal/cli/session_worktree.go:230.2,238.20 3 1
github.com/modu-ai/moai-adk/internal/cli/session_worktree.go:249.64,251.16 2 1
github.com/modu-ai/moai-adk/internal/cli/session_worktree.go:251.16,253.3 1 1
github.com/modu-ai/moai-adk/internal/cli/session_worktree.go:254.2,254.13 1 1
github.com/modu-ai/moai-adk/internal/cli/session_worktree.go:259.71,262.50 3 1
github.com/modu-ai/moai-adk/internal/cli/session_worktree.go:262.50,266.3 1 0
github.com/modu-ai/moai-adk/internal/cli/session_worktree.go:267.2,268.16 2 1
github.com/modu-ai/moai-adk/internal/cli/session_worktree.go:268.16,270.3 1 0
github.com/modu-ai/moai-adk/internal/cli/session_worktree.go:271.2,271.17 1 1
github.com/modu-ai/moai-adk/internal/cli/session_worktree.go:277.31,280.32 3 0
github.com/modu-ai/moai-adk/internal/cli/session_worktree.go:280.32,282.3 1 0
github.com/modu-ai/moai-adk/internal/cli/session_worktree.go:283.2,283.82 1 0
github.com/modu-ai/moai-adk/internal/cli/session_worktree.go:289.39,291.8 2 1
github.com/modu-ai/moai-adk/internal/cli/session_worktree.go:291.8,293.19 2 1
github.com/modu-ai/moai-adk/internal/cli/session_worktree.go:293.19,295.4 1 1
github.com/modu-ai/moai-adk/internal/cli/session_worktree.go:296.3,296.15 1 1
github.com/modu-ai/moai-adk/internal/cli/session_worktree.go:296.15,298.4 1 1
github.com/modu-ai/moai-adk/internal/cli/session_worktree.go:301.2,302.43 2 1
github.com/modu-ai/moai-adk/internal/cli/session_worktree.go:302.43,306.3 1 0
github.com/modu-ai/moai-adk/internal/cli/session_worktree.go:307.2,307.33 1 1
github.com/modu-ai/moai-adk/internal/cli/session_worktree.go:311.41,313.16 2 0
github.com/modu-ai/moai-adk/internal/cli/session_worktree.go:313.16,315.3 1 0
github.com/modu-ai/moai-adk/internal/cli/session_worktree.go:316.2,317.13 2 0
github.com/modu-ai/moai-adk/internal/cli/session_worktree.go:317.13,319.3 1 0
github.com/modu-ai/moai-adk/internal/cli/session_worktree.go:320.2,320.24 1 0
github.com/modu-ai/moai-adk/internal/cli/session_worktree.go:320.24,322.17 2 0
github.com/modu-ai/moai-adk/internal/cli/session_worktree.go:322.17,324.4 1 0
github.com/modu-ai/moai-adk/internal/cli/session_worktree.go:325.3,325.10 1 0
github.com/modu-ai/moai-adk/internal/cli/session_worktree.go:327.2,327.15 1 0
github.com/modu-ai/moai-adk/internal/cli/session_worktree.go:331.53,334.2 2 0
github.com/modu-ai/moai-adk/internal/cli/session_worktree.go:339.43,341.50 2 1
github.com/modu-ai/moai-adk/internal/cli/session_worktree.go:341.50,343.3 1 0
github.com/modu-ai/moai-adk/internal/cli/session_worktree.go:344.2,344.12 1 1
github.com/modu-ai/moai-adk/internal/cli/session_worktree.go:351.45,353.50 2 1
github.com/modu-ai/moai-adk/internal/cli/session_worktree.go:353.50,358.3 1 1
github.com/modu-ai/moai-adk/internal/cli/session_worktree.go:359.2,359.12 1 1
github.com/modu-ai/moai-adk/internal/cli/session_worktree.go:365.47,367.16 2 0
github.com/modu-ai/moai-adk/internal/cli/session_worktree.go:367.16,371.3 1 0
github.com/modu-ai/moai-adk/internal/cli/session_worktree.go:372.2,373.56 2 0
github.com/modu-ai/moai-adk/internal/cli/session_worktree.go:373.56,375.17 2 0
github.com/modu-ai/moai-adk/internal/cli/session_worktree.go:375.17,377.4 1 0
github.com/modu-ai/moai-adk/internal/cli/session_worktree.go:379.2,379.21 1 0
github.com/modu-ai/moai-adk/internal/cli/session_worktree.go:386.42,388.16 2 1
github.com/modu-ai/moai-adk/internal/cli/session_worktree.go:388.16,392.3 1 0
github.com/modu-ai/moai-adk/internal/cli/session_worktree.go:393.2,393.39 1 1
github.com/modu-ai/moai-adk/internal/cli/session_worktree.go:408.55,409.17 1 1
github.com/modu-ai/moai-adk/internal/cli/session_worktree.go:409.17,411.3 1 0
github.com/modu-ai/moai-adk/internal/cli/session_worktree.go:412.2,412.35 1 1
github.com/modu-ai/moai-adk/internal/cli/session_worktree.go:412.35,414.3 1 1
github.com/modu-ai/moai-adk/internal/cli/session_worktree.go:415.2,415.14 1 1
github.com/modu-ai/moai-adk/internal/cli/session_worktree.go:426.38,428.16 2 1
github.com/modu-ai/moai-adk/internal/cli/session_worktree.go:428.16,430.3 1 0
github.com/modu-ai/moai-adk/internal/cli/session_worktree.go:431.2,431.37 1 1
github.com/modu-ai/moai-adk/internal/cli/session_worktree.go:437.47,440.13 2 1
github.com/modu-ai/moai-adk/internal/cli/session_worktree.go:440.13,442.3 1 0
github.com/modu-ai/moai-adk/internal/cli/session_worktree.go:443.2,445.50 2 1
github.com/modu-ai/moai-adk/internal/cli/session_worktree.go:445.50,447.3 1 1
github.com/modu-ai/moai-adk/internal/cli/session_worktree.go:448.2,449.20 2 1
github.com/modu-ai/moai-adk/internal/cli/session_worktree.go:449.20,451.3 1 0
github.com/modu-ai/moai-adk/internal/cli/session_worktree.go:452.2,455.21 4 1
github.com/modu-ai/moai-adk/internal/cli/session_worktree.go:455.21,457.3 1 1
github.com/modu-ai/moai-adk/internal/cli/session_worktree.go:458.2,458.10 1 1
github.com/modu-ai/moai-adk/internal/cli/session_worktree.go:462.31,464.22 2 1
github.com/modu-ai/moai-adk/internal/cli/session_worktree.go:464.22,465.25 1 1
github.com/modu-ai/moai-adk/internal/cli/session_worktree.go:465.25,467.4 1 0
github.com/modu-ai/moai-adk/internal/cli/session_worktree.go:468.3,468.24 1 1
github.com/modu-ai/moai-adk/internal/cli/session_worktree.go:470.2,470.10 1 1
github.com/modu-ai/moai-adk/internal/cli/session_worktree.go:531.83,535.61 2 1
github.com/modu-ai/moai-adk/internal/cli/session_worktree.go:535.61,537.3 1 1
github.com/modu-ai/moai-adk/internal/cli/session_worktree.go:543.2,545.9 3 1
github.com/modu-ai/moai-adk/internal/cli/session_worktree.go:546.33,548.26 1 1
github.com/modu-ai/moai-adk/internal/cli/session_worktree.go:549.33,553.52 3 1
github.com/modu-ai/moai-adk/internal/cli/session_worktree.go:554.10,557.17 1 1
github.com/modu-ai/moai-adk/internal/cli/session_worktree.go:557.17,560.4 2 1
github.com/modu-ai/moai-adk/internal/cli/session_worktree.go:561.3,561.18 1 1
github.com/modu-ai/moai-adk/internal/cli/session_worktree.go:561.18,564.4 2 0
github.com/modu-ai/moai-adk/internal/cli/session_worktree.go:580.2,584.12 3 1
github.com/modu-ai/moai-adk/internal/cli/session_worktree.go:591.78,592.9 1 1
github.com/modu-ai/moai-adk/internal/cli/session_worktree.go:593.24,594.167 1 1
github.com/modu-ai/moai-adk/internal/cli/session_worktree.go:595.57,596.155 1 1
github.com/modu-ai/moai-adk/internal/cli/session_worktree.go:597.30,598.164 1 1
github.com/modu-ai/moai-adk/internal/cli/session_worktree.go:599.31,600.164 1 0
github.com/modu-ai/moai-adk/internal/cli/session_worktree.go:602.2,602.28 1 1
github.com/modu-ai/moai-adk/internal/cli/session_worktree.go:602.28,604.3 1 1
github.com/modu-ai/moai-adk/internal/cli/session_worktree.go:624.95,625.18 1 1
github.com/modu-ai/moai-adk/internal/cli/session_worktree.go:625.18,629.3 1 1
github.com/modu-ai/moai-adk/internal/cli/session_worktree.go:630.2,630.54 1 1
github.com/modu-ai/moai-adk/internal/cli/session_worktree.go:630.54,636.3 1 1
github.com/modu-ai/moai-adk/internal/cli/session_worktree.go:637.2,637.16 1 1
github.com/modu-ai/moai-adk/internal/cli/session_worktree.go:637.16,643.3 2 1
github.com/modu-ai/moai-adk/internal/cli/session_worktree.go:648.2,649.17 2 1
github.com/modu-ai/moai-adk/internal/cli/session_worktree.go:649.17,652.3 2 1
github.com/modu-ai/moai-adk/internal/cli/session_worktree.go:653.2,653.11 1 1
github.com/modu-ai/moai-adk/internal/cli/session_worktree.go:653.11,656.3 2 1
github.com/modu-ai/moai-adk/internal/cli/session_worktree.go:660.2,660.67 1 1
github.com/modu-ai/moai-adk/internal/cli/session_worktree.go:660.67,663.3 2 0
github.com/modu-ai/moai-adk/internal/cli/session_worktree.go:671.2,672.91 2 1
github.com/modu-ai/moai-adk/internal/cli/session_worktree.go:680.51,682.16 2 1
github.com/modu-ai/moai-adk/internal/cli/session_worktree.go:682.16,684.3 1 1
github.com/modu-ai/moai-adk/internal/cli/session_worktree.go:685.2,685.48 1 1
github.com/modu-ai/moai-adk/internal/cli/session_worktree.go:689.49,691.50 2 0
github.com/modu-ai/moai-adk/internal/cli/session_worktree.go:691.50,693.3 1 0
github.com/modu-ai/moai-adk/internal/cli/session_worktree.go:694.2,694.12 1 0
github.com/modu-ai/moai-adk/internal/cli/session_worktree.go:700.60,702.16 2 0
github.com/modu-ai/moai-adk/internal/cli/session_worktree.go:702.16,704.3 1 0
github.com/modu-ai/moai-adk/internal/cli/session_worktree.go:705.2,705.25 1 0
github.com/modu-ai/moai-adk/internal/cli/session_worktree.go:716.67,718.16 2 1
github.com/modu-ai/moai-adk/internal/cli/session_worktree.go:718.16,720.3 1 0
github.com/modu-ai/moai-adk/internal/cli/session_worktree.go:721.2,723.30 3 1
github.com/modu-ai/moai-adk/internal/cli/session_worktree.go:723.30,725.3 1 0
github.com/modu-ai/moai-adk/internal/cli/session_worktree.go:726.2,726.12 1 1
github.com/modu-ai/moai-adk/internal/cli/session_worktree_prmerge.go:104.52,108.18 4 1
github.com/modu-ai/moai-adk/internal/cli/session_worktree_prmerge.go:108.18,109.14 1 1
github.com/modu-ai/moai-adk/internal/cli/session_worktree_prmerge.go:109.14,113.4 3 1
github.com/modu-ai/moai-adk/internal/cli/session_worktree_prmerge.go:115.2,115.54 1 1
github.com/modu-ai/moai-adk/internal/cli/session_worktree_prmerge.go:115.54,117.10 2 1
github.com/modu-ai/moai-adk/internal/cli/session_worktree_prmerge.go:118.19,119.11 1 1
github.com/modu-ai/moai-adk/internal/cli/session_worktree_prmerge.go:120.45,123.18 3 1
github.com/modu-ai/moai-adk/internal/cli/session_worktree_prmerge.go:124.43,128.55 2 1
github.com/modu-ai/moai-adk/internal/cli/session_worktree_prmerge.go:129.27,130.19 1 1
github.com/modu-ai/moai-adk/internal/cli/session_worktree_prmerge.go:131.25,132.45 1 1
github.com/modu-ai/moai-adk/internal/cli/session_worktree_prmerge.go:133.43,134.90 1 1
github.com/modu-ai/moai-adk/internal/cli/session_worktree_prmerge.go:137.2,138.16 2 1
github.com/modu-ai/moai-adk/internal/cli/session_worktree_prmerge.go:149.56,150.54 1 1
github.com/modu-ai/moai-adk/internal/cli/session_worktree_prmerge.go:150.54,155.3 1 1
github.com/modu-ai/moai-adk/internal/cli/session_worktree_prmerge.go:157.2,158.16 2 1
github.com/modu-ai/moai-adk/internal/cli/session_worktree_prmerge.go:158.16,163.3 2 1
github.com/modu-ai/moai-adk/internal/cli/session_worktree_prmerge.go:164.2,165.18 2 1
github.com/modu-ai/moai-adk/internal/cli/session_worktree_prmerge.go:165.18,168.3 1 1
github.com/modu-ai/moai-adk/internal/cli/session_worktree_prmerge.go:169.2,169.49 1 1
github.com/modu-ai/moai-adk/internal/cli/session_worktree_prmerge.go:169.49,173.64 1 1
github.com/modu-ai/moai-adk/internal/cli/session_worktree_prmerge.go:173.64,174.12 1 1
github.com/modu-ai/moai-adk/internal/cli/session_worktree_prmerge.go:176.3,176.56 1 1
github.com/modu-ai/moai-adk/internal/cli/session_worktree_prmerge.go:177.25,177.25 0 1
github.com/modu-ai/moai-adk/internal/cli/session_worktree_prmerge.go:179.31,181.12 2 1
github.com/modu-ai/moai-adk/internal/cli/session_worktree_prmerge.go:182.11,183.12 1 1
github.com/modu-ai/moai-adk/internal/cli/session_worktree_prmerge.go:187.3,188.18 2 1
github.com/modu-ai/moai-adk/internal/cli/session_worktree_prmerge.go:188.18,190.12 2 1
github.com/modu-ai/moai-adk/internal/cli/session_worktree_prmerge.go:192.3,192.12 1 1
github.com/modu-ai/moai-adk/internal/cli/session_worktree_prmerge.go:192.12,194.12 2 1
github.com/modu-ai/moai-adk/internal/cli/session_worktree_prmerge.go:203.3,203.74 1 1
github.com/modu-ai/moai-adk/internal/cli/session_worktree_prmerge.go:203.74,205.12 2 1
github.com/modu-ai/moai-adk/internal/cli/session_worktree_prmerge.go:212.3,212.41 1 1
github.com/modu-ai/moai-adk/internal/cli/session_worktree_prmerge.go:212.41,214.12 2 1
github.com/modu-ai/moai-adk/internal/cli/session_worktree_prmerge.go:216.3,216.48 1 1
github.com/modu-ai/moai-adk/internal/cli/session_worktree_prmerge.go:216.48,217.12 1 1
github.com/modu-ai/moai-adk/internal/cli/session_worktree_prmerge.go:224.3,224.68 1 1
github.com/modu-ai/moai-adk/internal/cli/session_worktree_prmerge.go:224.68,226.12 2 1
github.com/modu-ai/moai-adk/internal/cli/session_worktree_prmerge.go:228.3,229.122 2 1
github.com/modu-ai/moai-adk/internal/cli/session_worktree_prmerge.go:256.69,258.16 2 1
github.com/modu-ai/moai-adk/internal/cli/session_worktree_prmerge.go:258.16,263.3 2 0
github.com/modu-ai/moai-adk/internal/cli/session_worktree_prmerge.go:264.2,264.93 1 1
github.com/modu-ai/moai-adk/internal/cli/session_worktree_prmerge.go:264.93,267.3 2 1
github.com/modu-ai/moai-adk/internal/cli/session_worktree_prmerge.go:268.2,268.13 1 1
github.com/modu-ai/moai-adk/internal/cli/session_worktree_prmerge.go:298.73,299.17 1 1
github.com/modu-ai/moai-adk/internal/cli/session_worktree_prmerge.go:299.17,300.60 1 1
github.com/modu-ai/moai-adk/internal/cli/session_worktree_prmerge.go:300.60,301.25 1 1
github.com/modu-ai/moai-adk/internal/cli/session_worktree_prmerge.go:301.25,303.5 1 1
github.com/modu-ai/moai-adk/internal/cli/session_worktree_prmerge.go:304.4,304.30 1 1
github.com/modu-ai/moai-adk/internal/cli/session_worktree_prmerge.go:307.2,308.16 2 1
github.com/modu-ai/moai-adk/internal/cli/session_worktree_prmerge.go:308.16,311.3 1 1
github.com/modu-ai/moai-adk/internal/cli/session_worktree_prmerge.go:312.2,312.27 1 1
github.com/modu-ai/moai-adk/internal/cli/session_worktree_prmerge.go:312.27,313.18 1 1
github.com/modu-ai/moai-adk/internal/cli/session_worktree_prmerge.go:313.18,320.4 1 1
github.com/modu-ai/moai-adk/internal/cli/session_worktree_prmerge.go:322.2,322.28 1 1
github.com/modu-ai/moai-adk/internal/cli/session_worktree_prmerge.go:329.44,331.16 2 0
github.com/modu-ai/moai-adk/internal/cli/session_worktree_prmerge.go:331.16,333.3 1 0
github.com/modu-ai/moai-adk/internal/cli/session_worktree_prmerge.go:334.2,334.25 1 0
github.com/modu-ai/moai-adk/internal/cli/session_worktree_prmerge.go:339.28,342.2 2 0
github.com/modu-ai/moai-adk/internal/cli/session_worktree_prmerge.go:349.54,351.16 2 0
github.com/modu-ai/moai-adk/internal/cli/session_worktree_prmerge.go:351.16,353.3 1 0
github.com/modu-ai/moai-adk/internal/cli/session_worktree_prmerge.go:354.2,355.17 2 0
github.com/modu-ai/moai-adk/internal/cli/session_worktree_prmerge.go:355.17,357.3 1 0
github.com/modu-ai/moai-adk/internal/cli/session_worktree_prmerge.go:358.2,358.20 1 0
github.com/modu-ai/moai-adk/internal/cli/session_worktree_prmerge.go:363.48,367.60 2 1
github.com/modu-ai/moai-adk/internal/cli/session_worktree_prmerge.go:367.60,369.3 1 1
github.com/modu-ai/moai-adk/internal/cli/session_worktree_prmerge.go:370.2,370.16 1 1
github.com/modu-ai/moai-adk/internal/cli/session_worktree_prmerge.go:376.58,378.16 2 0
github.com/modu-ai/moai-adk/internal/cli/session_worktree_prmerge.go:378.16,380.3 1 0
github.com/modu-ai/moai-adk/internal/cli/session_worktree_prmerge.go:381.2,381.25 1 0
github.com/modu-ai/moai-adk/internal/cli/session_worktree_prmerge.go:388.46,390.16 2 0
github.com/modu-ai/moai-adk/internal/cli/session_worktree_prmerge.go:390.16,392.3 1 0
github.com/modu-ai/moai-adk/internal/cli/session_worktree_prmerge.go:393.2,393.53 1 0
github.com/modu-ai/moai-adk/internal/cli/session_worktree_prmerge.go:415.54,417.48 2 1
github.com/modu-ai/moai-adk/internal/cli/session_worktree_prmerge.go:417.48,420.49 2 1
github.com/modu-ai/moai-adk/internal/cli/session_worktree_prmerge.go:420.49,421.12 1 1
github.com/modu-ai/moai-adk/internal/cli/session_worktree_prmerge.go:423.3,423.36 1 1
github.com/modu-ai/moai-adk/internal/cli/session_worktree_prmerge.go:425.2,425.17 1 1
github.com/modu-ai/moai-adk/internal/cli/settings.go:22.59,25.16 3 1
github.com/modu-ai/moai-adk/internal/cli/settings.go:25.16,26.25 1 1
github.com/modu-ai/moai-adk/internal/cli/settings.go:26.25,28.4 1 1
github.com/modu-ai/moai-adk/internal/cli/settings.go:29.3,29.62 1 0
github.com/modu-ai/moai-adk/internal/cli/settings.go:31.2,31.19 1 1
github.com/modu-ai/moai-adk/internal/cli/settings.go:31.19,32.50 1 1
github.com/modu-ai/moai-adk/internal/cli/settings.go:32.50,34.4 1 1
github.com/modu-ai/moai-adk/internal/cli/settings.go:36.2,36.15 1 1
github.com/modu-ai/moai-adk/internal/cli/settings.go:41.54,42.45 1 1
github.com/modu-ai/moai-adk/internal/cli/settings.go:42.45,44.3 1 1
github.com/modu-ai/moai-adk/internal/cli/settings.go:45.2,47.11 3 1
github.com/modu-ai/moai-adk/internal/cli/settings.go:67.74,68.63 1 1
github.com/modu-ai/moai-adk/internal/cli/settings.go:68.63,70.3 1 0
github.com/modu-ai/moai-adk/internal/cli/settings.go:74.2,76.16 3 1
github.com/modu-ai/moai-adk/internal/cli/settings.go:76.16,78.3 1 0
github.com/modu-ai/moai-adk/internal/cli/settings.go:79.2,79.15 1 1
github.com/modu-ai/moai-adk/internal/cli/settings.go:79.15,79.36 1 1
github.com/modu-ai/moai-adk/internal/cli/settings.go:81.2,81.45 1 1
github.com/modu-ai/moai-adk/internal/cli/settings.go:81.45,83.3 1 0
github.com/modu-ai/moai-adk/internal/cli/settings.go:84.2,84.15 1 1
github.com/modu-ai/moai-adk/internal/cli/settings.go:84.15,84.45 1 1
github.com/modu-ai/moai-adk/internal/cli/settings.go:86.2,87.16 2 1
github.com/modu-ai/moai-adk/internal/cli/settings.go:87.16,89.3 1 1
github.com/modu-ai/moai-adk/internal/cli/settings.go:91.2,94.16 3 1
github.com/modu-ai/moai-adk/internal/cli/settings.go:94.16,96.3 1 0
github.com/modu-ai/moai-adk/internal/cli/settings.go:98.2,98.58 1 1
github.com/modu-ai/moai-adk/internal/cli/settings.go:98.58,100.3 1 0
github.com/modu-ai/moai-adk/internal/cli/settings.go:102.2,102.12 1 1
github.com/modu-ai/moai-adk/internal/cli/settings.go:124.72,126.48 2 1
github.com/modu-ai/moai-adk/internal/cli/settings.go:126.48,128.3 1 1
github.com/modu-ai/moai-adk/internal/cli/settings.go:129.2,130.16 2 1
github.com/modu-ai/moai-adk/internal/cli/settings.go:130.16,132.3 1 0
github.com/modu-ai/moai-adk/internal/cli/settings.go:133.2,134.15 2 1
github.com/modu-ai/moai-adk/internal/cli/settings.go:134.15,134.41 1 1
github.com/modu-ai/moai-adk/internal/cli/settings.go:136.2,136.43 1 1
github.com/modu-ai/moai-adk/internal/cli/settings.go:136.43,139.3 2 0
github.com/modu-ai/moai-adk/internal/cli/settings.go:140.2,140.40 1 1
github.com/modu-ai/moai-adk/internal/cli/settings.go:140.40,143.3 2 0
github.com/modu-ai/moai-adk/internal/cli/settings.go:144.2,144.36 1 1
github.com/modu-ai/moai-adk/internal/cli/settings.go:144.36,146.3 1 0
github.com/modu-ai/moai-adk/internal/cli/settings.go:148.2,148.39 1 1
github.com/modu-ai/moai-adk/internal/cli/settings.go:155.50,157.45 2 1
github.com/modu-ai/moai-adk/internal/cli/settings.go:157.45,159.3 1 1
github.com/modu-ai/moai-adk/internal/cli/settings.go:160.2,160.15 1 0
github.com/modu-ai/moai-adk/internal/cli/settings.go:160.15,162.49 2 0
github.com/modu-ai/moai-adk/internal/cli/settings.go:162.49,164.4 1 0
github.com/modu-ai/moai-adk/internal/cli/settings.go:166.2,166.12 1 0
github.com/modu-ai/moai-adk/internal/cli/settings.go:179.56,180.46 1 1
github.com/modu-ai/moai-adk/internal/cli/settings.go:180.46,182.81 1 1
github.com/modu-ai/moai-adk/internal/cli/settings.go:182.81,185.4 2 0
github.com/modu-ai/moai-adk/internal/cli/settings.go:185.9,187.4 1 1
github.com/modu-ai/moai-adk/internal/cli/settings.go:188.3,198.20 10 1
github.com/modu-ai/moai-adk/internal/cli/settings.go:198.20,200.4 1 0
github.com/modu-ai/moai-adk/internal/cli/settings.go:206.2,206.28 1 1
github.com/modu-ai/moai-adk/internal/cli/spawn.go:39.28,39.73 1 0
github.com/modu-ai/moai-adk/internal/cli/spawn.go:59.53,63.27 3 1
github.com/modu-ai/moai-adk/internal/cli/spawn.go:63.27,64.18 1 1
github.com/modu-ai/moai-adk/internal/cli/spawn.go:64.18,66.9 2 1
github.com/modu-ai/moai-adk/internal/cli/spawn.go:68.3,68.23 1 1
github.com/modu-ai/moai-adk/internal/cli/spawn.go:68.23,70.12 2 1
github.com/modu-ai/moai-adk/internal/cli/spawn.go:72.3,72.35 1 1
github.com/modu-ai/moai-adk/internal/cli/spawn.go:75.2,75.24 1 1
github.com/modu-ai/moai-adk/internal/cli/spawn.go:87.60,89.16 2 0
github.com/modu-ai/moai-adk/internal/cli/spawn.go:89.16,93.3 1 0
github.com/modu-ai/moai-adk/internal/cli/spawn.go:94.2,94.33 1 0
github.com/modu-ai/moai-adk/internal/cli/spawn.go:101.46,103.37 2 1
github.com/modu-ai/moai-adk/internal/cli/spawn.go:103.37,105.3 1 1
github.com/modu-ai/moai-adk/internal/cli/spawn.go:106.2,106.20 1 1
github.com/modu-ai/moai-adk/internal/cli/spawn.go:126.32,127.17 1 1
github.com/modu-ai/moai-adk/internal/cli/spawn.go:127.17,129.3 1 1
github.com/modu-ai/moai-adk/internal/cli/spawn.go:130.2,130.49 1 1
github.com/modu-ai/moai-adk/internal/cli/spawn.go:130.49,132.3 1 1
github.com/modu-ai/moai-adk/internal/cli/spawn.go:133.2,133.49 1 1
github.com/modu-ai/moai-adk/internal/cli/spawn.go:133.49,135.3 1 1
github.com/modu-ai/moai-adk/internal/cli/spawn.go:136.2,136.12 1 1
github.com/modu-ai/moai-adk/internal/cli/spawn.go:152.73,153.44 1 1
github.com/modu-ai/moai-adk/internal/cli/spawn.go:153.44,155.3 1 1
github.com/modu-ai/moai-adk/internal/cli/spawn.go:157.2,158.16 2 1
github.com/modu-ai/moai-adk/internal/cli/spawn.go:158.16,160.3 1 0
github.com/modu-ai/moai-adk/internal/cli/spawn.go:162.2,164.16 3 1
github.com/modu-ai/moai-adk/internal/cli/spawn.go:164.16,166.3 1 1
github.com/modu-ai/moai-adk/internal/cli/spawn.go:168.2,170.12 3 1
github.com/modu-ai/moai-adk/internal/cli/spawn.go:177.40,178.64 1 1
github.com/modu-ai/moai-adk/internal/cli/spawn.go:178.64,180.3 1 1
github.com/modu-ai/moai-adk/internal/cli/spawn.go:181.2,182.16 2 1
github.com/modu-ai/moai-adk/internal/cli/spawn.go:182.16,184.3 1 0
github.com/modu-ai/moai-adk/internal/cli/spawn.go:185.2,185.17 1 1
github.com/modu-ai/moai-adk/internal/cli/spawn.go:191.65,194.27 3 1
github.com/modu-ai/moai-adk/internal/cli/spawn.go:194.27,196.3 1 1
github.com/modu-ai/moai-adk/internal/cli/spawn.go:197.2,197.33 1 1
github.com/modu-ai/moai-adk/internal/cli/spawn.go:204.34,205.13 1 1
github.com/modu-ai/moai-adk/internal/cli/spawn.go:205.13,207.3 1 1
github.com/modu-ai/moai-adk/internal/cli/spawn.go:208.2,208.61 1 1
github.com/modu-ai/moai-adk/internal/cli/spawn.go:208.61,210.3 1 1
github.com/modu-ai/moai-adk/internal/cli/spawn.go:211.2,211.55 1 1
github.com/modu-ai/moai-adk/internal/cli/spec.go:11.34,16.55 1 1
github.com/modu-ai/moai-adk/internal/cli/spec.go:16.55,18.4 1 0
github.com/modu-ai/moai-adk/internal/cli/spec.go:23.2,33.16 8 1
github.com/modu-ai/moai-adk/internal/cli/spec.go:36.13,38.2 1 1
github.com/modu-ai/moai-adk/internal/cli/spec_archive.go:26.41,55.55 2 1
github.com/modu-ai/moai-adk/internal/cli/spec_archive.go:55.55,56.21 1 1
github.com/modu-ai/moai-adk/internal/cli/spec_archive.go:56.21,58.5 1 1
github.com/modu-ai/moai-adk/internal/cli/spec_archive.go:60.4,61.18 2 1
github.com/modu-ai/moai-adk/internal/cli/spec_archive.go:61.18,63.5 1 0
github.com/modu-ai/moai-adk/internal/cli/spec_archive.go:65.4,70.18 3 1
github.com/modu-ai/moai-adk/internal/cli/spec_archive.go:70.18,72.5 1 0
github.com/modu-ai/moai-adk/internal/cli/spec_archive.go:74.4,74.18 1 1
github.com/modu-ai/moai-adk/internal/cli/spec_archive.go:74.18,76.5 1 1
github.com/modu-ai/moai-adk/internal/cli/spec_archive.go:78.4,80.43 2 1
github.com/modu-ai/moai-adk/internal/cli/spec_archive.go:80.43,82.5 1 1
github.com/modu-ai/moai-adk/internal/cli/spec_archive.go:84.4,84.18 1 1
github.com/modu-ai/moai-adk/internal/cli/spec_archive.go:84.18,88.5 1 1
github.com/modu-ai/moai-adk/internal/cli/spec_archive.go:90.4,91.18 2 1
github.com/modu-ai/moai-adk/internal/cli/spec_archive.go:91.18,93.5 1 0
github.com/modu-ai/moai-adk/internal/cli/spec_archive.go:95.4,96.14 2 1
github.com/modu-ai/moai-adk/internal/cli/spec_archive.go:100.2,105.12 5 1
github.com/modu-ai/moai-adk/internal/cli/spec_archive.go:110.68,112.16 2 1
github.com/modu-ai/moai-adk/internal/cli/spec_archive.go:112.16,114.3 1 0
github.com/modu-ai/moai-adk/internal/cli/spec_archive.go:115.2,116.12 2 1
github.com/modu-ai/moai-adk/internal/cli/spec_archive.go:124.75,126.12 2 1
github.com/modu-ai/moai-adk/internal/cli/spec_archive.go:126.12,128.3 1 1
github.com/modu-ai/moai-adk/internal/cli/spec_archive.go:130.2,134.31 3 1
github.com/modu-ai/moai-adk/internal/cli/spec_archive.go:134.31,137.3 2 1
github.com/modu-ai/moai-adk/internal/cli/spec_archive.go:139.2,142.36 3 1
github.com/modu-ai/moai-adk/internal/cli/spec_archive.go:142.36,144.17 2 1
github.com/modu-ai/moai-adk/internal/cli/spec_archive.go:144.17,146.4 1 1
github.com/modu-ai/moai-adk/internal/cli/spec_archive.go:147.3,153.4 1 1
github.com/modu-ai/moai-adk/internal/cli/spec_archive.go:156.2,157.101 2 1
github.com/modu-ai/moai-adk/internal/cli/spec_audit.go:53.39,99.55 2 1
github.com/modu-ai/moai-adk/internal/cli/spec_audit.go:99.55,109.18 3 1
github.com/modu-ai/moai-adk/internal/cli/spec_audit.go:109.18,112.5 2 0
github.com/modu-ai/moai-adk/internal/cli/spec_audit.go:114.4,114.61 1 1
github.com/modu-ai/moai-adk/internal/cli/spec_audit.go:118.2,131.12 7 1
github.com/modu-ai/moai-adk/internal/cli/spec_audit.go:139.101,142.16 2 1
github.com/modu-ai/moai-adk/internal/cli/spec_audit.go:142.16,144.17 2 1
github.com/modu-ai/moai-adk/internal/cli/spec_audit.go:144.17,146.4 1 0
github.com/modu-ai/moai-adk/internal/cli/spec_audit.go:147.3,147.41 1 1
github.com/modu-ai/moai-adk/internal/cli/spec_audit.go:148.8,150.3 1 1
github.com/modu-ai/moai-adk/internal/cli/spec_audit.go:155.2,155.12 1 1
github.com/modu-ai/moai-adk/internal/cli/spec_audit.go:155.12,156.42 1 1
github.com/modu-ai/moai-adk/internal/cli/spec_audit.go:156.42,157.32 1 1
github.com/modu-ai/moai-adk/internal/cli/spec_audit.go:157.32,161.5 1 1
github.com/modu-ai/moai-adk/internal/cli/spec_audit.go:165.2,165.12 1 1
github.com/modu-ai/moai-adk/internal/cli/spec_audit.go:186.96,193.31 7 1
github.com/modu-ai/moai-adk/internal/cli/spec_audit.go:193.31,198.3 1 0
github.com/modu-ai/moai-adk/internal/cli/spec_audit.go:200.2,200.36 1 1
github.com/modu-ai/moai-adk/internal/cli/spec_audit.go:200.36,203.3 2 0
github.com/modu-ai/moai-adk/internal/cli/spec_audit.go:205.2,206.41 2 1
github.com/modu-ai/moai-adk/internal/cli/spec_audit.go:206.41,208.18 2 1
github.com/modu-ai/moai-adk/internal/cli/spec_audit.go:208.18,210.4 1 1
github.com/modu-ai/moai-adk/internal/cli/spec_audit.go:211.3,213.26 2 1
github.com/modu-ai/moai-adk/internal/cli/spec_audit.go:213.26,215.4 1 1
github.com/modu-ai/moai-adk/internal/cli/spec_audit.go:216.3,216.69 1 1
github.com/modu-ai/moai-adk/internal/cli/spec_audit.go:216.69,220.4 2 1
github.com/modu-ai/moai-adk/internal/cli/spec_audit.go:226.53,228.29 2 1
github.com/modu-ai/moai-adk/internal/cli/spec_audit.go:228.29,229.31 1 1
github.com/modu-ai/moai-adk/internal/cli/spec_audit.go:229.31,231.4 1 1
github.com/modu-ai/moai-adk/internal/cli/spec_audit.go:233.2,233.10 1 1
github.com/modu-ai/moai-adk/internal/cli/spec_close.go:61.39,99.55 2 1
github.com/modu-ai/moai-adk/internal/cli/spec_close.go:99.55,101.20 2 1
github.com/modu-ai/moai-adk/internal/cli/spec_close.go:101.20,103.5 1 0
github.com/modu-ai/moai-adk/internal/cli/spec_close.go:108.4,108.56 1 1
github.com/modu-ai/moai-adk/internal/cli/spec_close.go:108.56,110.5 1 1
github.com/modu-ai/moai-adk/internal/cli/spec_close.go:112.4,120.66 3 1
github.com/modu-ai/moai-adk/internal/cli/spec_close.go:124.2,135.12 6 1
github.com/modu-ai/moai-adk/internal/cli/spec_close.go:151.119,157.33 3 1
github.com/modu-ai/moai-adk/internal/cli/spec_close.go:157.33,158.70 1 1
github.com/modu-ai/moai-adk/internal/cli/spec_close.go:158.70,160.4 1 1
github.com/modu-ai/moai-adk/internal/cli/spec_close.go:164.2,164.36 1 1
github.com/modu-ai/moai-adk/internal/cli/spec_close.go:164.36,166.51 2 1
github.com/modu-ai/moai-adk/internal/cli/spec_close.go:166.51,168.49 2 1
github.com/modu-ai/moai-adk/internal/cli/spec_close.go:168.49,170.5 1 1
github.com/modu-ai/moai-adk/internal/cli/spec_close.go:172.3,172.13 1 1
github.com/modu-ai/moai-adk/internal/cli/spec_close.go:176.2,176.48 1 1
github.com/modu-ai/moai-adk/internal/cli/spec_close.go:176.48,181.3 2 1
github.com/modu-ai/moai-adk/internal/cli/spec_close.go:184.2,184.46 1 1
github.com/modu-ai/moai-adk/internal/cli/spec_close.go:184.46,189.3 2 1
github.com/modu-ai/moai-adk/internal/cli/spec_close.go:192.2,192.49 1 1
github.com/modu-ai/moai-adk/internal/cli/spec_close.go:192.49,194.59 2 1
github.com/modu-ai/moai-adk/internal/cli/spec_close.go:194.59,195.54 1 1
github.com/modu-ai/moai-adk/internal/cli/spec_close.go:195.54,197.5 1 1
github.com/modu-ai/moai-adk/internal/cli/spec_close.go:199.3,199.13 1 1
github.com/modu-ai/moai-adk/internal/cli/spec_close.go:203.2,203.31 1 1
github.com/modu-ai/moai-adk/internal/cli/spec_close.go:203.31,207.3 2 0
github.com/modu-ai/moai-adk/internal/cli/spec_close.go:210.2,210.16 1 1
github.com/modu-ai/moai-adk/internal/cli/spec_close.go:210.16,213.3 2 1
github.com/modu-ai/moai-adk/internal/cli/spec_close.go:216.2,217.19 2 1
github.com/modu-ai/moai-adk/internal/cli/spec_close.go:217.19,219.3 1 1
github.com/modu-ai/moai-adk/internal/cli/spec_close.go:220.2,220.16 1 1
github.com/modu-ai/moai-adk/internal/cli/spec_close.go:220.16,222.3 1 0
github.com/modu-ai/moai-adk/internal/cli/spec_close.go:223.2,224.50 2 1
github.com/modu-ai/moai-adk/internal/cli/spec_close.go:224.50,229.37 3 1
github.com/modu-ai/moai-adk/internal/cli/spec_close.go:229.37,231.4 1 1
github.com/modu-ai/moai-adk/internal/cli/spec_close.go:235.3,235.26 1 1
github.com/modu-ai/moai-adk/internal/cli/spec_close.go:235.26,237.4 1 1
github.com/modu-ai/moai-adk/internal/cli/spec_close.go:239.2,239.45 1 1
github.com/modu-ai/moai-adk/internal/cli/spec_close.go:239.45,241.3 1 1
github.com/modu-ai/moai-adk/internal/cli/spec_close.go:243.2,243.12 1 1
github.com/modu-ai/moai-adk/internal/cli/spec_drift.go:13.39,36.55 5 1
github.com/modu-ai/moai-adk/internal/cli/spec_drift.go:36.55,38.18 2 0
github.com/modu-ai/moai-adk/internal/cli/spec_drift.go:38.18,40.5 1 0
github.com/modu-ai/moai-adk/internal/cli/spec_drift.go:42.4,42.17 1 0
github.com/modu-ai/moai-adk/internal/cli/spec_drift.go:42.17,44.19 2 0
github.com/modu-ai/moai-adk/internal/cli/spec_drift.go:44.19,46.6 1 0
github.com/modu-ai/moai-adk/internal/cli/spec_drift.go:47.5,48.15 2 0
github.com/modu-ai/moai-adk/internal/cli/spec_drift.go:51.4,52.18 2 0
github.com/modu-ai/moai-adk/internal/cli/spec_drift.go:52.18,54.5 1 0
github.com/modu-ai/moai-adk/internal/cli/spec_drift.go:56.4,56.18 1 0
github.com/modu-ai/moai-adk/internal/cli/spec_drift.go:56.18,58.19 2 0
github.com/modu-ai/moai-adk/internal/cli/spec_drift.go:58.19,60.6 1 0
github.com/modu-ai/moai-adk/internal/cli/spec_drift.go:61.5,62.15 2 0
github.com/modu-ai/moai-adk/internal/cli/spec_drift.go:65.4,65.54 1 0
github.com/modu-ai/moai-adk/internal/cli/spec_drift.go:67.59,68.23 1 0
github.com/modu-ai/moai-adk/internal/cli/spec_drift.go:68.23,70.19 2 0
github.com/modu-ai/moai-adk/internal/cli/spec_drift.go:70.19,72.6 1 0
github.com/modu-ai/moai-adk/internal/cli/spec_drift.go:74.5,75.19 2 0
github.com/modu-ai/moai-adk/internal/cli/spec_drift.go:75.19,77.6 1 0
github.com/modu-ai/moai-adk/internal/cli/spec_drift.go:79.5,79.18 1 0
github.com/modu-ai/moai-adk/internal/cli/spec_drift.go:79.18,81.6 1 0
github.com/modu-ai/moai-adk/internal/cli/spec_drift.go:83.4,83.14 1 0
github.com/modu-ai/moai-adk/internal/cli/spec_drift.go:87.2,92.12 5 1
github.com/modu-ai/moai-adk/internal/cli/spec_drift.go:98.81,99.13 1 0
github.com/modu-ai/moai-adk/internal/cli/spec_drift.go:99.13,101.3 1 0
github.com/modu-ai/moai-adk/internal/cli/spec_drift.go:102.2,102.38 1 0
github.com/modu-ai/moai-adk/internal/cli/spec_drift.go:106.66,107.13 1 0
github.com/modu-ai/moai-adk/internal/cli/spec_drift.go:107.13,109.3 1 0
github.com/modu-ai/moai-adk/internal/cli/spec_drift.go:110.2,110.37 1 0
github.com/modu-ai/moai-adk/internal/cli/spec_drift.go:113.70,117.40 3 0
github.com/modu-ai/moai-adk/internal/cli/spec_drift.go:117.40,119.21 2 0
github.com/modu-ai/moai-adk/internal/cli/spec_drift.go:119.21,121.4 1 0
github.com/modu-ai/moai-adk/internal/cli/spec_drift.go:123.3,128.4 1 0
github.com/modu-ai/moai-adk/internal/cli/spec_drift.go:131.2,134.12 3 0
github.com/modu-ai/moai-adk/internal/cli/spec_lint.go:19.38,45.55 2 1
github.com/modu-ai/moai-adk/internal/cli/spec_lint.go:45.55,48.33 1 1
github.com/modu-ai/moai-adk/internal/cli/spec_lint.go:48.33,50.5 1 1
github.com/modu-ai/moai-adk/internal/cli/spec_lint.go:53.4,54.18 2 0
github.com/modu-ai/moai-adk/internal/cli/spec_lint.go:54.18,56.5 1 0
github.com/modu-ai/moai-adk/internal/cli/spec_lint.go:58.4,69.22 6 0
github.com/modu-ai/moai-adk/internal/cli/spec_lint.go:69.22,72.5 2 0
github.com/modu-ai/moai-adk/internal/cli/spec_lint.go:75.4,75.11 1 0
github.com/modu-ai/moai-adk/internal/cli/spec_lint.go:76.20,78.26 2 0
github.com/modu-ai/moai-adk/internal/cli/spec_lint.go:78.26,80.6 1 0
github.com/modu-ai/moai-adk/internal/cli/spec_lint.go:81.5,81.57 1 0
github.com/modu-ai/moai-adk/internal/cli/spec_lint.go:83.21,85.26 2 0
github.com/modu-ai/moai-adk/internal/cli/spec_lint.go:85.26,87.6 1 0
github.com/modu-ai/moai-adk/internal/cli/spec_lint.go:88.5,88.57 1 0
github.com/modu-ai/moai-adk/internal/cli/spec_lint.go:90.12,93.28 2 0
github.com/modu-ai/moai-adk/internal/cli/spec_lint.go:96.4,96.26 1 0
github.com/modu-ai/moai-adk/internal/cli/spec_lint.go:96.26,98.5 1 0
github.com/modu-ai/moai-adk/internal/cli/spec_lint.go:100.4,100.14 1 0
github.com/modu-ai/moai-adk/internal/cli/spec_lint.go:104.2,109.12 5 1
github.com/modu-ai/moai-adk/internal/cli/spec_lint.go:113.58,115.31 2 0
github.com/modu-ai/moai-adk/internal/cli/spec_lint.go:115.31,118.3 2 0
github.com/modu-ai/moai-adk/internal/cli/spec_lint.go:120.2,124.36 4 0
github.com/modu-ai/moai-adk/internal/cli/spec_lint.go:124.36,132.3 1 0
github.com/modu-ai/moai-adk/internal/cli/spec_lint.go:133.2,137.36 3 0
github.com/modu-ai/moai-adk/internal/cli/spec_lint.go:137.36,138.21 1 0
github.com/modu-ai/moai-adk/internal/cli/spec_lint.go:139.27,140.14 1 0
github.com/modu-ai/moai-adk/internal/cli/spec_lint.go:141.29,142.15 1 0
github.com/modu-ai/moai-adk/internal/cli/spec_lint.go:145.2,145.80 1 0
github.com/modu-ai/moai-adk/internal/cli/spec_lint.go:150.39,152.45 2 0
github.com/modu-ai/moai-adk/internal/cli/spec_lint.go:152.45,154.3 1 0
github.com/modu-ai/moai-adk/internal/cli/spec_lint.go:155.2,155.12 1 0
github.com/modu-ai/moai-adk/internal/cli/spec_lint.go:159.44,161.46 2 0
github.com/modu-ai/moai-adk/internal/cli/spec_lint.go:161.46,163.3 1 0
github.com/modu-ai/moai-adk/internal/cli/spec_lint.go:164.2,164.11 1 0
github.com/modu-ai/moai-adk/internal/cli/spec_status.go:21.40,38.55 5 1
github.com/modu-ai/moai-adk/internal/cli/spec_status.go:38.55,39.15 1 1
github.com/modu-ai/moai-adk/internal/cli/spec_status.go:39.15,41.5 1 0
github.com/modu-ai/moai-adk/internal/cli/spec_status.go:44.4,44.15 1 1
github.com/modu-ai/moai-adk/internal/cli/spec_status.go:44.15,46.5 1 1
github.com/modu-ai/moai-adk/internal/cli/spec_status.go:49.4,49.21 1 1
github.com/modu-ai/moai-adk/internal/cli/spec_status.go:49.21,51.5 1 0
github.com/modu-ai/moai-adk/internal/cli/spec_status.go:53.4,56.59 3 1
github.com/modu-ai/moai-adk/internal/cli/spec_status.go:60.2,65.12 5 1
github.com/modu-ai/moai-adk/internal/cli/spec_status.go:69.88,72.54 1 1
github.com/modu-ai/moai-adk/internal/cli/spec_status.go:72.54,74.3 1 1
github.com/modu-ai/moai-adk/internal/cli/spec_status.go:77.2,78.16 2 1
github.com/modu-ai/moai-adk/internal/cli/spec_status.go:78.16,80.3 1 0
github.com/modu-ai/moai-adk/internal/cli/spec_status.go:83.2,87.59 3 1
github.com/modu-ai/moai-adk/internal/cli/spec_status.go:87.59,89.3 1 1
github.com/modu-ai/moai-adk/internal/cli/spec_status.go:92.2,92.12 1 1
github.com/modu-ai/moai-adk/internal/cli/spec_status.go:92.12,95.3 2 1
github.com/modu-ai/moai-adk/internal/cli/spec_status.go:98.2,98.62 1 1
github.com/modu-ai/moai-adk/internal/cli/spec_status.go:98.62,100.3 1 1
github.com/modu-ai/moai-adk/internal/cli/spec_status.go:102.2,103.12 2 1
github.com/modu-ai/moai-adk/internal/cli/spec_status.go:107.45,109.16 2 1
github.com/modu-ai/moai-adk/internal/cli/spec_status.go:109.16,111.3 1 0
github.com/modu-ai/moai-adk/internal/cli/spec_status.go:113.2,116.53 2 1
github.com/modu-ai/moai-adk/internal/cli/spec_status.go:116.53,119.3 2 0
github.com/modu-ai/moai-adk/internal/cli/spec_status.go:122.2,123.16 2 1
github.com/modu-ai/moai-adk/internal/cli/spec_status.go:123.16,125.3 1 0
github.com/modu-ai/moai-adk/internal/cli/spec_status.go:128.2,132.32 3 1
github.com/modu-ai/moai-adk/internal/cli/spec_status.go:132.32,133.21 1 1
github.com/modu-ai/moai-adk/internal/cli/spec_status.go:133.21,134.12 1 0
github.com/modu-ai/moai-adk/internal/cli/spec_status.go:137.3,142.54 4 1
github.com/modu-ai/moai-adk/internal/cli/spec_status.go:142.54,144.4 1 1
github.com/modu-ai/moai-adk/internal/cli/spec_status.go:147.3,148.17 2 1
github.com/modu-ai/moai-adk/internal/cli/spec_status.go:148.17,149.12 1 0
github.com/modu-ai/moai-adk/internal/cli/spec_status.go:151.3,153.85 2 1
github.com/modu-ai/moai-adk/internal/cli/spec_status.go:156.2,156.12 1 1
github.com/modu-ai/moai-adk/internal/cli/spec_status.go:161.70,163.16 2 1
github.com/modu-ai/moai-adk/internal/cli/spec_status.go:163.16,165.3 1 0
github.com/modu-ai/moai-adk/internal/cli/spec_status.go:167.2,168.16 2 1
github.com/modu-ai/moai-adk/internal/cli/spec_status.go:168.16,170.3 1 0
github.com/modu-ai/moai-adk/internal/cli/spec_status.go:172.2,172.30 1 1
github.com/modu-ai/moai-adk/internal/cli/spec_status.go:172.30,175.3 2 0
github.com/modu-ai/moai-adk/internal/cli/spec_status.go:177.2,182.40 5 1
github.com/modu-ai/moai-adk/internal/cli/spec_status.go:182.40,185.79 2 1
github.com/modu-ai/moai-adk/internal/cli/spec_status.go:185.79,188.12 3 0
github.com/modu-ai/moai-adk/internal/cli/spec_status.go:191.3,192.54 2 1
github.com/modu-ai/moai-adk/internal/cli/spec_status.go:192.54,194.4 1 1
github.com/modu-ai/moai-adk/internal/cli/spec_status.go:196.3,196.69 1 1
github.com/modu-ai/moai-adk/internal/cli/spec_status.go:196.69,199.12 3 0
github.com/modu-ai/moai-adk/internal/cli/spec_status.go:202.3,204.19 2 1
github.com/modu-ai/moai-adk/internal/cli/spec_status.go:204.19,208.28 1 1
github.com/modu-ai/moai-adk/internal/cli/spec_status.go:208.28,210.5 1 1
github.com/modu-ai/moai-adk/internal/cli/spec_status.go:211.4,214.40 4 0
github.com/modu-ai/moai-adk/internal/cli/spec_status.go:214.40,217.13 3 0
github.com/modu-ai/moai-adk/internal/cli/spec_status.go:221.3,221.67 1 0
github.com/modu-ai/moai-adk/internal/cli/spec_status.go:221.67,223.12 2 0
github.com/modu-ai/moai-adk/internal/cli/spec_status.go:225.3,225.12 1 0
github.com/modu-ai/moai-adk/internal/cli/spec_status.go:228.2,229.12 2 0
github.com/modu-ai/moai-adk/internal/cli/spec_status.go:235.65,237.108 2 1
github.com/modu-ai/moai-adk/internal/cli/spec_status.go:237.108,239.3 1 0
github.com/modu-ai/moai-adk/internal/cli/spec_status.go:241.2,242.16 2 1
github.com/modu-ai/moai-adk/internal/cli/spec_status.go:242.16,246.3 1 0
github.com/modu-ai/moai-adk/internal/cli/spec_status.go:248.2,252.28 4 1
github.com/modu-ai/moai-adk/internal/cli/spec_status.go:252.28,253.15 1 1
github.com/modu-ai/moai-adk/internal/cli/spec_status.go:253.15,256.4 2 1
github.com/modu-ai/moai-adk/internal/cli/spec_status.go:259.2,259.20 1 1
github.com/modu-ai/moai-adk/internal/cli/spec_status.go:265.29,267.16 2 0
github.com/modu-ai/moai-adk/internal/cli/spec_status.go:267.16,269.3 1 0
github.com/modu-ai/moai-adk/internal/cli/spec_status.go:270.2,270.45 1 0
github.com/modu-ai/moai-adk/internal/cli/spec_view.go:16.38,27.55 2 1
github.com/modu-ai/moai-adk/internal/cli/spec_view.go:27.55,28.21 1 1
github.com/modu-ai/moai-adk/internal/cli/spec_view.go:28.21,30.5 1 0
github.com/modu-ai/moai-adk/internal/cli/spec_view.go:32.4,33.58 2 1
github.com/modu-ai/moai-adk/internal/cli/spec_view.go:37.2,39.12 2 1
github.com/modu-ai/moai-adk/internal/cli/spec_view.go:43.87,46.54 1 1
github.com/modu-ai/moai-adk/internal/cli/spec_view.go:46.54,48.3 1 1
github.com/modu-ai/moai-adk/internal/cli/spec_view.go:51.2,52.16 2 1
github.com/modu-ai/moai-adk/internal/cli/spec_view.go:52.16,54.3 1 0
github.com/modu-ai/moai-adk/internal/cli/spec_view.go:57.2,61.53 3 1
github.com/modu-ai/moai-adk/internal/cli/spec_view.go:61.53,63.3 1 1
github.com/modu-ai/moai-adk/internal/cli/spec_view.go:66.2,67.16 2 1
github.com/modu-ai/moai-adk/internal/cli/spec_view.go:67.16,69.3 1 0
github.com/modu-ai/moai-adk/internal/cli/spec_view.go:72.2,74.26 2 1
github.com/modu-ai/moai-adk/internal/cli/spec_view.go:74.26,76.35 1 0
github.com/modu-ai/moai-adk/internal/cli/spec_view.go:76.35,77.27 1 0
github.com/modu-ai/moai-adk/internal/cli/spec_view.go:78.44,79.62 1 0
github.com/modu-ai/moai-adk/internal/cli/spec_view.go:80.41,82.62 1 0
github.com/modu-ai/moai-adk/internal/cli/spec_view.go:83.12,85.46 1 0
github.com/modu-ai/moai-adk/internal/cli/spec_view.go:91.2,91.24 1 1
github.com/modu-ai/moai-adk/internal/cli/spec_view.go:91.24,94.3 2 1
github.com/modu-ai/moai-adk/internal/cli/spec_view.go:100.2,106.12 6 0
github.com/modu-ai/moai-adk/internal/cli/spec_view.go:111.124,113.2 1 1
github.com/modu-ai/moai-adk/internal/cli/spec_view.go:116.118,117.30 1 1
github.com/modu-ai/moai-adk/internal/cli/spec_view.go:117.30,122.27 3 1
github.com/modu-ai/moai-adk/internal/cli/spec_view.go:122.27,125.4 2 1
github.com/modu-ai/moai-adk/internal/cli/spec_view.go:125.9,128.4 2 1
github.com/modu-ai/moai-adk/internal/cli/spec_view.go:131.3,135.27 3 1
github.com/modu-ai/moai-adk/internal/cli/spec_view.go:135.27,137.4 1 1
github.com/modu-ai/moai-adk/internal/cli/spec_view.go:142.99,149.20 3 1
github.com/modu-ai/moai-adk/internal/cli/spec_view.go:149.20,151.3 1 1
github.com/modu-ai/moai-adk/internal/cli/spec_view.go:152.2,152.19 1 1
github.com/modu-ai/moai-adk/internal/cli/spec_view.go:152.19,154.3 1 1
github.com/modu-ai/moai-adk/internal/cli/spec_view.go:155.2,155.19 1 1
github.com/modu-ai/moai-adk/internal/cli/spec_view.go:155.19,157.3 1 1
github.com/modu-ai/moai-adk/internal/cli/spec_view.go:160.2,160.32 1 1
github.com/modu-ai/moai-adk/internal/cli/spec_view.go:160.32,162.43 2 1
github.com/modu-ai/moai-adk/internal/cli/spec_view.go:162.43,164.4 1 1
github.com/modu-ai/moai-adk/internal/cli/spec_view.go:165.3,165.79 1 1
github.com/modu-ai/moai-adk/internal/cli/spec_view.go:169.2,169.16 1 1
github.com/modu-ai/moai-adk/internal/cli/spec_view.go:169.16,171.21 2 1
github.com/modu-ai/moai-adk/internal/cli/spec_view.go:171.21,173.4 1 1
github.com/modu-ai/moai-adk/internal/cli/spec_view.go:174.3,175.35 2 1
github.com/modu-ai/moai-adk/internal/cli/spec_view.go:178.2,178.34 1 1
github.com/modu-ai/moai-adk/internal/cli/state.go:24.35,34.2 4 1
github.com/modu-ai/moai-adk/internal/cli/state.go:38.39,47.55 3 1
github.com/modu-ai/moai-adk/internal/cli/state.go:47.55,54.4 4 0
github.com/modu-ai/moai-adk/internal/cli/state.go:57.2,60.12 3 1
github.com/modu-ai/moai-adk/internal/cli/state.go:64.46,70.55 1 1
github.com/modu-ai/moai-adk/internal/cli/state.go:70.55,73.4 2 0
github.com/modu-ai/moai-adk/internal/cli/state.go:79.90,82.16 2 1
github.com/modu-ai/moai-adk/internal/cli/state.go:82.16,84.3 1 0
github.com/modu-ai/moai-adk/internal/cli/state.go:85.2,92.20 4 1
github.com/modu-ai/moai-adk/internal/cli/state.go:92.20,94.3 1 0
github.com/modu-ai/moai-adk/internal/cli/state.go:98.2,100.16 3 1
github.com/modu-ai/moai-adk/internal/cli/state.go:100.16,101.40 1 0
github.com/modu-ai/moai-adk/internal/cli/state.go:101.40,104.4 2 0
github.com/modu-ai/moai-adk/internal/cli/state.go:105.3,105.46 1 0
github.com/modu-ai/moai-adk/internal/cli/state.go:108.2,108.18 1 1
github.com/modu-ai/moai-adk/internal/cli/state.go:108.18,113.3 2 1
github.com/modu-ai/moai-adk/internal/cli/state.go:116.2,116.16 1 1
github.com/modu-ai/moai-adk/internal/cli/state.go:117.14,119.17 2 1
github.com/modu-ai/moai-adk/internal/cli/state.go:119.17,121.4 1 0
github.com/modu-ai/moai-adk/internal/cli/state.go:124.3,124.27 1 1
github.com/modu-ai/moai-adk/internal/cli/state.go:125.10,126.33 1 1
github.com/modu-ai/moai-adk/internal/cli/state.go:129.2,129.12 1 1
github.com/modu-ai/moai-adk/internal/cli/state.go:133.73,145.29 3 1
github.com/modu-ai/moai-adk/internal/cli/state.go:145.29,147.3 1 1
github.com/modu-ai/moai-adk/internal/cli/state.go:148.2,148.29 1 1
github.com/modu-ai/moai-adk/internal/cli/state.go:148.29,151.3 2 1
github.com/modu-ai/moai-adk/internal/cli/state.go:152.2,152.39 1 1
github.com/modu-ai/moai-adk/internal/cli/state.go:156.46,159.16 2 1
github.com/modu-ai/moai-adk/internal/cli/state.go:159.16,161.3 1 0
github.com/modu-ai/moai-adk/internal/cli/state.go:162.2,167.16 4 1
github.com/modu-ai/moai-adk/internal/cli/state.go:167.16,169.3 1 0
github.com/modu-ai/moai-adk/internal/cli/state.go:171.2,171.23 1 1
github.com/modu-ai/moai-adk/internal/cli/state.go:171.23,175.3 2 1
github.com/modu-ai/moai-adk/internal/cli/state.go:178.2,181.32 3 1
github.com/modu-ai/moai-adk/internal/cli/state.go:181.32,183.17 2 1
github.com/modu-ai/moai-adk/internal/cli/state.go:183.17,184.12 1 0
github.com/modu-ai/moai-adk/internal/cli/state.go:187.3,188.56 2 1
github.com/modu-ai/moai-adk/internal/cli/state.go:188.56,189.12 1 0
github.com/modu-ai/moai-adk/internal/cli/state.go:192.3,192.63 1 1
github.com/modu-ai/moai-adk/internal/cli/state.go:192.63,195.4 2 1
github.com/modu-ai/moai-adk/internal/cli/state.go:198.2,198.26 1 1
github.com/modu-ai/moai-adk/internal/cli/state.go:198.26,202.3 2 1
github.com/modu-ai/moai-adk/internal/cli/state.go:205.2,206.16 2 1
github.com/modu-ai/moai-adk/internal/cli/state.go:206.16,208.3 1 0
github.com/modu-ai/moai-adk/internal/cli/state.go:211.2,212.12 2 1
github.com/modu-ai/moai-adk/internal/cli/state.go:229.37,230.69 1 1
github.com/modu-ai/moai-adk/internal/cli/state.go:230.69,232.3 1 1
github.com/modu-ai/moai-adk/internal/cli/state.go:233.2,233.28 1 1
github.com/modu-ai/moai-adk/internal/cli/state.go:245.42,247.16 2 1
github.com/modu-ai/moai-adk/internal/cli/state.go:247.16,249.3 1 0
github.com/modu-ai/moai-adk/internal/cli/state.go:250.2,250.30 1 1
github.com/modu-ai/moai-adk/internal/cli/state.go:260.53,262.16 2 1
github.com/modu-ai/moai-adk/internal/cli/state.go:262.16,264.3 1 1
github.com/modu-ai/moai-adk/internal/cli/state.go:265.2,266.73 2 1
github.com/modu-ai/moai-adk/internal/cli/state.go:266.73,268.3 1 1
github.com/modu-ai/moai-adk/internal/cli/state.go:269.2,269.22 1 1
github.com/modu-ai/moai-adk/internal/cli/state.go:274.38,275.61 1 1
github.com/modu-ai/moai-adk/internal/cli/state.go:275.61,277.3 1 1
github.com/modu-ai/moai-adk/internal/cli/state.go:278.2,278.12 1 0
github.com/modu-ai/moai-adk/internal/cli/state.go:288.57,290.2 1 1
github.com/modu-ai/moai-adk/internal/cli/state.go:294.60,296.2 1 1
github.com/modu-ai/moai-adk/internal/cli/state.go:299.44,301.2 1 1
github.com/modu-ai/moai-adk/internal/cli/status.go:25.13,27.2 1 1
github.com/modu-ai/moai-adk/internal/cli/status.go:36.54,40.16 3 1
github.com/modu-ai/moai-adk/internal/cli/status.go:40.16,42.3 1 0
github.com/modu-ai/moai-adk/internal/cli/status.go:44.2,54.52 8 1
github.com/modu-ai/moai-adk/internal/cli/status.go:54.52,59.3 3 1
github.com/modu-ai/moai-adk/internal/cli/status.go:61.2,78.12 9 1
github.com/modu-ai/moai-adk/internal/cli/status.go:82.32,84.16 2 1
github.com/modu-ai/moai-adk/internal/cli/status.go:84.16,86.3 1 1
github.com/modu-ai/moai-adk/internal/cli/status.go:87.2,88.28 2 1
github.com/modu-ai/moai-adk/internal/cli/status.go:88.28,89.16 1 1
github.com/modu-ai/moai-adk/internal/cli/status.go:89.16,91.4 1 1
github.com/modu-ai/moai-adk/internal/cli/status.go:93.2,93.14 1 1
github.com/modu-ai/moai-adk/internal/cli/status.go:97.38,99.16 2 1
github.com/modu-ai/moai-adk/internal/cli/status.go:99.16,101.3 1 1
github.com/modu-ai/moai-adk/internal/cli/status.go:102.2,103.28 2 1
github.com/modu-ai/moai-adk/internal/cli/status.go:103.28,104.50 1 1
github.com/modu-ai/moai-adk/internal/cli/status.go:104.50,106.4 1 1
github.com/modu-ai/moai-adk/internal/cli/status.go:108.2,108.14 1 1
github.com/modu-ai/moai-adk/internal/cli/statusline.go:39.13,46.2 4 1
github.com/modu-ai/moai-adk/internal/cli/statusline.go:53.58,57.29 1 1
github.com/modu-ai/moai-adk/internal/cli/statusline.go:57.29,60.3 2 0
github.com/modu-ai/moai-adk/internal/cli/statusline.go:64.2,64.57 1 1
github.com/modu-ai/moai-adk/internal/cli/statusline.go:64.57,66.17 2 1
github.com/modu-ai/moai-adk/internal/cli/statusline.go:66.17,68.4 1 1
github.com/modu-ai/moai-adk/internal/cli/statusline.go:71.2,89.26 8 1
github.com/modu-ai/moai-adk/internal/cli/statusline.go:89.26,95.3 2 1
github.com/modu-ai/moai-adk/internal/cli/statusline.go:106.2,124.16 6 1
github.com/modu-ai/moai-adk/internal/cli/statusline.go:124.16,128.3 2 0
github.com/modu-ai/moai-adk/internal/cli/statusline.go:130.2,131.12 2 1
github.com/modu-ai/moai-adk/internal/cli/statusline.go:135.34,138.2 2 1
github.com/modu-ai/moai-adk/internal/cli/statusline.go:143.39,145.16 2 1
github.com/modu-ai/moai-adk/internal/cli/statusline.go:145.16,147.3 1 0
github.com/modu-ai/moai-adk/internal/cli/statusline.go:151.2,151.45 1 1
github.com/modu-ai/moai-adk/internal/cli/statusline.go:151.45,153.3 1 1
github.com/modu-ai/moai-adk/internal/cli/statusline.go:156.2,156.25 1 1
github.com/modu-ai/moai-adk/internal/cli/statusline.go:160.36,162.2 1 1
github.com/modu-ai/moai-adk/internal/cli/statusline.go:178.73,179.23 1 1
github.com/modu-ai/moai-adk/internal/cli/statusline.go:179.23,181.3 1 1
github.com/modu-ai/moai-adk/internal/cli/statusline.go:183.2,186.16 3 1
github.com/modu-ai/moai-adk/internal/cli/statusline.go:186.16,188.3 1 1
github.com/modu-ai/moai-adk/internal/cli/statusline.go:190.2,197.51 2 1
github.com/modu-ai/moai-adk/internal/cli/statusline.go:197.51,199.3 1 1
github.com/modu-ai/moai-adk/internal/cli/statusline.go:201.2,204.3 1 1
github.com/modu-ai/moai-adk/internal/cli/telemetry.go:42.13,45.2 2 1
github.com/modu-ai/moai-adk/internal/cli/telemetry.go:48.63,50.16 2 1
github.com/modu-ai/moai-adk/internal/cli/telemetry.go:50.16,52.3 1 0
github.com/modu-ai/moai-adk/internal/cli/telemetry.go:53.2,53.15 1 1
github.com/modu-ai/moai-adk/internal/cli/telemetry.go:53.15,55.3 1 1
github.com/modu-ai/moai-adk/internal/cli/telemetry.go:57.2,58.16 2 1
github.com/modu-ai/moai-adk/internal/cli/telemetry.go:58.16,60.3 1 0
github.com/modu-ai/moai-adk/internal/cli/telemetry.go:62.2,63.16 2 1
github.com/modu-ai/moai-adk/internal/cli/telemetry.go:63.16,65.3 1 0
github.com/modu-ai/moai-adk/internal/cli/telemetry.go:67.2,68.12 2 1
github.com/modu-ai/moai-adk/internal/cli/theme.go:11.31,13.2 1 1
github.com/modu-ai/moai-adk/internal/cli/todo.go:43.13,44.44 1 1
github.com/modu-ai/moai-adk/internal/cli/todo.go:44.44,44.70 1 1
github.com/modu-ai/moai-adk/internal/cli/todo.go:55.42,57.2 1 1
github.com/modu-ai/moai-adk/internal/cli/todo.go:70.36,72.2 1 1
github.com/modu-ai/moai-adk/internal/cli/todo.go:76.42,78.2 1 1
github.com/modu-ai/moai-adk/internal/cli/todo.go:87.29,89.2 1 1
github.com/modu-ai/moai-adk/internal/cli/todo.go:92.34,120.55 1 1
github.com/modu-ai/moai-adk/internal/cli/todo.go:120.55,132.59 1 1
github.com/modu-ai/moai-adk/internal/cli/todo.go:132.59,134.5 1 1
github.com/modu-ai/moai-adk/internal/cli/todo.go:135.4,135.21 1 1
github.com/modu-ai/moai-adk/internal/cli/todo.go:135.21,137.5 1 1
github.com/modu-ai/moai-adk/internal/cli/todo.go:138.4,138.34 1 1
github.com/modu-ai/moai-adk/internal/cli/todo.go:140.55,141.22 1 1
github.com/modu-ai/moai-adk/internal/cli/todo.go:141.22,143.5 1 1
github.com/modu-ai/moai-adk/internal/cli/todo.go:144.4,144.64 1 1
github.com/modu-ai/moai-adk/internal/cli/todo.go:148.2,153.12 2 1
github.com/modu-ai/moai-adk/internal/cli/todo.go:180.69,181.19 1 1
github.com/modu-ai/moai-adk/internal/cli/todo.go:181.19,183.3 1 1
github.com/modu-ai/moai-adk/internal/cli/todo.go:184.2,184.84 1 1
github.com/modu-ai/moai-adk/internal/cli/todo.go:184.84,186.3 1 1
github.com/modu-ai/moai-adk/internal/cli/todo.go:187.2,191.76 2 1
github.com/modu-ai/moai-adk/internal/cli/todo.go:197.49,198.16 1 1
github.com/modu-ai/moai-adk/internal/cli/todo.go:198.16,200.3 1 0
github.com/modu-ai/moai-adk/internal/cli/todo.go:201.2,202.37 2 1
github.com/modu-ai/moai-adk/internal/cli/todo.go:202.37,203.71 1 1
github.com/modu-ai/moai-adk/internal/cli/todo.go:203.71,204.12 1 1
github.com/modu-ai/moai-adk/internal/cli/todo.go:206.3,206.36 1 1
github.com/modu-ai/moai-adk/internal/cli/todo.go:208.2,209.14 2 1
github.com/modu-ai/moai-adk/internal/cli/todo.go:215.37,222.55 3 1
github.com/modu-ai/moai-adk/internal/cli/todo.go:222.55,224.37 2 1
github.com/modu-ai/moai-adk/internal/cli/todo.go:224.37,226.5 1 1
github.com/modu-ai/moai-adk/internal/cli/todo.go:227.4,227.12 1 1
github.com/modu-ai/moai-adk/internal/cli/todo.go:227.12,229.5 1 1
github.com/modu-ai/moai-adk/internal/cli/todo.go:230.4,230.45 1 1
github.com/modu-ai/moai-adk/internal/cli/todo.go:233.2,237.12 3 1
github.com/modu-ai/moai-adk/internal/cli/todo.go:244.74,245.35 1 1
github.com/modu-ai/moai-adk/internal/cli/todo.go:245.35,247.3 1 0
github.com/modu-ai/moai-adk/internal/cli/todo.go:248.2,250.69 3 1
github.com/modu-ai/moai-adk/internal/cli/todo.go:250.69,254.3 3 1
github.com/modu-ai/moai-adk/internal/cli/todo.go:255.2,255.16 1 1
github.com/modu-ai/moai-adk/internal/cli/todo.go:255.16,258.3 2 1
github.com/modu-ai/moai-adk/internal/cli/todo.go:259.2,260.12 2 1
github.com/modu-ai/moai-adk/internal/cli/todo.go:272.100,274.60 2 1
github.com/modu-ai/moai-adk/internal/cli/todo.go:274.60,278.3 3 1
github.com/modu-ai/moai-adk/internal/cli/todo.go:279.2,279.16 1 1
github.com/modu-ai/moai-adk/internal/cli/todo.go:279.16,282.3 2 0
github.com/modu-ai/moai-adk/internal/cli/todo.go:283.2,284.12 2 1
github.com/modu-ai/moai-adk/internal/cli/todo.go:290.61,293.16 3 1
github.com/modu-ai/moai-adk/internal/cli/todo.go:293.16,296.3 2 0
github.com/modu-ai/moai-adk/internal/cli/todo.go:297.2,298.16 2 1
github.com/modu-ai/moai-adk/internal/cli/todo.go:298.16,300.17 2 1
github.com/modu-ai/moai-adk/internal/cli/todo.go:300.17,302.4 1 0
github.com/modu-ai/moai-adk/internal/cli/todo.go:303.3,304.13 2 1
github.com/modu-ai/moai-adk/internal/cli/todo.go:306.2,306.25 1 1
github.com/modu-ai/moai-adk/internal/cli/todo.go:306.25,309.3 2 1
github.com/modu-ai/moai-adk/internal/cli/todo.go:310.2,310.31 1 1
github.com/modu-ai/moai-adk/internal/cli/todo.go:310.31,312.34 2 1
github.com/modu-ai/moai-adk/internal/cli/todo.go:312.34,313.23 1 1
github.com/modu-ai/moai-adk/internal/cli/todo.go:313.23,314.13 1 1
github.com/modu-ai/moai-adk/internal/cli/todo.go:316.4,316.60 1 1
github.com/modu-ai/moai-adk/internal/cli/todo.go:319.2,319.12 1 1
github.com/modu-ai/moai-adk/internal/cli/todo.go:324.38,330.55 2 1
github.com/modu-ai/moai-adk/internal/cli/todo.go:330.55,332.4 1 1
github.com/modu-ai/moai-adk/internal/cli/todo.go:334.2,336.12 2 1
github.com/modu-ai/moai-adk/internal/cli/todo.go:353.38,379.55 4 1
github.com/modu-ai/moai-adk/internal/cli/todo.go:379.55,385.65 4 1
github.com/modu-ai/moai-adk/internal/cli/todo.go:385.65,389.30 2 1
github.com/modu-ai/moai-adk/internal/cli/todo.go:389.30,390.31 1 1
github.com/modu-ai/moai-adk/internal/cli/todo.go:390.31,392.12 2 1
github.com/modu-ai/moai-adk/internal/cli/todo.go:395.5,395.15 1 1
github.com/modu-ai/moai-adk/internal/cli/todo.go:395.15,397.6 1 1
github.com/modu-ai/moai-adk/internal/cli/todo.go:398.5,398.71 1 1
github.com/modu-ai/moai-adk/internal/cli/todo.go:398.71,401.6 1 1
github.com/modu-ai/moai-adk/internal/cli/todo.go:402.5,402.22 1 1
github.com/modu-ai/moai-adk/internal/cli/todo.go:402.22,404.20 2 1
github.com/modu-ai/moai-adk/internal/cli/todo.go:404.20,406.7 1 1
github.com/modu-ai/moai-adk/internal/cli/todo.go:407.6,407.22 1 1
github.com/modu-ai/moai-adk/internal/cli/todo.go:409.5,409.31 1 1
github.com/modu-ai/moai-adk/internal/cli/todo.go:410.19,413.5 2 1
github.com/modu-ai/moai-adk/internal/cli/todo.go:418.4,419.14 2 1
github.com/modu-ai/moai-adk/internal/cli/todo.go:422.2,426.12 3 1
github.com/modu-ai/moai-adk/internal/cli/todo.go:443.85,446.16 3 1
github.com/modu-ai/moai-adk/internal/cli/todo.go:446.16,451.3 2 1
github.com/modu-ai/moai-adk/internal/cli/todo.go:452.2,452.39 1 1
github.com/modu-ai/moai-adk/internal/cli/todo.go:452.39,456.3 1 1
github.com/modu-ai/moai-adk/internal/cli/todo.go:457.2,457.20 1 1
github.com/modu-ai/moai-adk/internal/cli/todo.go:467.38,480.55 3 1
github.com/modu-ai/moai-adk/internal/cli/todo.go:480.55,484.22 3 1
github.com/modu-ai/moai-adk/internal/cli/todo.go:484.22,486.19 2 1
github.com/modu-ai/moai-adk/internal/cli/todo.go:486.19,489.6 2 0
github.com/modu-ai/moai-adk/internal/cli/todo.go:490.5,491.34 2 1
github.com/modu-ai/moai-adk/internal/cli/todo.go:491.34,492.47 1 1
github.com/modu-ai/moai-adk/internal/cli/todo.go:492.47,493.15 1 1
github.com/modu-ai/moai-adk/internal/cli/todo.go:495.6,496.57 2 1
github.com/modu-ai/moai-adk/internal/cli/todo.go:498.5,498.20 1 1
github.com/modu-ai/moai-adk/internal/cli/todo.go:498.20,500.6 1 0
github.com/modu-ai/moai-adk/internal/cli/todo.go:501.5,501.15 1 1
github.com/modu-ai/moai-adk/internal/cli/todo.go:504.4,506.65 3 1
github.com/modu-ai/moai-adk/internal/cli/todo.go:506.65,507.30 1 1
github.com/modu-ai/moai-adk/internal/cli/todo.go:507.30,508.31 1 1
github.com/modu-ai/moai-adk/internal/cli/todo.go:508.31,509.72 1 1
github.com/modu-ai/moai-adk/internal/cli/todo.go:509.72,514.8 1 1
github.com/modu-ai/moai-adk/internal/cli/todo.go:515.7,517.23 3 1
github.com/modu-ai/moai-adk/internal/cli/todo.go:517.23,522.8 2 1
github.com/modu-ai/moai-adk/internal/cli/todo.go:523.7,523.17 1 1
github.com/modu-ai/moai-adk/internal/cli/todo.go:526.5,526.48 1 1
github.com/modu-ai/moai-adk/internal/cli/todo.go:527.19,530.5 2 1
github.com/modu-ai/moai-adk/internal/cli/todo.go:531.4,532.14 2 1
github.com/modu-ai/moai-adk/internal/cli/todo.go:535.2,539.12 3 1
github.com/modu-ai/moai-adk/internal/cli/todo.go:547.40,552.55 1 1
github.com/modu-ai/moai-adk/internal/cli/todo.go:552.55,556.65 4 1
github.com/modu-ai/moai-adk/internal/cli/todo.go:556.65,557.30 1 1
github.com/modu-ai/moai-adk/internal/cli/todo.go:557.30,558.31 1 1
github.com/modu-ai/moai-adk/internal/cli/todo.go:558.31,559.15 1 1
github.com/modu-ai/moai-adk/internal/cli/todo.go:561.6,561.57 1 1
github.com/modu-ai/moai-adk/internal/cli/todo.go:561.57,565.7 1 1
github.com/modu-ai/moai-adk/internal/cli/todo.go:566.6,569.16 4 1
github.com/modu-ai/moai-adk/internal/cli/todo.go:571.5,571.48 1 1
github.com/modu-ai/moai-adk/internal/cli/todo.go:572.19,575.5 2 1
github.com/modu-ai/moai-adk/internal/cli/todo.go:576.4,577.14 2 1
github.com/modu-ai/moai-adk/internal/cli/todo.go:584.42,585.34 1 1
github.com/modu-ai/moai-adk/internal/cli/todo.go:585.34,587.3 1 1
github.com/modu-ai/moai-adk/internal/cli/todo.go:588.2,588.12 1 1
github.com/modu-ai/moai-adk/internal/cli/todo.go:600.41,602.37 2 1
github.com/modu-ai/moai-adk/internal/cli/todo.go:602.37,604.3 1 1
github.com/modu-ai/moai-adk/internal/cli/todo.go:605.2,605.50 1 1
github.com/modu-ai/moai-adk/internal/cli/todo.go:608.13,610.2 1 1
github.com/modu-ai/moai-adk/internal/cli/todo_analysis.go:37.137,39.54 2 1
github.com/modu-ai/moai-adk/internal/cli/todo_analysis.go:39.54,43.3 1 1
github.com/modu-ai/moai-adk/internal/cli/todo_analysis.go:45.2,57.20 4 1
github.com/modu-ai/moai-adk/internal/cli/todo_analysis.go:58.32,66.5 1 1
github.com/modu-ai/moai-adk/internal/cli/todo_analysis.go:67.31,75.5 1 1
github.com/modu-ai/moai-adk/internal/cli/todo_analysis.go:76.31,76.31 0 1
github.com/modu-ai/moai-adk/internal/cli/todo_analysis.go:79.2,80.31 2 1
github.com/modu-ai/moai-adk/internal/cli/todo_analysis.go:80.31,81.44 1 1
github.com/modu-ai/moai-adk/internal/cli/todo_analysis.go:81.44,83.4 1 1
github.com/modu-ai/moai-adk/internal/cli/todo_analysis.go:85.2,85.23 1 1
github.com/modu-ai/moai-adk/internal/cli/todo_analysis.go:90.64,91.31 1 1
github.com/modu-ai/moai-adk/internal/cli/todo_analysis.go:91.31,92.18 1 1
github.com/modu-ai/moai-adk/internal/cli/todo_analysis.go:92.18,94.4 1 1
github.com/modu-ai/moai-adk/internal/cli/todo_analysis.go:96.2,96.11 1 0
github.com/modu-ai/moai-adk/internal/cli/todo_analysis.go:109.41,114.55 1 1
github.com/modu-ai/moai-adk/internal/cli/todo_analysis.go:114.55,116.71 2 1
github.com/modu-ai/moai-adk/internal/cli/todo_analysis.go:116.71,119.5 2 1
github.com/modu-ai/moai-adk/internal/cli/todo_analysis.go:120.4,120.18 1 1
github.com/modu-ai/moai-adk/internal/cli/todo_analysis.go:120.18,123.5 2 0
github.com/modu-ai/moai-adk/internal/cli/todo_analysis.go:124.4,126.14 2 1
github.com/modu-ai/moai-adk/internal/cli/todo_analysis.go:139.68,141.36 2 1
github.com/modu-ai/moai-adk/internal/cli/todo_analysis.go:141.36,142.50 1 1
github.com/modu-ai/moai-adk/internal/cli/todo_analysis.go:142.50,143.12 1 0
github.com/modu-ai/moai-adk/internal/cli/todo_analysis.go:145.3,145.41 1 1
github.com/modu-ai/moai-adk/internal/cli/todo_analysis.go:145.41,146.51 1 1
github.com/modu-ai/moai-adk/internal/cli/todo_analysis.go:146.51,147.13 1 0
github.com/modu-ai/moai-adk/internal/cli/todo_analysis.go:149.4,152.11 4 1
github.com/modu-ai/moai-adk/internal/cli/todo_analysis.go:154.86,155.63 1 0
github.com/modu-ai/moai-adk/internal/cli/todo_analysis.go:156.70,157.51 1 1
github.com/modu-ai/moai-adk/internal/cli/todo_analysis.go:158.12,159.13 1 1
github.com/modu-ai/moai-adk/internal/cli/todo_analysis.go:161.4,168.7 1 1
github.com/modu-ai/moai-adk/internal/cli/todo_analysis.go:168.7,170.5 1 1
github.com/modu-ai/moai-adk/internal/cli/todo_analysis.go:173.2,173.24 1 1
github.com/modu-ai/moai-adk/internal/cli/todo_analysis.go:188.96,190.27 2 1
github.com/modu-ai/moai-adk/internal/cli/todo_analysis.go:190.27,192.3 1 1
github.com/modu-ai/moai-adk/internal/cli/todo_analysis.go:193.2,194.82 2 1
github.com/modu-ai/moai-adk/internal/cli/todo_analysis.go:194.82,196.3 1 1
github.com/modu-ai/moai-adk/internal/cli/todo_analysis.go:201.2,202.48 2 1
github.com/modu-ai/moai-adk/internal/cli/todo_analysis.go:202.48,204.3 1 1
github.com/modu-ai/moai-adk/internal/cli/todo_analysis.go:205.2,206.18 2 1
github.com/modu-ai/moai-adk/internal/cli/todo_analysis.go:206.18,208.3 1 0
github.com/modu-ai/moai-adk/internal/cli/todo_analysis.go:209.2,210.72 1 1
github.com/modu-ai/moai-adk/internal/cli/todo_drop.go:63.38,81.55 2 1
github.com/modu-ai/moai-adk/internal/cli/todo_drop.go:81.55,84.20 3 1
github.com/modu-ai/moai-adk/internal/cli/todo_drop.go:84.20,88.5 3 1
github.com/modu-ai/moai-adk/internal/cli/todo_drop.go:89.4,89.37 1 1
github.com/modu-ai/moai-adk/internal/cli/todo_drop.go:89.37,93.5 3 1
github.com/modu-ai/moai-adk/internal/cli/todo_drop.go:95.4,97.65 3 1
github.com/modu-ai/moai-adk/internal/cli/todo_drop.go:97.65,98.30 1 1
github.com/modu-ai/moai-adk/internal/cli/todo_drop.go:98.30,99.31 1 1
github.com/modu-ai/moai-adk/internal/cli/todo_drop.go:99.31,100.15 1 1
github.com/modu-ai/moai-adk/internal/cli/todo_drop.go:104.6,104.71 1 1
github.com/modu-ai/moai-adk/internal/cli/todo_drop.go:104.71,107.7 1 1
github.com/modu-ai/moai-adk/internal/cli/todo_drop.go:108.6,108.32 1 1
github.com/modu-ai/moai-adk/internal/cli/todo_drop.go:109.38,110.66 1 1
github.com/modu-ai/moai-adk/internal/cli/todo_drop.go:111.37,111.37 0 1
github.com/modu-ai/moai-adk/internal/cli/todo_drop.go:113.14,116.31 1 1
github.com/modu-ai/moai-adk/internal/cli/todo_drop.go:118.6,121.16 4 1
github.com/modu-ai/moai-adk/internal/cli/todo_drop.go:123.5,123.48 1 1
github.com/modu-ai/moai-adk/internal/cli/todo_drop.go:124.19,127.5 2 1
github.com/modu-ai/moai-adk/internal/cli/todo_drop.go:128.4,130.14 2 1
github.com/modu-ai/moai-adk/internal/cli/todo_drop.go:133.2,135.12 2 1
github.com/modu-ai/moai-adk/internal/cli/todo_drop.go:146.40,160.55 2 1
github.com/modu-ai/moai-adk/internal/cli/todo_drop.go:160.55,164.65 4 1
github.com/modu-ai/moai-adk/internal/cli/todo_drop.go:164.65,165.30 1 1
github.com/modu-ai/moai-adk/internal/cli/todo_drop.go:165.30,166.31 1 1
github.com/modu-ai/moai-adk/internal/cli/todo_drop.go:166.31,167.15 1 1
github.com/modu-ai/moai-adk/internal/cli/todo_drop.go:169.6,169.71 1 1
github.com/modu-ai/moai-adk/internal/cli/todo_drop.go:169.71,172.7 1 1
github.com/modu-ai/moai-adk/internal/cli/todo_drop.go:173.6,173.58 1 1
github.com/modu-ai/moai-adk/internal/cli/todo_drop.go:173.58,175.7 1 1
github.com/modu-ai/moai-adk/internal/cli/todo_drop.go:176.6,179.16 4 1
github.com/modu-ai/moai-adk/internal/cli/todo_drop.go:181.5,181.48 1 1
github.com/modu-ai/moai-adk/internal/cli/todo_drop.go:182.19,185.5 2 1
github.com/modu-ai/moai-adk/internal/cli/todo_drop.go:186.4,187.14 2 1
github.com/modu-ai/moai-adk/internal/cli/todo_drop.go:190.2,192.12 2 1
github.com/modu-ai/moai-adk/internal/cli/todo_drop.go:200.46,201.50 1 1
github.com/modu-ai/moai-adk/internal/cli/todo_drop.go:201.50,203.3 1 1
github.com/modu-ai/moai-adk/internal/cli/todo_drop.go:204.2,206.13 3 1
github.com/modu-ai/moai-adk/internal/cli/todo_drop.go:206.13,208.3 1 0
github.com/modu-ai/moai-adk/internal/cli/todo_drop.go:209.2,209.44 1 1
github.com/modu-ai/moai-adk/internal/cli/todo_edit_move.go:42.38,56.55 2 1
github.com/modu-ai/moai-adk/internal/cli/todo_edit_move.go:56.55,59.37 3 1
github.com/modu-ai/moai-adk/internal/cli/todo_edit_move.go:59.37,63.5 3 1
github.com/modu-ai/moai-adk/internal/cli/todo_edit_move.go:64.4,66.65 3 1
github.com/modu-ai/moai-adk/internal/cli/todo_edit_move.go:66.65,67.30 1 1
github.com/modu-ai/moai-adk/internal/cli/todo_edit_move.go:67.30,68.31 1 1
github.com/modu-ai/moai-adk/internal/cli/todo_edit_move.go:68.31,69.15 1 1
github.com/modu-ai/moai-adk/internal/cli/todo_edit_move.go:71.6,71.71 1 1
github.com/modu-ai/moai-adk/internal/cli/todo_edit_move.go:71.71,76.7 1 1
github.com/modu-ai/moai-adk/internal/cli/todo_edit_move.go:77.6,79.16 3 1
github.com/modu-ai/moai-adk/internal/cli/todo_edit_move.go:81.5,81.48 1 1
github.com/modu-ai/moai-adk/internal/cli/todo_edit_move.go:82.19,85.5 2 1
github.com/modu-ai/moai-adk/internal/cli/todo_edit_move.go:86.4,88.14 2 1
github.com/modu-ai/moai-adk/internal/cli/todo_edit_move.go:91.2,93.12 2 1
github.com/modu-ai/moai-adk/internal/cli/todo_edit_move.go:106.38,121.55 3 1
github.com/modu-ai/moai-adk/internal/cli/todo_edit_move.go:121.55,124.18 3 1
github.com/modu-ai/moai-adk/internal/cli/todo_edit_move.go:124.18,127.5 2 1
github.com/modu-ai/moai-adk/internal/cli/todo_edit_move.go:128.4,131.65 4 1
github.com/modu-ai/moai-adk/internal/cli/todo_edit_move.go:131.65,133.19 2 1
github.com/modu-ai/moai-adk/internal/cli/todo_edit_move.go:133.19,137.6 1 1
github.com/modu-ai/moai-adk/internal/cli/todo_edit_move.go:138.5,140.15 3 1
github.com/modu-ai/moai-adk/internal/cli/todo_edit_move.go:141.19,144.5 2 1
github.com/modu-ai/moai-adk/internal/cli/todo_edit_move.go:145.4,146.14 2 1
github.com/modu-ai/moai-adk/internal/cli/todo_edit_move.go:149.2,153.12 5 1
github.com/modu-ai/moai-adk/internal/cli/todo_edit_move.go:166.90,168.9 2 1
github.com/modu-ai/moai-adk/internal/cli/todo_edit_move.go:168.9,170.3 1 1
github.com/modu-ai/moai-adk/internal/cli/todo_edit_move.go:171.2,171.12 1 1
github.com/modu-ai/moai-adk/internal/cli/todo_edit_move.go:171.12,173.3 1 1
github.com/modu-ai/moai-adk/internal/cli/todo_edit_move.go:174.2,174.18 1 1
github.com/modu-ai/moai-adk/internal/cli/todo_edit_move.go:174.18,176.3 1 1
github.com/modu-ai/moai-adk/internal/cli/todo_edit_move.go:177.2,177.17 1 1
github.com/modu-ai/moai-adk/internal/cli/todo_edit_move.go:177.17,179.3 1 1
github.com/modu-ai/moai-adk/internal/cli/todo_edit_move.go:180.2,180.22 1 1
github.com/modu-ai/moai-adk/internal/cli/todo_edit_move.go:180.22,184.3 1 1
github.com/modu-ai/moai-adk/internal/cli/todo_edit_move.go:185.2,185.23 1 1
github.com/modu-ai/moai-adk/internal/cli/todo_edit_move.go:195.94,197.14 2 1
github.com/modu-ai/moai-adk/internal/cli/todo_edit_move.go:197.14,199.3 1 1
github.com/modu-ai/moai-adk/internal/cli/todo_edit_move.go:200.2,200.77 1 1
github.com/modu-ai/moai-adk/internal/cli/todo_edit_move.go:200.77,202.3 1 1
github.com/modu-ai/moai-adk/internal/cli/todo_edit_move.go:204.2,210.21 6 1
github.com/modu-ai/moai-adk/internal/cli/todo_edit_move.go:211.13,212.9 1 1
github.com/modu-ai/moai-adk/internal/cli/todo_edit_move.go:213.16,214.17 1 1
github.com/modu-ai/moai-adk/internal/cli/todo_edit_move.go:215.10,217.14 2 1
github.com/modu-ai/moai-adk/internal/cli/todo_edit_move.go:217.14,219.4 1 1
github.com/modu-ai/moai-adk/internal/cli/todo_edit_move.go:220.3,221.29 2 1
github.com/modu-ai/moai-adk/internal/cli/todo_edit_move.go:221.29,223.4 1 1
github.com/modu-ai/moai-adk/internal/cli/todo_edit_move.go:226.2,231.16 6 1
github.com/modu-ai/moai-adk/internal/cli/todo_edit_move.go:235.63,236.23 1 1
github.com/modu-ai/moai-adk/internal/cli/todo_edit_move.go:236.23,237.24 1 1
github.com/modu-ai/moai-adk/internal/cli/todo_edit_move.go:237.24,239.4 1 1
github.com/modu-ai/moai-adk/internal/cli/todo_edit_move.go:241.2,241.11 1 1
github.com/modu-ai/moai-adk/internal/cli/todo_export.go:32.44,45.55 1 1
github.com/modu-ai/moai-adk/internal/cli/todo_export.go:45.55,47.4 1 1
github.com/modu-ai/moai-adk/internal/cli/todo_export.go:57.50,61.61 3 1
github.com/modu-ai/moai-adk/internal/cli/todo_export.go:61.61,64.3 2 1
github.com/modu-ai/moai-adk/internal/cli/todo_export.go:64.17,66.3 1 1
github.com/modu-ai/moai-adk/internal/cli/todo_export.go:68.2,69.16 2 1
github.com/modu-ai/moai-adk/internal/cli/todo_export.go:69.16,71.3 1 0
github.com/modu-ai/moai-adk/internal/cli/todo_export.go:72.2,75.59 3 1
github.com/modu-ai/moai-adk/internal/cli/todo_export.go:75.59,77.3 1 0
github.com/modu-ai/moai-adk/internal/cli/todo_export.go:81.2,84.12 3 1
github.com/modu-ai/moai-adk/internal/cli/todo_export.go:101.82,102.28 1 1
github.com/modu-ai/moai-adk/internal/cli/todo_export.go:102.28,104.3 1 1
github.com/modu-ai/moai-adk/internal/cli/todo_export.go:105.2,109.21 1 1
github.com/modu-ai/moai-adk/internal/cli/todo_export.go:115.58,117.48 2 1
github.com/modu-ai/moai-adk/internal/cli/todo_export.go:117.48,119.3 1 1
github.com/modu-ai/moai-adk/internal/cli/todo_export.go:120.2,121.16 2 1
github.com/modu-ai/moai-adk/internal/cli/todo_export.go:121.16,123.3 1 0
github.com/modu-ai/moai-adk/internal/cli/todo_export.go:124.2,125.43 2 1
github.com/modu-ai/moai-adk/internal/cli/todo_export.go:125.43,129.3 3 0
github.com/modu-ai/moai-adk/internal/cli/todo_export.go:130.2,130.36 1 1
github.com/modu-ai/moai-adk/internal/cli/todo_export.go:130.36,133.3 2 0
github.com/modu-ai/moai-adk/internal/cli/todo_export.go:134.2,134.57 1 1
github.com/modu-ai/moai-adk/internal/cli/todo_export.go:134.57,137.3 2 1
github.com/modu-ai/moai-adk/internal/cli/todo_export.go:138.2,138.12 1 1
github.com/modu-ai/moai-adk/internal/cli/todo_pr.go:57.93,61.22 4 0
github.com/modu-ai/moai-adk/internal/cli/todo_pr.go:61.22,63.3 1 0
github.com/modu-ai/moai-adk/internal/cli/todo_pr.go:64.2,64.25 1 0
github.com/modu-ai/moai-adk/internal/cli/todo_pr.go:69.36,103.55 3 1
github.com/modu-ai/moai-adk/internal/cli/todo_pr.go:103.55,105.22 2 1
github.com/modu-ai/moai-adk/internal/cli/todo_pr.go:105.22,107.5 1 1
github.com/modu-ai/moai-adk/internal/cli/todo_pr.go:108.4,108.43 1 1
github.com/modu-ai/moai-adk/internal/cli/todo_pr.go:111.2,113.12 2 1
github.com/modu-ai/moai-adk/internal/cli/todo_pr.go:118.72,120.16 2 1
github.com/modu-ai/moai-adk/internal/cli/todo_pr.go:120.16,123.3 2 0
github.com/modu-ai/moai-adk/internal/cli/todo_pr.go:125.2,126.15 2 1
github.com/modu-ai/moai-adk/internal/cli/todo_pr.go:126.15,134.3 1 1
github.com/modu-ai/moai-adk/internal/cli/todo_pr.go:135.2,135.18 1 1
github.com/modu-ai/moai-adk/internal/cli/todo_pr.go:135.18,141.3 2 1
github.com/modu-ai/moai-adk/internal/cli/todo_pr.go:143.2,147.31 5 1
github.com/modu-ai/moai-adk/internal/cli/todo_pr.go:147.31,148.34 1 1
github.com/modu-ai/moai-adk/internal/cli/todo_pr.go:148.34,149.12 1 1
github.com/modu-ai/moai-adk/internal/cli/todo_pr.go:151.3,152.17 2 1
github.com/modu-ai/moai-adk/internal/cli/todo_pr.go:152.17,154.4 1 1
github.com/modu-ai/moai-adk/internal/cli/todo_pr.go:155.3,155.35 1 1
github.com/modu-ai/moai-adk/internal/cli/todo_pr.go:157.2,157.23 1 1
github.com/modu-ai/moai-adk/internal/cli/todo_pr.go:157.23,161.3 1 1
github.com/modu-ai/moai-adk/internal/cli/todo_pr.go:163.2,164.16 2 1
github.com/modu-ai/moai-adk/internal/cli/todo_pr.go:164.16,166.17 2 1
github.com/modu-ai/moai-adk/internal/cli/todo_pr.go:166.17,168.4 1 0
github.com/modu-ai/moai-adk/internal/cli/todo_pr.go:169.3,170.13 2 1
github.com/modu-ai/moai-adk/internal/cli/todo_pr.go:172.2,172.24 1 1
github.com/modu-ai/moai-adk/internal/cli/todo_pr.go:172.24,175.3 2 0
github.com/modu-ai/moai-adk/internal/cli/todo_pr.go:176.2,178.31 3 1
github.com/modu-ai/moai-adk/internal/cli/todo_pr.go:178.31,181.3 2 1
github.com/modu-ai/moai-adk/internal/cli/todo_pr.go:182.2,182.29 1 1
github.com/modu-ai/moai-adk/internal/cli/todo_pr.go:182.29,200.3 1 1
github.com/modu-ai/moai-adk/internal/cli/todo_pr.go:201.2,201.12 1 1
github.com/modu-ai/moai-adk/internal/cli/todo_pr.go:205.38,206.19 1 1
github.com/modu-ai/moai-adk/internal/cli/todo_pr.go:206.19,208.3 1 1
github.com/modu-ai/moai-adk/internal/cli/todo_pr.go:209.2,210.24 2 1
github.com/modu-ai/moai-adk/internal/cli/todo_pr.go:210.24,212.3 1 1
github.com/modu-ai/moai-adk/internal/cli/todo_pr.go:213.2,213.33 1 1
github.com/modu-ai/moai-adk/internal/cli/todo_pr.go:224.72,229.16 2 1
github.com/modu-ai/moai-adk/internal/cli/todo_pr.go:229.16,231.3 1 1
github.com/modu-ai/moai-adk/internal/cli/todo_pr.go:232.2,232.77 1 1
github.com/modu-ai/moai-adk/internal/cli/todo_pr.go:232.77,234.3 1 0
github.com/modu-ai/moai-adk/internal/cli/todo_pr.go:235.2,235.48 1 1
github.com/modu-ai/moai-adk/internal/cli/todo_relate.go:33.40,39.55 2 1
github.com/modu-ai/moai-adk/internal/cli/todo_relate.go:39.55,41.79 2 1
github.com/modu-ai/moai-adk/internal/cli/todo_relate.go:41.79,44.5 2 1
github.com/modu-ai/moai-adk/internal/cli/todo_relate.go:45.4,45.14 1 1
github.com/modu-ai/moai-adk/internal/cli/todo_relate.go:48.2,52.12 3 1
github.com/modu-ai/moai-adk/internal/cli/todo_relate.go:57.87,58.35 1 1
github.com/modu-ai/moai-adk/internal/cli/todo_relate.go:58.35,61.3 1 1
github.com/modu-ai/moai-adk/internal/cli/todo_relate.go:62.2,62.24 1 1
github.com/modu-ai/moai-adk/internal/cli/todo_relate.go:62.24,64.3 1 1
github.com/modu-ai/moai-adk/internal/cli/todo_relate.go:65.2,66.69 2 1
github.com/modu-ai/moai-adk/internal/cli/todo_relate.go:66.69,67.49 1 1
github.com/modu-ai/moai-adk/internal/cli/todo_relate.go:67.49,68.32 1 1
github.com/modu-ai/moai-adk/internal/cli/todo_relate.go:68.32,70.5 1 1
github.com/modu-ai/moai-adk/internal/cli/todo_relate.go:72.3,80.38 2 1
github.com/modu-ai/moai-adk/internal/cli/todo_relate.go:80.38,82.4 1 1
github.com/modu-ai/moai-adk/internal/cli/todo_relate.go:83.3,84.13 2 1
github.com/modu-ai/moai-adk/internal/cli/todo_relate.go:86.2,86.16 1 1
github.com/modu-ai/moai-adk/internal/cli/todo_relate.go:86.16,88.3 1 1
github.com/modu-ai/moai-adk/internal/cli/todo_relate.go:89.2,90.12 2 1
github.com/modu-ai/moai-adk/internal/cli/todo_relate.go:99.42,104.55 1 1
github.com/modu-ai/moai-adk/internal/cli/todo_relate.go:104.55,106.31 2 1
github.com/modu-ai/moai-adk/internal/cli/todo_relate.go:106.31,110.5 3 1
github.com/modu-ai/moai-adk/internal/cli/todo_relate.go:111.4,112.74 2 1
github.com/modu-ai/moai-adk/internal/cli/todo_relate.go:112.74,113.34 1 1
github.com/modu-ai/moai-adk/internal/cli/todo_relate.go:113.34,116.6 1 1
github.com/modu-ai/moai-adk/internal/cli/todo_relate.go:117.5,119.15 3 1
github.com/modu-ai/moai-adk/internal/cli/todo_relate.go:121.4,121.21 1 1
github.com/modu-ai/moai-adk/internal/cli/todo_relate.go:121.21,124.5 2 1
github.com/modu-ai/moai-adk/internal/cli/todo_relate.go:125.4,127.14 2 1
github.com/modu-ai/moai-adk/internal/cli/todo_relate.go:135.40,136.58 1 1
github.com/modu-ai/moai-adk/internal/cli/todo_relate.go:136.58,137.19 1 1
github.com/modu-ai/moai-adk/internal/cli/todo_relate.go:137.19,139.4 1 1
github.com/modu-ai/moai-adk/internal/cli/todo_relate.go:141.2,141.14 1 1
github.com/modu-ai/moai-adk/internal/cli/todo_relate.go:145.64,146.31 1 1
github.com/modu-ai/moai-adk/internal/cli/todo_relate.go:146.31,147.18 1 1
github.com/modu-ai/moai-adk/internal/cli/todo_relate.go:147.18,149.4 1 1
github.com/modu-ai/moai-adk/internal/cli/todo_relate.go:151.2,151.14 1 1
github.com/modu-ai/moai-adk/internal/cli/todo_undone.go:32.80,33.61 1 1
github.com/modu-ai/moai-adk/internal/cli/todo_undone.go:33.61,35.3 1 0
github.com/modu-ai/moai-adk/internal/cli/todo_undone.go:36.2,36.14 1 1
github.com/modu-ai/moai-adk/internal/cli/todo_undone.go:40.40,56.55 1 1
github.com/modu-ai/moai-adk/internal/cli/todo_undone.go:56.55,60.65 4 1
github.com/modu-ai/moai-adk/internal/cli/todo_undone.go:60.65,64.15 2 1
github.com/modu-ai/moai-adk/internal/cli/todo_undone.go:64.15,66.6 1 1
github.com/modu-ai/moai-adk/internal/cli/todo_undone.go:67.5,68.31 2 1
github.com/modu-ai/moai-adk/internal/cli/todo_undone.go:69.19,71.5 1 1
github.com/modu-ai/moai-adk/internal/cli/todo_undone.go:72.4,72.96 1 1
github.com/modu-ai/moai-adk/internal/cli/todo_why.go:20.37,25.55 1 1
github.com/modu-ai/moai-adk/internal/cli/todo_why.go:25.55,28.18 3 1
github.com/modu-ai/moai-adk/internal/cli/todo_why.go:28.18,31.5 2 0
github.com/modu-ai/moai-adk/internal/cli/todo_why.go:32.4,34.26 3 1
github.com/modu-ai/moai-adk/internal/cli/todo_why.go:34.26,37.5 2 1
github.com/modu-ai/moai-adk/internal/cli/todo_why.go:38.4,38.31 1 1
github.com/modu-ai/moai-adk/internal/cli/todo_why.go:38.31,43.5 1 1
github.com/modu-ai/moai-adk/internal/cli/todo_why.go:44.4,44.14 1 1
github.com/modu-ai/moai-adk/internal/cli/tokens.go:45.71,47.15 2 1
github.com/modu-ai/moai-adk/internal/cli/tokens.go:47.15,49.3 1 1
github.com/modu-ai/moai-adk/internal/cli/tokens.go:50.2,53.39 4 1
github.com/modu-ai/moai-adk/internal/cli/tokens.go:57.57,60.2 2 1
github.com/modu-ai/moai-adk/internal/cli/tokens.go:63.56,68.2 4 1
github.com/modu-ai/moai-adk/internal/cli/tokens.go:125.45,126.9 1 1
github.com/modu-ai/moai-adk/internal/cli/tokens.go:127.39,128.15 1 1
github.com/modu-ai/moai-adk/internal/cli/tokens.go:129.42,130.18 1 1
github.com/modu-ai/moai-adk/internal/cli/tokens.go:131.10,132.32 1 1
github.com/modu-ai/moai-adk/internal/cli/tokens.go:141.75,147.81 2 1
github.com/modu-ai/moai-adk/internal/cli/tokens.go:147.81,148.20 1 1
github.com/modu-ai/moai-adk/internal/cli/tokens.go:148.20,150.4 1 1
github.com/modu-ai/moai-adk/internal/cli/tokens.go:151.3,151.16 1 1
github.com/modu-ai/moai-adk/internal/cli/tokens.go:154.2,155.6 2 1
github.com/modu-ai/moai-adk/internal/cli/tokens.go:155.6,158.20 3 1
github.com/modu-ai/moai-adk/internal/cli/tokens.go:158.20,160.63 2 1
github.com/modu-ai/moai-adk/internal/cli/tokens.go:160.63,162.5 1 1
github.com/modu-ai/moai-adk/internal/cli/tokens.go:162.10,163.55 1 1
github.com/modu-ai/moai-adk/internal/cli/tokens.go:163.55,165.23 2 1
github.com/modu-ai/moai-adk/internal/cli/tokens.go:165.23,167.6 1 1
github.com/modu-ai/moai-adk/internal/cli/tokens.go:168.5,169.80 2 1
github.com/modu-ai/moai-adk/internal/cli/tokens.go:172.3,172.21 1 1
github.com/modu-ai/moai-adk/internal/cli/tokens.go:172.21,173.25 1 1
github.com/modu-ai/moai-adk/internal/cli/tokens.go:173.25,174.10 1 1
github.com/modu-ai/moai-adk/internal/cli/tokens.go:176.4,176.58 1 0
github.com/modu-ai/moai-adk/internal/cli/tokens.go:179.2,179.17 1 1
github.com/modu-ai/moai-adk/internal/cli/tokens.go:184.69,185.58 1 1
github.com/modu-ai/moai-adk/internal/cli/tokens.go:185.58,186.27 1 1
github.com/modu-ai/moai-adk/internal/cli/tokens.go:186.27,187.21 1 1
github.com/modu-ai/moai-adk/internal/cli/tokens.go:187.21,189.5 1 0
github.com/modu-ai/moai-adk/internal/cli/tokens.go:190.4,190.19 1 1
github.com/modu-ai/moai-adk/internal/cli/tokens.go:193.2,197.26 5 1
github.com/modu-ai/moai-adk/internal/cli/tokens.go:207.62,211.37 4 1
github.com/modu-ai/moai-adk/internal/cli/tokens.go:211.37,213.3 1 1
github.com/modu-ai/moai-adk/internal/cli/tokens.go:214.2,214.16 1 1
github.com/modu-ai/moai-adk/internal/cli/tokens.go:222.66,224.16 2 0
github.com/modu-ai/moai-adk/internal/cli/tokens.go:224.16,226.3 1 0
github.com/modu-ai/moai-adk/internal/cli/tokens.go:227.2,229.16 3 0
github.com/modu-ai/moai-adk/internal/cli/tokens.go:229.16,231.3 1 0
github.com/modu-ai/moai-adk/internal/cli/tokens.go:232.2,232.23 1 0
github.com/modu-ai/moai-adk/internal/cli/tokens.go:232.23,234.3 1 0
github.com/modu-ai/moai-adk/internal/cli/tokens.go:235.2,235.24 1 0
github.com/modu-ai/moai-adk/internal/cli/tokens.go:254.68,255.53 1 1
github.com/modu-ai/moai-adk/internal/cli/tokens.go:255.53,257.3 1 1
github.com/modu-ai/moai-adk/internal/cli/tokens.go:259.2,261.21 3 1
github.com/modu-ai/moai-adk/internal/cli/tokens.go:261.21,263.22 2 1
github.com/modu-ai/moai-adk/internal/cli/tokens.go:263.22,265.4 1 0
github.com/modu-ai/moai-adk/internal/cli/tokens.go:266.3,267.17 2 1
github.com/modu-ai/moai-adk/internal/cli/tokens.go:267.17,269.4 1 0
github.com/modu-ai/moai-adk/internal/cli/tokens.go:270.3,270.28 1 1
github.com/modu-ai/moai-adk/internal/cli/tokens.go:271.8,273.3 1 1
github.com/modu-ai/moai-adk/internal/cli/tokens.go:275.2,276.16 2 1
github.com/modu-ai/moai-adk/internal/cli/tokens.go:276.16,278.3 1 0
github.com/modu-ai/moai-adk/internal/cli/tokens.go:279.2,279.15 1 1
github.com/modu-ai/moai-adk/internal/cli/tokens.go:279.15,279.32 1 1
github.com/modu-ai/moai-adk/internal/cli/tokens.go:281.2,282.16 2 1
github.com/modu-ai/moai-adk/internal/cli/tokens.go:282.16,284.3 1 0
github.com/modu-ai/moai-adk/internal/cli/tokens.go:285.2,285.66 1 1
github.com/modu-ai/moai-adk/internal/cli/tokens.go:285.66,287.17 2 1
github.com/modu-ai/moai-adk/internal/cli/tokens.go:287.17,289.4 1 0
github.com/modu-ai/moai-adk/internal/cli/tokens.go:290.3,292.17 3 1
github.com/modu-ai/moai-adk/internal/cli/tokens.go:292.17,294.4 1 0
github.com/modu-ai/moai-adk/internal/cli/tokens.go:295.3,295.24 1 1
github.com/modu-ai/moai-adk/internal/cli/tokens.go:298.2,299.16 2 1
github.com/modu-ai/moai-adk/internal/cli/tokens.go:299.16,301.3 1 0
github.com/modu-ai/moai-adk/internal/cli/tokens.go:303.2,304.20 2 1
github.com/modu-ai/moai-adk/internal/cli/tokens.go:304.20,306.17 2 1
github.com/modu-ai/moai-adk/internal/cli/tokens.go:306.17,308.4 1 0
github.com/modu-ai/moai-adk/internal/cli/tokens.go:311.2,327.16 3 1
github.com/modu-ai/moai-adk/internal/cli/tokens.go:327.16,329.3 1 0
github.com/modu-ai/moai-adk/internal/cli/tokens.go:331.2,331.17 1 1
github.com/modu-ai/moai-adk/internal/cli/tokens.go:331.17,333.17 2 1
github.com/modu-ai/moai-adk/internal/cli/tokens.go:333.17,335.4 1 1
github.com/modu-ai/moai-adk/internal/cli/tokens.go:336.3,336.59 1 1
github.com/modu-ai/moai-adk/internal/cli/tokens.go:336.59,338.4 1 0
github.com/modu-ai/moai-adk/internal/cli/tokens.go:339.3,339.18 1 1
github.com/modu-ai/moai-adk/internal/cli/tokens.go:342.2,342.53 1 1
github.com/modu-ai/moai-adk/internal/cli/tokens.go:342.53,344.3 1 0
github.com/modu-ai/moai-adk/internal/cli/tokens.go:345.2,347.16 3 1
github.com/modu-ai/moai-adk/internal/cli/tokens.go:347.16,349.3 1 0
github.com/modu-ai/moai-adk/internal/cli/tokens.go:350.2,350.15 1 1
github.com/modu-ai/moai-adk/internal/cli/tokens.go:350.15,350.33 1 1
github.com/modu-ai/moai-adk/internal/cli/tokens.go:351.2,351.56 1 1
github.com/modu-ai/moai-adk/internal/cli/tokens.go:351.56,353.3 1 0
github.com/modu-ai/moai-adk/internal/cli/tokens.go:354.2,354.17 1 1
github.com/modu-ai/moai-adk/internal/cli/tokens.go:361.46,362.44 1 1
github.com/modu-ai/moai-adk/internal/cli/tokens.go:362.44,365.3 2 0
github.com/modu-ai/moai-adk/internal/cli/tokens.go:366.2,367.16 2 1
github.com/modu-ai/moai-adk/internal/cli/tokens.go:367.16,369.3 1 0
github.com/modu-ai/moai-adk/internal/cli/tokens.go:370.2,372.22 3 1
github.com/modu-ai/moai-adk/internal/cli/tokens.go:382.95,384.16 2 1
github.com/modu-ai/moai-adk/internal/cli/tokens.go:384.16,386.3 1 1
github.com/modu-ai/moai-adk/internal/cli/tokens.go:387.2,387.12 1 1
github.com/modu-ai/moai-adk/internal/cli/tokens.go:391.36,400.2 3 1
github.com/modu-ai/moai-adk/internal/cli/tokens.go:403.42,414.55 3 1
github.com/modu-ai/moai-adk/internal/cli/tokens.go:414.55,423.18 3 0
github.com/modu-ai/moai-adk/internal/cli/tokens.go:423.18,425.5 1 0
github.com/modu-ai/moai-adk/internal/cli/tokens.go:426.4,426.15 1 0
github.com/modu-ai/moai-adk/internal/cli/tokens.go:426.15,428.22 2 0
github.com/modu-ai/moai-adk/internal/cli/tokens.go:428.22,430.6 1 0
github.com/modu-ai/moai-adk/internal/cli/tokens.go:431.5,433.52 1 0
github.com/modu-ai/moai-adk/internal/cli/tokens.go:435.4,435.14 1 0
github.com/modu-ai/moai-adk/internal/cli/tokens.go:439.2,447.12 8 1
github.com/modu-ai/moai-adk/internal/cli/tool_policy.go:33.40,50.2 4 1
github.com/modu-ai/moai-adk/internal/cli/tool_policy.go:61.45,85.52 2 1
github.com/modu-ai/moai-adk/internal/cli/tool_policy.go:85.52,87.18 2 0
github.com/modu-ai/moai-adk/internal/cli/tool_policy.go:87.18,89.5 1 0
github.com/modu-ai/moai-adk/internal/cli/tool_policy.go:90.4,91.26 2 0
github.com/modu-ai/moai-adk/internal/cli/tool_policy.go:91.26,93.19 2 0
github.com/modu-ai/moai-adk/internal/cli/tool_policy.go:93.19,95.6 1 0
github.com/modu-ai/moai-adk/internal/cli/tool_policy.go:97.4,98.28 2 0
github.com/modu-ai/moai-adk/internal/cli/tool_policy.go:98.28,100.19 2 0
github.com/modu-ai/moai-adk/internal/cli/tool_policy.go:100.19,102.6 1 0
github.com/modu-ai/moai-adk/internal/cli/tool_policy.go:105.4,105.65 1 0
github.com/modu-ai/moai-adk/internal/cli/tool_policy.go:105.65,108.5 2 0
github.com/modu-ai/moai-adk/internal/cli/tool_policy.go:109.4,110.18 2 0
github.com/modu-ai/moai-adk/internal/cli/tool_policy.go:110.18,112.5 1 0
github.com/modu-ai/moai-adk/internal/cli/tool_policy.go:114.4,116.25 2 0
github.com/modu-ai/moai-adk/internal/cli/tool_policy.go:116.25,118.57 2 0
github.com/modu-ai/moai-adk/internal/cli/tool_policy.go:118.57,120.23 2 0
github.com/modu-ai/moai-adk/internal/cli/tool_policy.go:120.23,122.7 1 0
github.com/modu-ai/moai-adk/internal/cli/tool_policy.go:123.6,123.36 1 0
github.com/modu-ai/moai-adk/internal/cli/tool_policy.go:124.11,126.6 1 0
github.com/modu-ai/moai-adk/internal/cli/tool_policy.go:129.4,129.22 1 0
github.com/modu-ai/moai-adk/internal/cli/tool_policy.go:129.22,131.56 2 0
github.com/modu-ai/moai-adk/internal/cli/tool_policy.go:131.56,141.24 3 0
github.com/modu-ai/moai-adk/internal/cli/tool_policy.go:141.24,142.86 1 0
github.com/modu-ai/moai-adk/internal/cli/tool_policy.go:142.86,144.8 1 0
github.com/modu-ai/moai-adk/internal/cli/tool_policy.go:146.6,146.22 1 0
github.com/modu-ai/moai-adk/internal/cli/tool_policy.go:146.22,147.22 1 0
github.com/modu-ai/moai-adk/internal/cli/tool_policy.go:147.22,149.8 1 0
github.com/modu-ai/moai-adk/internal/cli/tool_policy.go:150.12,152.24 2 0
github.com/modu-ai/moai-adk/internal/cli/tool_policy.go:152.24,154.8 1 0
github.com/modu-ai/moai-adk/internal/cli/tool_policy.go:155.7,155.37 1 0
github.com/modu-ai/moai-adk/internal/cli/tool_policy.go:157.11,160.21 1 0
github.com/modu-ai/moai-adk/internal/cli/tool_policy.go:160.21,162.7 1 0
github.com/modu-ai/moai-adk/internal/cli/tool_policy.go:166.4,166.81 1 0
github.com/modu-ai/moai-adk/internal/cli/tool_policy.go:170.2,176.12 7 1
github.com/modu-ai/moai-adk/internal/cli/tool_policy.go:180.100,181.12 1 0
github.com/modu-ai/moai-adk/internal/cli/tool_policy.go:181.12,183.3 1 0
github.com/modu-ai/moai-adk/internal/cli/tool_policy.go:184.2,184.23 1 0
github.com/modu-ai/moai-adk/internal/cli/tool_policy.go:184.23,187.3 2 0
github.com/modu-ai/moai-adk/internal/cli/tool_policy.go:188.2,188.28 1 0
github.com/modu-ai/moai-adk/internal/cli/tool_policy.go:188.28,191.3 1 0
github.com/modu-ai/moai-adk/internal/cli/tool_policy.go:192.2,193.12 2 0
github.com/modu-ai/moai-adk/internal/cli/tool_policy.go:208.44,236.52 2 1
github.com/modu-ai/moai-adk/internal/cli/tool_policy.go:236.52,238.18 2 1
github.com/modu-ai/moai-adk/internal/cli/tool_policy.go:238.18,240.5 1 0
github.com/modu-ai/moai-adk/internal/cli/tool_policy.go:241.4,242.26 2 1
github.com/modu-ai/moai-adk/internal/cli/tool_policy.go:242.26,244.19 2 0
github.com/modu-ai/moai-adk/internal/cli/tool_policy.go:244.19,246.6 1 0
github.com/modu-ai/moai-adk/internal/cli/tool_policy.go:248.4,249.28 2 1
github.com/modu-ai/moai-adk/internal/cli/tool_policy.go:249.28,251.19 2 1
github.com/modu-ai/moai-adk/internal/cli/tool_policy.go:251.19,253.6 1 0
github.com/modu-ai/moai-adk/internal/cli/tool_policy.go:256.4,256.65 1 1
github.com/modu-ai/moai-adk/internal/cli/tool_policy.go:256.65,259.5 2 0
github.com/modu-ai/moai-adk/internal/cli/tool_policy.go:260.4,261.18 2 1
github.com/modu-ai/moai-adk/internal/cli/tool_policy.go:261.18,263.5 1 0
github.com/modu-ai/moai-adk/internal/cli/tool_policy.go:265.4,266.26 2 1
github.com/modu-ai/moai-adk/internal/cli/tool_policy.go:266.26,268.22 2 1
github.com/modu-ai/moai-adk/internal/cli/tool_policy.go:268.22,270.6 1 1
github.com/modu-ai/moai-adk/internal/cli/tool_policy.go:271.5,271.74 1 1
github.com/modu-ai/moai-adk/internal/cli/tool_policy.go:271.74,271.101 1 1
github.com/modu-ai/moai-adk/internal/cli/tool_policy.go:273.4,273.26 1 1
github.com/modu-ai/moai-adk/internal/cli/tool_policy.go:273.26,275.23 2 1
github.com/modu-ai/moai-adk/internal/cli/tool_policy.go:275.23,277.6 1 1
github.com/modu-ai/moai-adk/internal/cli/tool_policy.go:278.5,278.74 1 1
github.com/modu-ai/moai-adk/internal/cli/tool_policy.go:278.74,278.102 1 1
github.com/modu-ai/moai-adk/internal/cli/tool_policy.go:280.4,280.22 1 1
github.com/modu-ai/moai-adk/internal/cli/tool_policy.go:280.22,281.74 1 1
github.com/modu-ai/moai-adk/internal/cli/tool_policy.go:281.74,281.103 1 1
github.com/modu-ai/moai-adk/internal/cli/tool_policy.go:284.4,284.61 1 1
github.com/modu-ai/moai-adk/internal/cli/tool_policy.go:288.2,294.12 7 1
github.com/modu-ai/moai-adk/internal/cli/tool_policy.go:298.114,300.23 2 1
github.com/modu-ai/moai-adk/internal/cli/tool_policy.go:300.23,301.14 1 1
github.com/modu-ai/moai-adk/internal/cli/tool_policy.go:301.14,303.4 1 1
github.com/modu-ai/moai-adk/internal/cli/tool_policy.go:305.2,305.12 1 1
github.com/modu-ai/moai-adk/internal/cli/tool_policy.go:309.85,310.16 1 1
github.com/modu-ai/moai-adk/internal/cli/tool_policy.go:311.18,314.29 3 1
github.com/modu-ai/moai-adk/internal/cli/tool_policy.go:314.29,316.23 2 1
github.com/modu-ai/moai-adk/internal/cli/tool_policy.go:316.23,319.5 1 1
github.com/modu-ai/moai-adk/internal/cli/tool_policy.go:320.4,321.85 1 1
github.com/modu-ai/moai-adk/internal/cli/tool_policy.go:323.3,323.20 1 1
github.com/modu-ai/moai-adk/internal/cli/tool_policy.go:324.14,327.29 3 1
github.com/modu-ai/moai-adk/internal/cli/tool_policy.go:328.10,329.62 1 0
github.com/modu-ai/moai-adk/internal/cli/tool_policy.go:334.35,335.13 1 1
github.com/modu-ai/moai-adk/internal/cli/tool_policy.go:335.13,337.3 1 1
github.com/modu-ai/moai-adk/internal/cli/tool_policy.go:338.2,338.17 1 1
github.com/modu-ai/moai-adk/internal/cli/tool_policy.go:338.17,341.3 1 1
github.com/modu-ai/moai-adk/internal/cli/tool_policy.go:342.2,342.10 1 1
github.com/modu-ai/moai-adk/internal/cli/truncate.go:29.46,30.25 1 1
github.com/modu-ai/moai-adk/internal/cli/truncate.go:30.25,32.3 1 0
github.com/modu-ai/moai-adk/internal/cli/truncate.go:33.2,34.19 2 1
github.com/modu-ai/moai-adk/internal/cli/truncate.go:34.19,35.19 1 1
github.com/modu-ai/moai-adk/internal/cli/truncate.go:35.19,37.4 1 1
github.com/modu-ai/moai-adk/internal/cli/truncate.go:38.3,38.10 1 1
github.com/modu-ai/moai-adk/internal/cli/truncate.go:40.2,40.10 1 1
github.com/modu-ai/moai-adk/internal/cli/truncate.go:48.52,49.25 1 1
github.com/modu-ai/moai-adk/internal/cli/truncate.go:49.25,51.3 1 0
github.com/modu-ai/moai-adk/internal/cli/truncate.go:52.2,53.18 2 1
github.com/modu-ai/moai-adk/internal/cli/truncate.go:53.18,55.3 1 1
github.com/modu-ai/moai-adk/internal/cli/truncate.go:56.2,58.19 3 0
github.com/modu-ai/moai-adk/internal/cli/truncate.go:58.19,59.20 1 0
github.com/modu-ai/moai-adk/internal/cli/truncate.go:59.20,61.4 1 0
github.com/modu-ai/moai-adk/internal/cli/truncate.go:62.3,62.10 1 0
github.com/modu-ai/moai-adk/internal/cli/truncate.go:64.2,64.10 1 0
github.com/modu-ai/moai-adk/internal/cli/update.go:55.64,57.62 2 0
github.com/modu-ai/moai-adk/internal/cli/update.go:57.62,59.3 1 0
github.com/modu-ai/moai-adk/internal/cli/update.go:61.2,67.16 1 0
github.com/modu-ai/moai-adk/internal/cli/update.go:67.16,69.3 1 0
github.com/modu-ai/moai-adk/internal/cli/update.go:70.2,70.12 1 0
github.com/modu-ai/moai-adk/internal/cli/update.go:73.13,98.2 14 1
github.com/modu-ai/moai-adk/internal/cli/update.go:138.54,145.67 1 1
github.com/modu-ai/moai-adk/internal/cli/update.go:145.67,147.3 1 0
github.com/modu-ai/moai-adk/internal/cli/update.go:149.2,164.15 9 1
github.com/modu-ai/moai-adk/internal/cli/update.go:164.15,164.44 1 1
github.com/modu-ai/moai-adk/internal/cli/update.go:167.2,167.33 1 1
github.com/modu-ai/moai-adk/internal/cli/update.go:167.33,169.3 1 1
github.com/modu-ai/moai-adk/internal/cli/update.go:172.2,173.57 2 1
github.com/modu-ai/moai-adk/internal/cli/update.go:173.57,175.36 2 0
github.com/modu-ai/moai-adk/internal/cli/update.go:175.36,185.57 4 0
github.com/modu-ai/moai-adk/internal/cli/update.go:185.57,186.53 1 0
github.com/modu-ai/moai-adk/internal/cli/update.go:186.53,188.6 1 0
github.com/modu-ai/moai-adk/internal/cli/update.go:195.2,195.16 1 1
github.com/modu-ai/moai-adk/internal/cli/update.go:195.16,197.3 1 0
github.com/modu-ai/moai-adk/internal/cli/update.go:199.2,203.14 3 1
github.com/modu-ai/moai-adk/internal/cli/update.go:203.14,205.3 1 1
github.com/modu-ai/moai-adk/internal/cli/update.go:208.2,208.15 1 1
github.com/modu-ai/moai-adk/internal/cli/update.go:208.15,210.18 1 1
github.com/modu-ai/moai-adk/internal/cli/update.go:210.18,211.46 1 1
github.com/modu-ai/moai-adk/internal/cli/update.go:211.46,213.5 1 0
github.com/modu-ai/moai-adk/internal/cli/update.go:216.3,216.47 1 1
github.com/modu-ai/moai-adk/internal/cli/update.go:216.47,219.4 2 1
github.com/modu-ai/moai-adk/internal/cli/update.go:221.3,225.17 4 1
github.com/modu-ai/moai-adk/internal/cli/update.go:225.17,227.4 1 1
github.com/modu-ai/moai-adk/internal/cli/update.go:228.3,231.13 4 1
github.com/modu-ai/moai-adk/internal/cli/update.go:268.2,268.67 1 1
github.com/modu-ai/moai-adk/internal/cli/update.go:268.67,270.17 2 0
github.com/modu-ai/moai-adk/internal/cli/update.go:270.17,272.4 1 0
github.com/modu-ai/moai-adk/internal/cli/update.go:273.3,273.48 1 0
github.com/modu-ai/moai-adk/internal/cli/update.go:276.2,276.17 1 1
github.com/modu-ai/moai-adk/internal/cli/update.go:276.17,278.17 2 1
github.com/modu-ai/moai-adk/internal/cli/update.go:278.17,280.4 1 0
github.com/modu-ai/moai-adk/internal/cli/update.go:281.3,281.49 1 1
github.com/modu-ai/moai-adk/internal/cli/update.go:281.49,283.4 1 1
github.com/modu-ai/moai-adk/internal/cli/update.go:289.2,290.20 2 1
github.com/modu-ai/moai-adk/internal/cli/update.go:290.20,292.3 1 1
github.com/modu-ai/moai-adk/internal/cli/update.go:293.2,293.20 1 1
github.com/modu-ai/moai-adk/internal/cli/update.go:293.20,295.21 2 1
github.com/modu-ai/moai-adk/internal/cli/update.go:295.21,297.4 1 0
github.com/modu-ai/moai-adk/internal/cli/update.go:298.3,298.22 1 1
github.com/modu-ai/moai-adk/internal/cli/update.go:302.2,302.34 1 1
github.com/modu-ai/moai-adk/internal/cli/update.go:302.34,304.17 2 1
github.com/modu-ai/moai-adk/internal/cli/update.go:304.17,307.4 1 0
github.com/modu-ai/moai-adk/internal/cli/update.go:308.3,308.14 1 1
github.com/modu-ai/moai-adk/internal/cli/update.go:308.14,309.18 1 0
github.com/modu-ai/moai-adk/internal/cli/update.go:309.18,313.5 2 0
github.com/modu-ai/moai-adk/internal/cli/update.go:315.4,315.44 1 0
github.com/modu-ai/moai-adk/internal/cli/update.go:315.44,318.5 1 0
github.com/modu-ai/moai-adk/internal/cli/update.go:321.9,321.24 1 1
github.com/modu-ai/moai-adk/internal/cli/update.go:321.24,324.4 2 0
github.com/modu-ai/moai-adk/internal/cli/update.go:328.2,328.16 1 1
github.com/modu-ai/moai-adk/internal/cli/update.go:328.16,331.3 2 1
github.com/modu-ai/moai-adk/internal/cli/update.go:334.2,334.33 1 1
github.com/modu-ai/moai-adk/internal/cli/update.go:334.33,336.17 2 1
github.com/modu-ai/moai-adk/internal/cli/update.go:336.17,338.4 1 0
github.com/modu-ai/moai-adk/internal/cli/update.go:342.3,343.75 2 1
github.com/modu-ai/moai-adk/internal/cli/update.go:343.75,345.4 1 0
github.com/modu-ai/moai-adk/internal/cli/update.go:348.3,348.71 1 1
github.com/modu-ai/moai-adk/internal/cli/update.go:348.71,350.4 1 0
github.com/modu-ai/moai-adk/internal/cli/update.go:362.3,362.74 1 1
github.com/modu-ai/moai-adk/internal/cli/update.go:377.2,379.17 2 1
github.com/modu-ai/moai-adk/internal/cli/update.go:379.17,381.4 1 0
github.com/modu-ai/moai-adk/internal/cli/update.go:382.3,382.71 1 1
github.com/modu-ai/moai-adk/internal/cli/update.go:382.71,384.4 1 0
github.com/modu-ai/moai-adk/internal/cli/update.go:393.2,395.17 2 1
github.com/modu-ai/moai-adk/internal/cli/update.go:395.17,397.4 1 0
github.com/modu-ai/moai-adk/internal/cli/update.go:403.3,404.19 2 1
github.com/modu-ai/moai-adk/internal/cli/update.go:404.19,406.4 1 0
github.com/modu-ai/moai-adk/internal/cli/update.go:406.9,406.52 1 1
github.com/modu-ai/moai-adk/internal/cli/update.go:406.52,435.21 5 0
github.com/modu-ai/moai-adk/internal/cli/update.go:435.21,437.5 1 0
github.com/modu-ai/moai-adk/internal/cli/update.go:443.4,450.14 2 0
github.com/modu-ai/moai-adk/internal/cli/update.go:477.3,477.62 1 1
github.com/modu-ai/moai-adk/internal/cli/update.go:477.62,478.129 1 1
github.com/modu-ai/moai-adk/internal/cli/update.go:478.129,480.5 1 0
github.com/modu-ai/moai-adk/internal/cli/update.go:489.2,490.40 2 1
github.com/modu-ai/moai-adk/internal/cli/update.go:490.40,492.3 1 1
github.com/modu-ai/moai-adk/internal/cli/update.go:494.2,495.16 2 1
github.com/modu-ai/moai-adk/internal/cli/update.go:495.16,497.3 1 0
github.com/modu-ai/moai-adk/internal/cli/update.go:507.2,514.17 2 1
github.com/modu-ai/moai-adk/internal/cli/update.go:514.17,517.50 1 1
github.com/modu-ai/moai-adk/internal/cli/update.go:517.50,518.53 1 0
github.com/modu-ai/moai-adk/internal/cli/update.go:518.53,520.5 1 0
github.com/modu-ai/moai-adk/internal/cli/update.go:522.3,522.13 1 1
github.com/modu-ai/moai-adk/internal/cli/update.go:530.2,538.40 3 1
github.com/modu-ai/moai-adk/internal/cli/update.go:538.40,539.58 1 1
github.com/modu-ai/moai-adk/internal/cli/update.go:539.58,541.4 1 0
github.com/modu-ai/moai-adk/internal/cli/update.go:549.2,551.17 2 1
github.com/modu-ai/moai-adk/internal/cli/update.go:551.17,553.4 1 0
github.com/modu-ai/moai-adk/internal/cli/update.go:554.3,555.24 2 1
github.com/modu-ai/moai-adk/internal/cli/update.go:555.24,557.4 1 0
github.com/modu-ai/moai-adk/internal/cli/update.go:561.3,561.61 1 1
github.com/modu-ai/moai-adk/internal/cli/update.go:566.2,566.57 1 1
github.com/modu-ai/moai-adk/internal/cli/update.go:566.57,568.3 1 0
github.com/modu-ai/moai-adk/internal/cli/update.go:571.2,573.16 3 1
github.com/modu-ai/moai-adk/internal/cli/update.go:573.16,575.3 1 0
github.com/modu-ai/moai-adk/internal/cli/update.go:575.8,576.65 1 1
github.com/modu-ai/moai-adk/internal/cli/update.go:576.65,578.4 1 0
github.com/modu-ai/moai-adk/internal/cli/update.go:583.2,583.49 1 1
github.com/modu-ai/moai-adk/internal/cli/update.go:583.49,584.52 1 0
github.com/modu-ai/moai-adk/internal/cli/update.go:584.52,586.4 1 0
github.com/modu-ai/moai-adk/internal/cli/update.go:589.2,589.12 1 1
github.com/modu-ai/moai-adk/internal/cli/update.go:608.94,609.25 1 1
github.com/modu-ai/moai-adk/internal/cli/update.go:609.25,611.3 1 0
github.com/modu-ai/moai-adk/internal/cli/update.go:612.2,615.18 4 1
github.com/modu-ai/moai-adk/internal/cli/update.go:615.18,618.3 2 0
github.com/modu-ai/moai-adk/internal/cli/update.go:620.2,620.23 1 1
github.com/modu-ai/moai-adk/internal/cli/update.go:620.23,622.85 1 1
github.com/modu-ai/moai-adk/internal/cli/update.go:622.85,624.4 1 0
github.com/modu-ai/moai-adk/internal/cli/update.go:625.3,625.13 1 1
github.com/modu-ai/moai-adk/internal/cli/update.go:628.2,636.16 2 1
github.com/modu-ai/moai-adk/internal/cli/update.go:636.16,638.3 1 1
github.com/modu-ai/moai-adk/internal/cli/update.go:639.2,650.20 3 1
github.com/modu-ai/moai-adk/internal/cli/update.go:650.20,652.3 1 0
github.com/modu-ai/moai-adk/internal/cli/update.go:653.2,653.12 1 1
github.com/modu-ai/moai-adk/internal/cli/update.go:662.64,663.23 1 0
github.com/modu-ai/moai-adk/internal/cli/update.go:663.23,665.3 1 0
github.com/modu-ai/moai-adk/internal/cli/update.go:666.2,666.41 1 0
github.com/modu-ai/moai-adk/internal/cli/update.go:666.41,668.3 1 0
github.com/modu-ai/moai-adk/internal/cli/update.go:669.2,669.72 1 0
github.com/modu-ai/moai-adk/internal/cli/update.go:669.72,671.3 1 0
github.com/modu-ai/moai-adk/internal/cli/update.go:674.2,674.80 1 0
github.com/modu-ai/moai-adk/internal/cli/update.go:674.80,676.3 1 0
github.com/modu-ai/moai-adk/internal/cli/update.go:677.2,677.12 1 0
github.com/modu-ai/moai-adk/internal/cli/update.go:687.54,689.87 1 1
github.com/modu-ai/moai-adk/internal/cli/update.go:689.87,691.3 1 1
github.com/modu-ai/moai-adk/internal/cli/update.go:694.2,694.50 1 1
github.com/modu-ai/moai-adk/internal/cli/update.go:694.50,696.3 1 1
github.com/modu-ai/moai-adk/internal/cli/update.go:699.2,700.79 2 1
github.com/modu-ai/moai-adk/internal/cli/update.go:700.79,702.3 1 1
github.com/modu-ai/moai-adk/internal/cli/update.go:704.2,704.14 1 1
github.com/modu-ai/moai-adk/internal/cli/update.go:716.72,721.17 3 1
github.com/modu-ai/moai-adk/internal/cli/update.go:721.17,722.53 1 1
github.com/modu-ai/moai-adk/internal/cli/update.go:722.53,724.4 1 0
github.com/modu-ai/moai-adk/internal/cli/update.go:727.2,727.46 1 1
github.com/modu-ai/moai-adk/internal/cli/update.go:727.46,729.3 1 0
github.com/modu-ai/moai-adk/internal/cli/update.go:731.2,735.16 3 1
github.com/modu-ai/moai-adk/internal/cli/update.go:735.16,737.3 1 0
github.com/modu-ai/moai-adk/internal/cli/update.go:738.2,738.16 1 1
github.com/modu-ai/moai-adk/internal/cli/update.go:738.16,740.3 1 1
github.com/modu-ai/moai-adk/internal/cli/update.go:742.2,746.28 4 1
github.com/modu-ai/moai-adk/internal/cli/update.go:746.28,748.3 1 0
github.com/modu-ai/moai-adk/internal/cli/update.go:750.2,754.16 4 1
github.com/modu-ai/moai-adk/internal/cli/update.go:754.16,756.3 1 0
github.com/modu-ai/moai-adk/internal/cli/update.go:758.2,759.18 2 1
github.com/modu-ai/moai-adk/internal/cli/update.go:770.30,772.16 2 0
github.com/modu-ai/moai-adk/internal/cli/update.go:772.16,774.3 1 0
github.com/modu-ai/moai-adk/internal/cli/update.go:777.2,777.66 1 0
github.com/modu-ai/moai-adk/internal/cli/update.go:777.66,779.3 1 0
github.com/modu-ai/moai-adk/internal/cli/update.go:781.2,781.31 1 0
github.com/modu-ai/moai-adk/internal/cli/update.go:781.31,787.37 5 0
github.com/modu-ai/moai-adk/internal/cli/update.go:787.37,791.4 1 0
github.com/modu-ai/moai-adk/internal/cli/update.go:792.3,792.13 1 0
github.com/modu-ai/moai-adk/internal/cli/update.go:796.2,796.49 1 0
github.com/modu-ai/moai-adk/internal/cli/update.go:803.50,817.37 10 1
github.com/modu-ai/moai-adk/internal/cli/update.go:817.37,819.3 1 1
github.com/modu-ai/moai-adk/internal/cli/update.go:820.2,829.16 3 1
github.com/modu-ai/moai-adk/internal/cli/update.go:829.16,831.3 1 0
github.com/modu-ai/moai-adk/internal/cli/update.go:833.2,833.20 1 1
github.com/modu-ai/moai-adk/internal/cli/update.go:833.20,835.3 1 1
github.com/modu-ai/moai-adk/internal/cli/update.go:835.8,839.3 3 1
github.com/modu-ai/moai-adk/internal/cli/update.go:841.2,841.12 1 1
github.com/modu-ai/moai-adk/internal/cli/update.go:871.93,873.16 2 1
github.com/modu-ai/moai-adk/internal/cli/update.go:873.16,875.3 1 0
github.com/modu-ai/moai-adk/internal/cli/update.go:877.2,884.41 2 1
github.com/modu-ai/moai-adk/internal/cli/update.go:884.41,886.29 2 1
github.com/modu-ai/moai-adk/internal/cli/update.go:886.29,887.19 1 1
github.com/modu-ai/moai-adk/internal/cli/update.go:888.28,889.15 1 1
github.com/modu-ai/moai-adk/internal/cli/update.go:890.57,893.15 2 1
github.com/modu-ai/moai-adk/internal/cli/update.go:896.3,896.52 1 1
github.com/modu-ai/moai-adk/internal/cli/update.go:904.2,904.44 1 1
github.com/modu-ai/moai-adk/internal/cli/update.go:904.44,907.3 1 1
github.com/modu-ai/moai-adk/internal/cli/update.go:908.2,908.12 1 1
github.com/modu-ai/moai-adk/internal/cli/update.go:926.68,927.66 1 1
github.com/modu-ai/moai-adk/internal/cli/update.go:927.66,929.3 1 1
github.com/modu-ai/moai-adk/internal/cli/update.go:936.48,938.2 1 1
github.com/modu-ai/moai-adk/internal/cli/update.go:944.38,946.16 2 1
github.com/modu-ai/moai-adk/internal/cli/update.go:946.16,948.3 1 0
github.com/modu-ai/moai-adk/internal/cli/update.go:953.2,954.51 2 1
github.com/modu-ai/moai-adk/internal/cli/update.go:954.51,956.3 1 1
github.com/modu-ai/moai-adk/internal/cli/update.go:958.2,962.62 3 1
github.com/modu-ai/moai-adk/internal/cli/update.go:962.62,963.65 1 1
github.com/modu-ai/moai-adk/internal/cli/update.go:963.65,965.4 1 0
github.com/modu-ai/moai-adk/internal/cli/update.go:966.8,966.32 1 1
github.com/modu-ai/moai-adk/internal/cli/update.go:966.32,968.3 1 0
github.com/modu-ai/moai-adk/internal/cli/update.go:968.8,971.3 1 1
github.com/modu-ai/moai-adk/internal/cli/update.go:973.2,981.55 3 1
github.com/modu-ai/moai-adk/internal/cli/update.go:981.55,982.48 1 1
github.com/modu-ai/moai-adk/internal/cli/update.go:982.48,984.33 2 1
github.com/modu-ai/moai-adk/internal/cli/update.go:984.33,985.41 1 1
github.com/modu-ai/moai-adk/internal/cli/update.go:985.41,988.6 2 1
github.com/modu-ai/moai-adk/internal/cli/update.go:991.4,991.24 1 1
github.com/modu-ai/moai-adk/internal/cli/update.go:991.24,993.5 1 0
github.com/modu-ai/moai-adk/internal/cli/update.go:1006.2,1011.41 2 1
github.com/modu-ai/moai-adk/internal/cli/update.go:1011.41,1012.56 1 1
github.com/modu-ai/moai-adk/internal/cli/update.go:1012.56,1013.49 1 1
github.com/modu-ai/moai-adk/internal/cli/update.go:1013.49,1014.42 1 1
github.com/modu-ai/moai-adk/internal/cli/update.go:1014.42,1017.6 2 1
github.com/modu-ai/moai-adk/internal/cli/update.go:1019.9,1025.4 2 1
github.com/modu-ai/moai-adk/internal/cli/update.go:1029.2,1029.64 1 1
github.com/modu-ai/moai-adk/internal/cli/update.go:1029.64,1030.50 1 1
github.com/modu-ai/moai-adk/internal/cli/update.go:1030.50,1031.52 1 1
github.com/modu-ai/moai-adk/internal/cli/update.go:1031.52,1032.45 1 1
github.com/modu-ai/moai-adk/internal/cli/update.go:1032.45,1033.55 1 1
github.com/modu-ai/moai-adk/internal/cli/update.go:1033.55,1036.7 2 1
github.com/modu-ai/moai-adk/internal/cli/update.go:1043.2,1043.62 1 1
github.com/modu-ai/moai-adk/internal/cli/update.go:1043.62,1044.21 1 1
github.com/modu-ai/moai-adk/internal/cli/update.go:1044.21,1047.4 2 1
github.com/modu-ai/moai-adk/internal/cli/update.go:1050.2,1050.18 1 1
github.com/modu-ai/moai-adk/internal/cli/update.go:1050.18,1052.3 1 0
github.com/modu-ai/moai-adk/internal/cli/update.go:1055.2,1056.16 2 1
github.com/modu-ai/moai-adk/internal/cli/update.go:1056.16,1058.3 1 0
github.com/modu-ai/moai-adk/internal/cli/update.go:1060.2,1060.103 1 1
github.com/modu-ai/moai-adk/internal/cli/update.go:1060.103,1062.3 1 0
github.com/modu-ai/moai-adk/internal/cli/update.go:1064.2,1064.12 1 1
github.com/modu-ai/moai-adk/internal/cli/update.go:1070.53,1087.9 3 1
github.com/modu-ai/moai-adk/internal/cli/update.go:1087.9,1089.3 1 1
github.com/modu-ai/moai-adk/internal/cli/update.go:1091.2,1092.52 2 1
github.com/modu-ai/moai-adk/internal/cli/update.go:1092.52,1094.10 2 1
github.com/modu-ai/moai-adk/internal/cli/update.go:1094.10,1095.12 1 1
github.com/modu-ai/moai-adk/internal/cli/update.go:1098.3,1099.38 2 1
github.com/modu-ai/moai-adk/internal/cli/update.go:1099.38,1101.11 2 1
github.com/modu-ai/moai-adk/internal/cli/update.go:1101.11,1103.13 2 1
github.com/modu-ai/moai-adk/internal/cli/update.go:1106.4,1107.11 2 1
github.com/modu-ai/moai-adk/internal/cli/update.go:1107.11,1109.13 2 1
github.com/modu-ai/moai-adk/internal/cli/update.go:1112.4,1113.40 2 1
github.com/modu-ai/moai-adk/internal/cli/update.go:1113.40,1115.12 2 1
github.com/modu-ai/moai-adk/internal/cli/update.go:1115.12,1117.14 2 1
github.com/modu-ai/moai-adk/internal/cli/update.go:1120.5,1121.12 2 1
github.com/modu-ai/moai-adk/internal/cli/update.go:1121.12,1123.14 2 1
github.com/modu-ai/moai-adk/internal/cli/update.go:1127.5,1128.44 2 1
github.com/modu-ai/moai-adk/internal/cli/update.go:1128.44,1129.44 1 1
github.com/modu-ai/moai-adk/internal/cli/update.go:1129.44,1131.12 2 1
github.com/modu-ai/moai-adk/internal/cli/update.go:1135.5,1135.21 1 1
github.com/modu-ai/moai-adk/internal/cli/update.go:1135.21,1137.6 1 1
github.com/modu-ai/moai-adk/internal/cli/update.go:1137.11,1139.6 1 1
github.com/modu-ai/moai-adk/internal/cli/update.go:1142.4,1142.34 1 1
github.com/modu-ai/moai-adk/internal/cli/update.go:1142.34,1145.5 2 1
github.com/modu-ai/moai-adk/internal/cli/update.go:1145.10,1147.5 1 1
github.com/modu-ai/moai-adk/internal/cli/update.go:1150.3,1150.28 1 1
github.com/modu-ai/moai-adk/internal/cli/update.go:1150.28,1152.4 1 1
github.com/modu-ai/moai-adk/internal/cli/update.go:1152.9,1155.4 2 1
github.com/modu-ai/moai-adk/internal/cli/update.go:1158.2,1158.36 1 1
github.com/modu-ai/moai-adk/internal/cli/update.go:1158.36,1160.3 1 1
github.com/modu-ai/moai-adk/internal/cli/update.go:1162.2,1162.17 1 1
github.com/modu-ai/moai-adk/internal/cli/update.go:1166.63,1169.16 3 1
github.com/modu-ai/moai-adk/internal/cli/update.go:1169.16,1171.3 1 1
github.com/modu-ai/moai-adk/internal/cli/update.go:1172.2,1172.28 1 1
github.com/modu-ai/moai-adk/internal/cli/update.go:1178.54,1180.2 1 1
github.com/modu-ai/moai-adk/internal/cli/update.go:1187.37,1189.16 2 1
github.com/modu-ai/moai-adk/internal/cli/update.go:1189.16,1191.3 1 0
github.com/modu-ai/moai-adk/internal/cli/update.go:1192.2,1192.12 1 1
github.com/modu-ai/moai-adk/internal/cli/update.go:1204.52,1206.2 1 1
github.com/modu-ai/moai-adk/internal/cli/update_archive.go:74.54,76.49 1 1
github.com/modu-ai/moai-adk/internal/cli/update_archive.go:76.49,78.3 1 1
github.com/modu-ai/moai-adk/internal/cli/update_archive.go:80.2,83.43 2 1
github.com/modu-ai/moai-adk/internal/cli/update_archive.go:83.43,84.25 1 1
github.com/modu-ai/moai-adk/internal/cli/update_archive.go:84.25,86.4 1 1
github.com/modu-ai/moai-adk/internal/cli/update_archive.go:87.3,87.62 1 0
github.com/modu-ai/moai-adk/internal/cli/update_archive.go:90.2,93.43 2 1
github.com/modu-ai/moai-adk/internal/cli/update_archive.go:93.43,94.59 1 1
github.com/modu-ai/moai-adk/internal/cli/update_archive.go:94.59,96.4 1 1
github.com/modu-ai/moai-adk/internal/cli/update_archive.go:98.3,98.13 1 1
github.com/modu-ai/moai-adk/internal/cli/update_archive.go:102.2,102.51 1 1
github.com/modu-ai/moai-adk/internal/cli/update_archive.go:102.51,104.3 1 0
github.com/modu-ai/moai-adk/internal/cli/update_archive.go:107.2,107.51 1 1
github.com/modu-ai/moai-adk/internal/cli/update_archive.go:107.51,111.3 2 0
github.com/modu-ai/moai-adk/internal/cli/update_archive.go:113.2,113.12 1 1
github.com/modu-ai/moai-adk/internal/cli/update_archive.go:118.44,120.29 1 1
github.com/modu-ai/moai-adk/internal/cli/update_archive.go:120.29,125.3 1 1
github.com/modu-ai/moai-adk/internal/cli/update_archive.go:127.2,127.37 1 1
github.com/modu-ai/moai-adk/internal/cli/update_archive.go:127.37,132.3 1 1
github.com/modu-ai/moai-adk/internal/cli/update_archive.go:134.2,134.41 1 1
github.com/modu-ai/moai-adk/internal/cli/update_archive.go:134.41,139.3 1 1
github.com/modu-ai/moai-adk/internal/cli/update_archive.go:140.2,140.12 1 1
github.com/modu-ai/moai-adk/internal/cli/update_archive.go:146.53,148.16 2 1
github.com/modu-ai/moai-adk/internal/cli/update_archive.go:148.16,150.3 1 0
github.com/modu-ai/moai-adk/internal/cli/update_archive.go:151.2,152.16 2 1
github.com/modu-ai/moai-adk/internal/cli/update_archive.go:152.16,154.3 1 0
github.com/modu-ai/moai-adk/internal/cli/update_archive.go:156.2,156.38 1 1
github.com/modu-ai/moai-adk/internal/cli/update_archive.go:156.38,165.3 1 0
github.com/modu-ai/moai-adk/internal/cli/update_archive.go:167.2,167.38 1 1
github.com/modu-ai/moai-adk/internal/cli/update_archive.go:167.38,169.32 2 1
github.com/modu-ai/moai-adk/internal/cli/update_archive.go:169.32,178.4 1 1
github.com/modu-ai/moai-adk/internal/cli/update_archive.go:181.2,181.12 1 1
github.com/modu-ai/moai-adk/internal/cli/update_archive.go:186.62,188.81 2 1
github.com/modu-ai/moai-adk/internal/cli/update_archive.go:188.81,189.17 1 1
github.com/modu-ai/moai-adk/internal/cli/update_archive.go:189.17,191.4 1 0
github.com/modu-ai/moai-adk/internal/cli/update_archive.go:192.3,192.16 1 1
github.com/modu-ai/moai-adk/internal/cli/update_archive.go:192.16,194.4 1 1
github.com/modu-ai/moai-adk/internal/cli/update_archive.go:195.3,196.17 2 1
github.com/modu-ai/moai-adk/internal/cli/update_archive.go:196.17,198.4 1 0
github.com/modu-ai/moai-adk/internal/cli/update_archive.go:199.3,200.17 2 1
github.com/modu-ai/moai-adk/internal/cli/update_archive.go:200.17,202.4 1 0
github.com/modu-ai/moai-adk/internal/cli/update_archive.go:203.3,204.13 2 1
github.com/modu-ai/moai-adk/internal/cli/update_archive.go:206.2,206.20 1 1
github.com/modu-ai/moai-adk/internal/cli/update_archive.go:211.44,213.16 2 1
github.com/modu-ai/moai-adk/internal/cli/update_archive.go:213.16,215.3 1 0
github.com/modu-ai/moai-adk/internal/cli/update_archive.go:216.2,216.15 1 1
github.com/modu-ai/moai-adk/internal/cli/update_archive.go:216.15,216.32 1 1
github.com/modu-ai/moai-adk/internal/cli/update_archive.go:217.2,218.41 2 1
github.com/modu-ai/moai-adk/internal/cli/update_archive.go:218.41,220.3 1 0
github.com/modu-ai/moai-adk/internal/cli/update_archive.go:221.2,221.24 1 1
github.com/modu-ai/moai-adk/internal/cli/update_archive.go:230.46,231.84 1 1
github.com/modu-ai/moai-adk/internal/cli/update_archive.go:231.84,232.17 1 1
github.com/modu-ai/moai-adk/internal/cli/update_archive.go:232.17,234.4 1 0
github.com/modu-ai/moai-adk/internal/cli/update_archive.go:236.3,237.17 2 1
github.com/modu-ai/moai-adk/internal/cli/update_archive.go:237.17,239.4 1 0
github.com/modu-ai/moai-adk/internal/cli/update_archive.go:241.3,243.16 2 1
github.com/modu-ai/moai-adk/internal/cli/update_archive.go:243.16,245.18 2 1
github.com/modu-ai/moai-adk/internal/cli/update_archive.go:245.18,247.5 1 0
github.com/modu-ai/moai-adk/internal/cli/update_archive.go:248.4,248.51 1 1
github.com/modu-ai/moai-adk/internal/cli/update_archive.go:253.3,253.34 1 1
github.com/modu-ai/moai-adk/internal/cli/update_archive.go:253.34,255.4 1 0
github.com/modu-ai/moai-adk/internal/cli/update_archive.go:257.3,257.33 1 1
github.com/modu-ai/moai-adk/internal/cli/update_archive.go:288.86,300.36 5 1
github.com/modu-ai/moai-adk/internal/cli/update_archive.go:300.36,302.44 2 1
github.com/modu-ai/moai-adk/internal/cli/update_archive.go:302.44,304.12 1 1
github.com/modu-ai/moai-adk/internal/cli/update_archive.go:308.3,310.44 3 1
github.com/modu-ai/moai-adk/internal/cli/update_archive.go:310.44,312.4 1 1
github.com/modu-ai/moai-adk/internal/cli/update_archive.go:317.3,317.31 1 1
github.com/modu-ai/moai-adk/internal/cli/update_archive.go:317.31,318.70 1 1
github.com/modu-ai/moai-adk/internal/cli/update_archive.go:318.70,322.71 2 1
github.com/modu-ai/moai-adk/internal/cli/update_archive.go:322.71,328.14 2 1
github.com/modu-ai/moai-adk/internal/cli/update_archive.go:330.5,330.56 1 1
github.com/modu-ai/moai-adk/internal/cli/update_archive.go:330.56,332.14 2 0
github.com/modu-ai/moai-adk/internal/cli/update_archive.go:336.5,342.40 3 1
github.com/modu-ai/moai-adk/internal/cli/update_archive.go:346.3,346.55 1 1
github.com/modu-ai/moai-adk/internal/cli/update_archive.go:346.55,348.12 2 1
github.com/modu-ai/moai-adk/internal/cli/update_archive.go:352.3,352.22 1 1
github.com/modu-ai/moai-adk/internal/cli/update_archive.go:352.22,353.12 1 1
github.com/modu-ai/moai-adk/internal/cli/update_archive.go:356.3,358.13 3 1
github.com/modu-ai/moai-adk/internal/cli/update_archive.go:363.2,366.43 2 1
github.com/modu-ai/moai-adk/internal/cli/update_archive.go:377.73,380.36 3 1
github.com/modu-ai/moai-adk/internal/cli/update_archive.go:380.36,382.44 2 1
github.com/modu-ai/moai-adk/internal/cli/update_archive.go:382.44,383.12 1 1
github.com/modu-ai/moai-adk/internal/cli/update_archive.go:385.3,387.12 2 1
github.com/modu-ai/moai-adk/internal/cli/update_archive.go:389.2,395.12 2 1
github.com/modu-ai/moai-adk/internal/cli/update_archive.go:402.57,404.36 2 1
github.com/modu-ai/moai-adk/internal/cli/update_archive.go:404.36,405.89 1 1
github.com/modu-ai/moai-adk/internal/cli/update_archive.go:405.89,407.4 1 1
github.com/modu-ai/moai-adk/internal/cli/update_archive.go:409.2,409.16 1 1
github.com/modu-ai/moai-adk/internal/cli/update_archive.go:417.79,418.57 1 1
github.com/modu-ai/moai-adk/internal/cli/update_archive.go:418.57,420.3 1 1
github.com/modu-ai/moai-adk/internal/cli/update_archive.go:421.2,424.123 2 1
github.com/modu-ai/moai-adk/internal/cli/update_archive.go:435.38,439.32 1 1
github.com/modu-ai/moai-adk/internal/cli/update_archive.go:439.32,441.3 1 0
github.com/modu-ai/moai-adk/internal/cli/update_archive.go:443.2,444.16 2 1
github.com/modu-ai/moai-adk/internal/cli/update_archive.go:444.16,446.3 1 1
github.com/modu-ai/moai-adk/internal/cli/update_archive.go:448.2,449.16 2 1
github.com/modu-ai/moai-adk/internal/cli/update_archive.go:449.16,451.3 1 0
github.com/modu-ai/moai-adk/internal/cli/update_archive.go:452.2,452.15 1 1
github.com/modu-ai/moai-adk/internal/cli/update_archive.go:452.15,452.33 1 1
github.com/modu-ai/moai-adk/internal/cli/update_archive.go:454.2,455.16 2 1
github.com/modu-ai/moai-adk/internal/cli/update_archive.go:455.16,457.3 1 1
github.com/modu-ai/moai-adk/internal/cli/update_archive.go:458.2,458.15 1 1
github.com/modu-ai/moai-adk/internal/cli/update_archive.go:458.15,458.34 1 1
github.com/modu-ai/moai-adk/internal/cli/update_archive.go:460.2,460.44 1 1
github.com/modu-ai/moai-adk/internal/cli/update_archive.go:460.44,462.3 1 0
github.com/modu-ai/moai-adk/internal/cli/update_archive.go:464.2,464.12 1 1
github.com/modu-ai/moai-adk/internal/cli/update_clean_install.go:149.123,151.16 2 1
github.com/modu-ai/moai-adk/internal/cli/update_clean_install.go:151.16,153.3 1 0
github.com/modu-ai/moai-adk/internal/cli/update_clean_install.go:154.2,155.19 2 1
github.com/modu-ai/moai-adk/internal/cli/update_clean_install.go:155.19,157.3 1 1
github.com/modu-ai/moai-adk/internal/cli/update_clean_install.go:159.2,159.23 1 1
github.com/modu-ai/moai-adk/internal/cli/update_clean_install.go:159.23,161.3 1 1
github.com/modu-ai/moai-adk/internal/cli/update_clean_install.go:163.2,169.16 3 1
github.com/modu-ai/moai-adk/internal/cli/update_clean_install.go:169.16,171.3 1 0
github.com/modu-ai/moai-adk/internal/cli/update_clean_install.go:172.2,173.14 2 1
github.com/modu-ai/moai-adk/internal/cli/update_clean_install.go:173.14,178.3 2 1
github.com/modu-ai/moai-adk/internal/cli/update_clean_install.go:180.2,187.16 3 1
github.com/modu-ai/moai-adk/internal/cli/update_clean_install.go:187.16,189.3 1 0
github.com/modu-ai/moai-adk/internal/cli/update_clean_install.go:190.2,196.16 4 1
github.com/modu-ai/moai-adk/internal/cli/update_clean_install.go:196.16,198.3 1 0
github.com/modu-ai/moai-adk/internal/cli/update_clean_install.go:202.2,202.17 1 1
github.com/modu-ai/moai-adk/internal/cli/update_clean_install.go:202.17,205.79 3 1
github.com/modu-ai/moai-adk/internal/cli/update_clean_install.go:205.79,208.4 2 1
github.com/modu-ai/moai-adk/internal/cli/update_clean_install.go:209.3,209.32 1 1
github.com/modu-ai/moai-adk/internal/cli/update_clean_install.go:209.32,212.4 2 1
github.com/modu-ai/moai-adk/internal/cli/update_clean_install.go:213.3,213.21 1 1
github.com/modu-ai/moai-adk/internal/cli/update_clean_install.go:219.2,225.16 5 1
github.com/modu-ai/moai-adk/internal/cli/update_clean_install.go:225.16,227.3 1 0
github.com/modu-ai/moai-adk/internal/cli/update_clean_install.go:228.2,228.63 1 1
github.com/modu-ai/moai-adk/internal/cli/update_clean_install.go:228.63,230.3 1 0
github.com/modu-ai/moai-adk/internal/cli/update_clean_install.go:232.2,232.84 1 1
github.com/modu-ai/moai-adk/internal/cli/update_clean_install.go:232.84,234.3 1 0
github.com/modu-ai/moai-adk/internal/cli/update_clean_install.go:235.2,242.63 3 1
github.com/modu-ai/moai-adk/internal/cli/update_clean_install.go:242.63,243.90 1 1
github.com/modu-ai/moai-adk/internal/cli/update_clean_install.go:243.90,245.4 1 0
github.com/modu-ai/moai-adk/internal/cli/update_clean_install.go:246.3,247.88 2 1
github.com/modu-ai/moai-adk/internal/cli/update_clean_install.go:262.2,262.93 1 1
github.com/modu-ai/moai-adk/internal/cli/update_clean_install.go:262.93,264.3 1 1
github.com/modu-ai/moai-adk/internal/cli/update_clean_install.go:281.2,282.16 2 1
github.com/modu-ai/moai-adk/internal/cli/update_clean_install.go:282.16,284.3 1 0
github.com/modu-ai/moai-adk/internal/cli/update_clean_install.go:290.2,291.16 2 1
github.com/modu-ai/moai-adk/internal/cli/update_clean_install.go:291.16,293.58 2 1
github.com/modu-ai/moai-adk/internal/cli/update_clean_install.go:293.58,295.4 1 0
github.com/modu-ai/moai-adk/internal/cli/update_clean_install.go:305.2,305.25 1 1
github.com/modu-ai/moai-adk/internal/cli/update_clean_install.go:305.25,307.23 2 1
github.com/modu-ai/moai-adk/internal/cli/update_clean_install.go:307.23,309.4 1 0
github.com/modu-ai/moai-adk/internal/cli/update_clean_install.go:310.3,310.29 1 1
github.com/modu-ai/moai-adk/internal/cli/update_clean_install.go:310.29,312.20 2 1
github.com/modu-ai/moai-adk/internal/cli/update_clean_install.go:312.20,315.5 1 0
github.com/modu-ai/moai-adk/internal/cli/update_clean_install.go:316.4,317.35 1 1
github.com/modu-ai/moai-adk/internal/cli/update_clean_install.go:326.2,335.85 3 1
github.com/modu-ai/moai-adk/internal/cli/update_clean_install.go:335.85,336.34 1 1
github.com/modu-ai/moai-adk/internal/cli/update_clean_install.go:336.34,338.48 2 1
github.com/modu-ai/moai-adk/internal/cli/update_clean_install.go:338.48,340.5 1 0
github.com/modu-ai/moai-adk/internal/cli/update_clean_install.go:342.3,342.13 1 1
github.com/modu-ai/moai-adk/internal/cli/update_clean_install.go:343.22,345.3 1 0
github.com/modu-ai/moai-adk/internal/cli/update_clean_install.go:346.2,350.16 3 1
github.com/modu-ai/moai-adk/internal/cli/update_clean_install.go:350.16,352.3 1 0
github.com/modu-ai/moai-adk/internal/cli/update_clean_install.go:353.2,357.22 2 1
github.com/modu-ai/moai-adk/internal/cli/update_clean_install.go:357.22,365.33 3 1
github.com/modu-ai/moai-adk/internal/cli/update_clean_install.go:365.33,367.4 1 0
github.com/modu-ai/moai-adk/internal/cli/update_clean_install.go:368.3,368.34 1 1
github.com/modu-ai/moai-adk/internal/cli/update_clean_install.go:368.34,369.26 1 1
github.com/modu-ai/moai-adk/internal/cli/update_clean_install.go:369.26,371.5 1 1
github.com/modu-ai/moai-adk/internal/cli/update_clean_install.go:373.8,375.3 1 1
github.com/modu-ai/moai-adk/internal/cli/update_clean_install.go:389.2,390.25 2 1
github.com/modu-ai/moai-adk/internal/cli/update_clean_install.go:390.25,392.3 1 0
github.com/modu-ai/moai-adk/internal/cli/update_clean_install.go:397.2,398.79 2 1
github.com/modu-ai/moai-adk/internal/cli/update_clean_install.go:398.79,399.103 1 1
github.com/modu-ai/moai-adk/internal/cli/update_clean_install.go:399.103,401.4 1 1
github.com/modu-ai/moai-adk/internal/cli/update_clean_install.go:410.2,411.92 2 1
github.com/modu-ai/moai-adk/internal/cli/update_clean_install.go:411.92,413.3 1 1
github.com/modu-ai/moai-adk/internal/cli/update_clean_install.go:418.2,419.21 2 1
github.com/modu-ai/moai-adk/internal/cli/update_clean_install.go:419.21,421.22 2 0
github.com/modu-ai/moai-adk/internal/cli/update_clean_install.go:421.22,423.21 2 0
github.com/modu-ai/moai-adk/internal/cli/update_clean_install.go:423.21,425.5 1 0
github.com/modu-ai/moai-adk/internal/cli/update_clean_install.go:426.4,426.25 1 0
github.com/modu-ai/moai-adk/internal/cli/update_clean_install.go:428.3,429.86 2 0
github.com/modu-ai/moai-adk/internal/cli/update_clean_install.go:443.2,455.109 4 1
github.com/modu-ai/moai-adk/internal/cli/update_clean_install.go:455.109,457.3 1 1
github.com/modu-ai/moai-adk/internal/cli/update_clean_install.go:458.2,475.28 2 1
github.com/modu-ai/moai-adk/internal/cli/update_clean_install.go:475.28,481.133 1 1
github.com/modu-ai/moai-adk/internal/cli/update_clean_install.go:481.133,483.4 1 1
github.com/modu-ai/moai-adk/internal/cli/update_clean_install.go:483.25,485.4 1 0
github.com/modu-ai/moai-adk/internal/cli/update_clean_install.go:486.3,496.71 3 1
github.com/modu-ai/moai-adk/internal/cli/update_clean_install.go:496.71,498.4 1 1
github.com/modu-ai/moai-adk/internal/cli/update_clean_install.go:500.2,500.31 1 1
github.com/modu-ai/moai-adk/internal/cli/update_clean_install.go:500.31,503.98 1 1
github.com/modu-ai/moai-adk/internal/cli/update_clean_install.go:503.98,505.4 1 0
github.com/modu-ai/moai-adk/internal/cli/update_clean_install.go:505.9,507.4 1 1
github.com/modu-ai/moai-adk/internal/cli/update_clean_install.go:513.2,513.30 1 1
github.com/modu-ai/moai-adk/internal/cli/update_clean_install.go:513.30,515.98 2 1
github.com/modu-ai/moai-adk/internal/cli/update_clean_install.go:515.98,517.4 1 0
github.com/modu-ai/moai-adk/internal/cli/update_clean_install.go:517.9,519.4 1 1
github.com/modu-ai/moai-adk/internal/cli/update_clean_install.go:527.2,527.78 1 1
github.com/modu-ai/moai-adk/internal/cli/update_clean_install.go:527.78,529.3 1 0
github.com/modu-ai/moai-adk/internal/cli/update_clean_install.go:534.2,534.85 1 1
github.com/modu-ai/moai-adk/internal/cli/update_clean_install.go:534.85,536.3 1 0
github.com/modu-ai/moai-adk/internal/cli/update_clean_install.go:537.2,543.16 3 1
github.com/modu-ai/moai-adk/internal/cli/update_clean_install.go:543.16,545.3 1 0
github.com/modu-ai/moai-adk/internal/cli/update_clean_install.go:547.2,548.38 2 1
github.com/modu-ai/moai-adk/internal/cli/update_clean_install.go:548.38,550.10 2 1
github.com/modu-ai/moai-adk/internal/cli/update_clean_install.go:550.10,552.12 2 0
github.com/modu-ai/moai-adk/internal/cli/update_clean_install.go:554.3,554.26 1 1
github.com/modu-ai/moai-adk/internal/cli/update_clean_install.go:554.26,556.4 1 0
github.com/modu-ai/moai-adk/internal/cli/update_clean_install.go:558.2,561.29 3 1
github.com/modu-ai/moai-adk/internal/cli/update_clean_install.go:561.29,564.3 2 0
github.com/modu-ai/moai-adk/internal/cli/update_clean_install.go:568.2,570.20 2 1
github.com/modu-ai/moai-adk/internal/cli/update_clean_install.go:586.89,588.27 2 1
github.com/modu-ai/moai-adk/internal/cli/update_clean_install.go:588.27,591.21 3 1
github.com/modu-ai/moai-adk/internal/cli/update_clean_install.go:591.21,592.42 1 0
github.com/modu-ai/moai-adk/internal/cli/update_clean_install.go:592.42,593.13 1 0
github.com/modu-ai/moai-adk/internal/cli/update_clean_install.go:595.4,595.55 1 0
github.com/modu-ai/moai-adk/internal/cli/update_clean_install.go:597.3,597.20 1 1
github.com/modu-ai/moai-adk/internal/cli/update_clean_install.go:597.20,599.12 2 1
github.com/modu-ai/moai-adk/internal/cli/update_clean_install.go:601.3,601.91 1 1
github.com/modu-ai/moai-adk/internal/cli/update_clean_install.go:601.91,602.23 1 1
github.com/modu-ai/moai-adk/internal/cli/update_clean_install.go:602.23,604.5 1 0
github.com/modu-ai/moai-adk/internal/cli/update_clean_install.go:605.4,605.17 1 1
github.com/modu-ai/moai-adk/internal/cli/update_clean_install.go:605.17,607.5 1 1
github.com/modu-ai/moai-adk/internal/cli/update_clean_install.go:608.4,609.21 2 1
github.com/modu-ai/moai-adk/internal/cli/update_clean_install.go:609.21,611.5 1 0
github.com/modu-ai/moai-adk/internal/cli/update_clean_install.go:612.4,613.14 2 1
github.com/modu-ai/moai-adk/internal/cli/update_clean_install.go:615.3,615.21 1 1
github.com/modu-ai/moai-adk/internal/cli/update_clean_install.go:615.21,617.4 1 0
github.com/modu-ai/moai-adk/internal/cli/update_clean_install.go:619.2,619.21 1 1
github.com/modu-ai/moai-adk/internal/cli/update_clean_install.go:628.59,629.46 1 1
github.com/modu-ai/moai-adk/internal/cli/update_clean_install.go:629.46,630.37 1 1
github.com/modu-ai/moai-adk/internal/cli/update_clean_install.go:630.37,632.4 1 1
github.com/modu-ai/moai-adk/internal/cli/update_clean_install.go:633.3,633.58 1 0
github.com/modu-ai/moai-adk/internal/cli/update_clean_install.go:635.2,635.28 1 1
github.com/modu-ai/moai-adk/internal/cli/update_clean_install.go:635.28,637.42 2 1
github.com/modu-ai/moai-adk/internal/cli/update_clean_install.go:637.42,638.38 1 1
github.com/modu-ai/moai-adk/internal/cli/update_clean_install.go:638.38,640.5 1 1
github.com/modu-ai/moai-adk/internal/cli/update_clean_install.go:641.4,641.65 1 0
github.com/modu-ai/moai-adk/internal/cli/update_clean_install.go:644.2,644.90 1 0
github.com/modu-ai/moai-adk/internal/cli/update_cleanup.go:56.72,65.67 3 1
github.com/modu-ai/moai-adk/internal/cli/update_cleanup.go:65.67,67.3 1 0
github.com/modu-ai/moai-adk/internal/cli/update_cleanup.go:70.2,71.16 2 1
github.com/modu-ai/moai-adk/internal/cli/update_cleanup.go:71.16,72.22 1 1
github.com/modu-ai/moai-adk/internal/cli/update_cleanup.go:72.22,74.4 1 1
github.com/modu-ai/moai-adk/internal/cli/update_cleanup.go:75.3,75.67 1 0
github.com/modu-ai/moai-adk/internal/cli/update_cleanup.go:78.2,88.16 6 1
github.com/modu-ai/moai-adk/internal/cli/update_cleanup.go:88.16,88.43 1 1
github.com/modu-ai/moai-adk/internal/cli/update_cleanup.go:93.38,95.16 2 1
github.com/modu-ai/moai-adk/internal/cli/update_cleanup.go:95.16,97.3 1 1
github.com/modu-ai/moai-adk/internal/cli/update_cleanup.go:98.2,99.55 2 1
github.com/modu-ai/moai-adk/internal/cli/update_cleanup.go:99.55,101.3 1 0
github.com/modu-ai/moai-adk/internal/cli/update_cleanup.go:102.2,102.22 1 1
github.com/modu-ai/moai-adk/internal/cli/update_cleanup.go:102.22,104.3 1 0
github.com/modu-ai/moai-adk/internal/cli/update_cleanup.go:105.2,105.34 1 1
github.com/modu-ai/moai-adk/internal/cli/update_cleanup.go:105.34,107.3 1 0
github.com/modu-ai/moai-adk/internal/cli/update_cleanup.go:127.64,129.45 2 1
github.com/modu-ai/moai-adk/internal/cli/update_cleanup.go:129.45,133.42 2 1
github.com/modu-ai/moai-adk/internal/cli/update_cleanup.go:133.42,134.12 1 0
github.com/modu-ai/moai-adk/internal/cli/update_cleanup.go:136.3,138.42 2 1
github.com/modu-ai/moai-adk/internal/cli/update_cleanup.go:138.42,139.26 1 1
github.com/modu-ai/moai-adk/internal/cli/update_cleanup.go:139.26,140.13 1 1
github.com/modu-ai/moai-adk/internal/cli/update_cleanup.go:142.4,142.67 1 0
github.com/modu-ai/moai-adk/internal/cli/update_cleanup.go:144.3,144.29 1 1
github.com/modu-ai/moai-adk/internal/cli/update_cleanup.go:146.2,146.19 1 1
github.com/modu-ai/moai-adk/internal/cli/update_cleanup.go:156.108,158.28 2 1
github.com/modu-ai/moai-adk/internal/cli/update_cleanup.go:158.28,161.10 3 1
github.com/modu-ai/moai-adk/internal/cli/update_cleanup.go:161.10,166.15 5 1
github.com/modu-ai/moai-adk/internal/cli/update_cleanup.go:166.15,169.5 1 1
github.com/modu-ai/moai-adk/internal/cli/update_cleanup.go:171.3,171.14 1 1
github.com/modu-ai/moai-adk/internal/cli/update_cleanup.go:171.14,173.4 1 1
github.com/modu-ai/moai-adk/internal/cli/update_cleanup.go:173.9,175.4 1 1
github.com/modu-ai/moai-adk/internal/cli/update_cleanup.go:177.2,177.26 1 1
github.com/modu-ai/moai-adk/internal/cli/update_cleanup.go:203.102,204.21 1 1
github.com/modu-ai/moai-adk/internal/cli/update_cleanup.go:204.21,206.3 1 0
github.com/modu-ai/moai-adk/internal/cli/update_cleanup.go:208.2,211.54 3 1
github.com/modu-ai/moai-adk/internal/cli/update_cleanup.go:211.54,213.3 1 0
github.com/modu-ai/moai-adk/internal/cli/update_cleanup.go:215.2,220.28 2 1
github.com/modu-ai/moai-adk/internal/cli/update_cleanup.go:220.28,230.21 5 1
github.com/modu-ai/moai-adk/internal/cli/update_cleanup.go:230.21,234.4 2 0
github.com/modu-ai/moai-adk/internal/cli/update_cleanup.go:234.9,237.69 2 1
github.com/modu-ai/moai-adk/internal/cli/update_cleanup.go:237.69,239.5 1 0
github.com/modu-ai/moai-adk/internal/cli/update_cleanup.go:240.4,241.18 2 1
github.com/modu-ai/moai-adk/internal/cli/update_cleanup.go:241.18,243.5 1 0
github.com/modu-ai/moai-adk/internal/cli/update_cleanup.go:244.4,244.74 1 1
github.com/modu-ai/moai-adk/internal/cli/update_cleanup.go:244.74,246.5 1 0
github.com/modu-ai/moai-adk/internal/cli/update_cleanup.go:247.4,247.41 1 1
github.com/modu-ai/moai-adk/internal/cli/update_cleanup.go:250.3,250.49 1 1
github.com/modu-ai/moai-adk/internal/cli/update_cleanup.go:254.2,255.16 2 1
github.com/modu-ai/moai-adk/internal/cli/update_cleanup.go:255.16,257.3 1 0
github.com/modu-ai/moai-adk/internal/cli/update_cleanup.go:258.2,259.84 2 1
github.com/modu-ai/moai-adk/internal/cli/update_cleanup.go:259.84,261.3 1 0
github.com/modu-ai/moai-adk/internal/cli/update_cleanup.go:263.2,263.23 1 1
github.com/modu-ai/moai-adk/internal/cli/update_cleanup.go:268.45,270.2 1 1
github.com/modu-ai/moai-adk/internal/cli/update_cleanup.go:285.59,287.16 2 1
github.com/modu-ai/moai-adk/internal/cli/update_cleanup.go:287.16,289.3 1 0
github.com/modu-ai/moai-adk/internal/cli/update_cleanup.go:290.2,290.38 1 1
github.com/modu-ai/moai-adk/internal/cli/update_cleanup.go:290.38,292.3 1 1
github.com/modu-ai/moai-adk/internal/cli/update_cleanup.go:293.2,294.16 2 1
github.com/modu-ai/moai-adk/internal/cli/update_cleanup.go:294.16,296.3 1 0
github.com/modu-ai/moai-adk/internal/cli/update_cleanup.go:298.2,299.40 2 1
github.com/modu-ai/moai-adk/internal/cli/update_cleanup.go:299.40,301.3 1 1
github.com/modu-ai/moai-adk/internal/cli/update_cleanup.go:302.2,306.3 1 1
github.com/modu-ai/moai-adk/internal/cli/update_cleanup.go:311.45,314.16 2 1
github.com/modu-ai/moai-adk/internal/cli/update_cleanup.go:314.16,315.25 1 0
github.com/modu-ai/moai-adk/internal/cli/update_cleanup.go:315.25,317.4 1 0
github.com/modu-ai/moai-adk/internal/cli/update_cleanup.go:318.3,318.46 1 0
github.com/modu-ai/moai-adk/internal/cli/update_cleanup.go:320.2,320.54 1 1
github.com/modu-ai/moai-adk/internal/cli/update_cleanup.go:320.54,323.3 1 1
github.com/modu-ai/moai-adk/internal/cli/update_cleanup.go:325.2,325.26 1 0
github.com/modu-ai/moai-adk/internal/cli/update_cleanup.go:343.105,345.12 2 1
github.com/modu-ai/moai-adk/internal/cli/update_cleanup.go:345.12,347.3 1 1
github.com/modu-ai/moai-adk/internal/cli/update_cleanup.go:348.2,350.16 3 1
github.com/modu-ai/moai-adk/internal/cli/update_cleanup.go:350.16,352.3 1 0
github.com/modu-ai/moai-adk/internal/cli/update_cleanup.go:353.2,354.39 2 1
github.com/modu-ai/moai-adk/internal/cli/update_cleanup.go:354.39,356.3 1 1
github.com/modu-ai/moai-adk/internal/cli/update_cleanup.go:357.2,357.31 1 1
github.com/modu-ai/moai-adk/internal/cli/update_cleanup.go:387.77,391.72 2 1
github.com/modu-ai/moai-adk/internal/cli/update_cleanup.go:391.72,395.3 1 1
github.com/modu-ai/moai-adk/internal/cli/update_cleanup.go:396.2,401.16 4 1
github.com/modu-ai/moai-adk/internal/cli/update_cleanup.go:401.16,404.3 1 1
github.com/modu-ai/moai-adk/internal/cli/update_cleanup.go:405.2,405.24 1 0
github.com/modu-ai/moai-adk/internal/cli/update_cleanup.go:405.24,408.3 1 0
github.com/modu-ai/moai-adk/internal/cli/update_cleanup.go:410.2,410.18 1 0
github.com/modu-ai/moai-adk/internal/cli/update_cleanup.go:419.91,421.40 1 1
github.com/modu-ai/moai-adk/internal/cli/update_cleanup.go:421.40,423.3 1 1
github.com/modu-ai/moai-adk/internal/cli/update_cleanup.go:424.2,424.34 1 1
github.com/modu-ai/moai-adk/internal/cli/update_cleanup.go:424.34,426.3 1 1
github.com/modu-ai/moai-adk/internal/cli/update_cleanup.go:428.2,429.16 2 1
github.com/modu-ai/moai-adk/internal/cli/update_cleanup.go:429.16,431.3 1 0
github.com/modu-ai/moai-adk/internal/cli/update_cleanup.go:432.2,439.52 4 1
github.com/modu-ai/moai-adk/internal/cli/update_cleanup.go:439.52,443.3 2 0
github.com/modu-ai/moai-adk/internal/cli/update_cleanup.go:445.2,447.79 3 1
github.com/modu-ai/moai-adk/internal/cli/update_cleanup.go:447.79,450.3 2 1
github.com/modu-ai/moai-adk/internal/cli/update_cleanup.go:451.2,451.12 1 1
github.com/modu-ai/moai-adk/internal/cli/update_cleanup_unix.go:24.35,26.16 2 1
github.com/modu-ai/moai-adk/internal/cli/update_cleanup_unix.go:26.16,28.3 1 1
github.com/modu-ai/moai-adk/internal/cli/update_cleanup_unix.go:29.2,29.35 1 1
github.com/modu-ai/moai-adk/internal/cli/update_cleanup_unix.go:29.35,31.3 1 0
github.com/modu-ai/moai-adk/internal/cli/update_cleanup_unix.go:33.2,33.14 1 1
github.com/modu-ai/moai-adk/internal/cli/update_codex_wiring.go:21.80,22.79 1 1
github.com/modu-ai/moai-adk/internal/cli/update_codex_wiring.go:22.79,23.20 1 0
github.com/modu-ai/moai-adk/internal/cli/update_codex_wiring.go:23.20,25.4 1 0
github.com/modu-ai/moai-adk/internal/cli/update_codex_wiring.go:31.58,33.2 1 1
github.com/modu-ai/moai-adk/internal/cli/update_deny_migration.go:42.73,45.16 3 1
github.com/modu-ai/moai-adk/internal/cli/update_deny_migration.go:45.16,46.25 1 1
github.com/modu-ai/moai-adk/internal/cli/update_deny_migration.go:46.25,48.4 1 1
github.com/modu-ai/moai-adk/internal/cli/update_deny_migration.go:49.3,49.51 1 0
github.com/modu-ai/moai-adk/internal/cli/update_deny_migration.go:52.2,53.49 2 1
github.com/modu-ai/moai-adk/internal/cli/update_deny_migration.go:53.49,57.3 1 0
github.com/modu-ai/moai-adk/internal/cli/update_deny_migration.go:59.2,60.9 2 1
github.com/modu-ai/moai-adk/internal/cli/update_deny_migration.go:60.9,62.3 1 1
github.com/modu-ai/moai-adk/internal/cli/update_deny_migration.go:63.2,64.9 2 1
github.com/modu-ai/moai-adk/internal/cli/update_deny_migration.go:64.9,66.3 1 1
github.com/modu-ai/moai-adk/internal/cli/update_deny_migration.go:68.2,69.41 2 1
github.com/modu-ai/moai-adk/internal/cli/update_deny_migration.go:69.41,71.3 1 1
github.com/modu-ai/moai-adk/internal/cli/update_deny_migration.go:73.2,75.25 3 1
github.com/modu-ai/moai-adk/internal/cli/update_deny_migration.go:75.25,76.36 1 1
github.com/modu-ai/moai-adk/internal/cli/update_deny_migration.go:76.36,77.45 1 1
github.com/modu-ai/moai-adk/internal/cli/update_deny_migration.go:77.45,79.13 2 1
github.com/modu-ai/moai-adk/internal/cli/update_deny_migration.go:82.3,82.25 1 1
github.com/modu-ai/moai-adk/internal/cli/update_deny_migration.go:84.2,84.18 1 1
github.com/modu-ai/moai-adk/internal/cli/update_deny_migration.go:84.18,86.3 1 1
github.com/modu-ai/moai-adk/internal/cli/update_deny_migration.go:88.2,90.16 3 1
github.com/modu-ai/moai-adk/internal/cli/update_deny_migration.go:90.16,92.3 1 0
github.com/modu-ai/moai-adk/internal/cli/update_deny_migration.go:93.2,97.20 4 1
github.com/modu-ai/moai-adk/internal/cli/update_deny_migration.go:97.20,99.3 1 1
github.com/modu-ai/moai-adk/internal/cli/update_deny_migration.go:100.2,100.58 1 1
github.com/modu-ai/moai-adk/internal/cli/update_deny_migration.go:100.58,102.3 1 0
github.com/modu-ai/moai-adk/internal/cli/update_deny_migration.go:108.2,109.12 2 1
github.com/modu-ai/moai-adk/internal/cli/update_destructive_registry.go:43.39,43.75 1 1
github.com/modu-ai/moai-adk/internal/cli/update_disk_backup.go:48.43,54.2 1 1
github.com/modu-ai/moai-adk/internal/cli/update_disk_backup.go:63.72,64.21 1 1
github.com/modu-ai/moai-adk/internal/cli/update_disk_backup.go:64.21,65.62 1 1
github.com/modu-ai/moai-adk/internal/cli/update_disk_backup.go:65.62,67.4 1 0
github.com/modu-ai/moai-adk/internal/cli/update_disk_backup.go:68.3,68.24 1 1
github.com/modu-ai/moai-adk/internal/cli/update_disk_backup.go:71.2,72.55 2 1
github.com/modu-ai/moai-adk/internal/cli/update_disk_backup.go:72.55,74.3 1 0
github.com/modu-ai/moai-adk/internal/cli/update_disk_backup.go:75.2,75.17 1 1
github.com/modu-ai/moai-adk/internal/cli/update_disk_backup.go:88.87,90.16 2 1
github.com/modu-ai/moai-adk/internal/cli/update_disk_backup.go:90.16,92.3 1 0
github.com/modu-ai/moai-adk/internal/cli/update_disk_backup.go:94.2,95.50 2 1
github.com/modu-ai/moai-adk/internal/cli/update_disk_backup.go:95.50,98.21 3 1
github.com/modu-ai/moai-adk/internal/cli/update_disk_backup.go:98.21,99.30 1 1
github.com/modu-ai/moai-adk/internal/cli/update_disk_backup.go:99.30,100.13 1 1
github.com/modu-ai/moai-adk/internal/cli/update_disk_backup.go:102.4,102.103 1 0
github.com/modu-ai/moai-adk/internal/cli/update_disk_backup.go:105.3,106.74 2 1
github.com/modu-ai/moai-adk/internal/cli/update_disk_backup.go:106.74,108.4 1 0
github.com/modu-ai/moai-adk/internal/cli/update_disk_backup.go:109.3,109.86 1 1
github.com/modu-ai/moai-adk/internal/cli/update_disk_backup.go:109.86,111.4 1 1
github.com/modu-ai/moai-adk/internal/cli/update_disk_backup.go:112.3,112.33 1 1
github.com/modu-ai/moai-adk/internal/cli/update_disk_backup.go:115.2,115.34 1 1
github.com/modu-ai/moai-adk/internal/cli/update_disk_backup.go:126.95,127.78 1 1
github.com/modu-ai/moai-adk/internal/cli/update_disk_backup.go:127.78,129.3 1 1
github.com/modu-ai/moai-adk/internal/cli/update_disk_backup.go:130.2,130.22 1 1
github.com/modu-ai/moai-adk/internal/cli/update_dryrun_preview.go:29.69,35.41 5 1
github.com/modu-ai/moai-adk/internal/cli/update_dryrun_preview.go:35.41,37.3 1 1
github.com/modu-ai/moai-adk/internal/cli/update_dryrun_preview.go:43.2,44.16 2 1
github.com/modu-ai/moai-adk/internal/cli/update_dryrun_preview.go:44.16,46.3 1 0
github.com/modu-ai/moai-adk/internal/cli/update_dryrun_preview.go:47.2,49.48 3 1
github.com/modu-ai/moai-adk/internal/cli/update_dryrun_preview.go:49.48,50.57 1 1
github.com/modu-ai/moai-adk/internal/cli/update_dryrun_preview.go:50.57,52.4 1 0
github.com/modu-ai/moai-adk/internal/cli/update_dryrun_preview.go:53.3,53.42 1 1
github.com/modu-ai/moai-adk/internal/cli/update_dryrun_preview.go:56.2,58.26 3 1
github.com/modu-ai/moai-adk/internal/cli/update_dryrun_preview.go:58.26,59.18 1 1
github.com/modu-ai/moai-adk/internal/cli/update_dryrun_preview.go:59.18,61.12 2 1
github.com/modu-ai/moai-adk/internal/cli/update_dryrun_preview.go:63.3,63.35 1 1
github.com/modu-ai/moai-adk/internal/cli/update_dryrun_preview.go:66.2,71.30 4 1
github.com/modu-ai/moai-adk/internal/cli/update_dryrun_preview.go:71.30,74.3 1 1
github.com/modu-ai/moai-adk/internal/cli/update_dryrun_preview.go:75.2,75.22 1 1
github.com/modu-ai/moai-adk/internal/cli/update_dryrun_preview.go:75.22,78.3 1 1
github.com/modu-ai/moai-adk/internal/cli/update_dryrun_preview.go:79.2,79.12 1 1
github.com/modu-ai/moai-adk/internal/cli/update_namespace_protect.go:63.39,65.2 1 1
github.com/modu-ai/moai-adk/internal/cli/update_namespace_protect.go:76.75,81.46 3 1
github.com/modu-ai/moai-adk/internal/cli/update_namespace_protect.go:81.46,82.29 1 1
github.com/modu-ai/moai-adk/internal/cli/update_namespace_protect.go:82.29,84.56 2 1
github.com/modu-ai/moai-adk/internal/cli/update_namespace_protect.go:84.56,86.5 1 1
github.com/modu-ai/moai-adk/internal/cli/update_namespace_protect.go:88.3,88.105 1 0
github.com/modu-ai/moai-adk/internal/cli/update_namespace_protect.go:89.8,89.32 1 1
github.com/modu-ai/moai-adk/internal/cli/update_namespace_protect.go:89.32,91.3 1 0
github.com/modu-ai/moai-adk/internal/cli/update_namespace_protect.go:93.2,93.23 1 1
github.com/modu-ai/moai-adk/internal/cli/update_namespace_protect.go:103.98,106.42 2 1
github.com/modu-ai/moai-adk/internal/cli/update_namespace_protect.go:106.42,108.45 2 1
github.com/modu-ai/moai-adk/internal/cli/update_namespace_protect.go:108.45,109.26 1 1
github.com/modu-ai/moai-adk/internal/cli/update_namespace_protect.go:109.26,110.13 1 1
github.com/modu-ai/moai-adk/internal/cli/update_namespace_protect.go:112.4,112.52 1 0
github.com/modu-ai/moai-adk/internal/cli/update_namespace_protect.go:115.3,115.90 1 1
github.com/modu-ai/moai-adk/internal/cli/update_namespace_protect.go:115.90,116.18 1 1
github.com/modu-ai/moai-adk/internal/cli/update_namespace_protect.go:116.18,118.5 1 0
github.com/modu-ai/moai-adk/internal/cli/update_namespace_protect.go:119.4,119.17 1 1
github.com/modu-ai/moai-adk/internal/cli/update_namespace_protect.go:119.17,121.5 1 1
github.com/modu-ai/moai-adk/internal/cli/update_namespace_protect.go:124.4,124.35 1 1
github.com/modu-ai/moai-adk/internal/cli/update_namespace_protect.go:124.35,126.5 1 1
github.com/modu-ai/moai-adk/internal/cli/update_namespace_protect.go:127.4,128.21 2 1
github.com/modu-ai/moai-adk/internal/cli/update_namespace_protect.go:128.21,130.5 1 0
github.com/modu-ai/moai-adk/internal/cli/update_namespace_protect.go:132.4,133.25 2 1
github.com/modu-ai/moai-adk/internal/cli/update_namespace_protect.go:133.25,135.5 1 1
github.com/modu-ai/moai-adk/internal/cli/update_namespace_protect.go:136.4,136.14 1 1
github.com/modu-ai/moai-adk/internal/cli/update_namespace_protect.go:138.3,138.21 1 1
github.com/modu-ai/moai-adk/internal/cli/update_namespace_protect.go:138.21,140.4 1 0
github.com/modu-ai/moai-adk/internal/cli/update_namespace_protect.go:143.2,143.21 1 1
github.com/modu-ai/moai-adk/internal/cli/update_namespace_protect.go:154.66,156.2 1 1
github.com/modu-ai/moai-adk/internal/cli/update_namespace_protect.go:167.78,169.2 1 1
github.com/modu-ai/moai-adk/internal/cli/update_namespace_protect.go:196.67,198.16 2 1
github.com/modu-ai/moai-adk/internal/cli/update_namespace_protect.go:198.16,200.3 1 0
github.com/modu-ai/moai-adk/internal/cli/update_namespace_protect.go:203.2,203.21 1 1
github.com/modu-ai/moai-adk/internal/cli/update_namespace_protect.go:203.21,205.3 1 1
github.com/modu-ai/moai-adk/internal/cli/update_namespace_protect.go:207.2,209.16 3 1
github.com/modu-ai/moai-adk/internal/cli/update_namespace_protect.go:209.16,211.3 1 0
github.com/modu-ai/moai-adk/internal/cli/update_namespace_protect.go:214.2,214.61 1 1
github.com/modu-ai/moai-adk/internal/cli/update_namespace_protect.go:214.61,216.3 1 0
github.com/modu-ai/moai-adk/internal/cli/update_namespace_protect.go:219.2,219.28 1 1
github.com/modu-ai/moai-adk/internal/cli/update_namespace_protect.go:219.28,224.78 3 1
github.com/modu-ai/moai-adk/internal/cli/update_namespace_protect.go:224.78,227.4 2 0
github.com/modu-ai/moai-adk/internal/cli/update_namespace_protect.go:232.3,232.60 1 1
github.com/modu-ai/moai-adk/internal/cli/update_namespace_protect.go:232.60,235.4 2 0
github.com/modu-ai/moai-adk/internal/cli/update_namespace_protect.go:239.2,242.99 3 1
github.com/modu-ai/moai-adk/internal/cli/update_namespace_protect.go:242.99,245.3 2 0
github.com/modu-ai/moai-adk/internal/cli/update_namespace_protect.go:247.2,247.23 1 1
github.com/modu-ai/moai-adk/internal/cli/update_namespace_protect.go:262.67,263.32 1 1
github.com/modu-ai/moai-adk/internal/cli/update_namespace_protect.go:263.32,266.41 2 1
github.com/modu-ai/moai-adk/internal/cli/update_namespace_protect.go:266.41,269.4 1 1
github.com/modu-ai/moai-adk/internal/cli/update_namespace_protect.go:271.2,271.12 1 1
github.com/modu-ai/moai-adk/internal/cli/update_namespace_protect.go:293.73,295.16 2 1
github.com/modu-ai/moai-adk/internal/cli/update_namespace_protect.go:295.16,297.3 1 0
github.com/modu-ai/moai-adk/internal/cli/update_namespace_protect.go:299.2,300.32 2 1
github.com/modu-ai/moai-adk/internal/cli/update_namespace_protect.go:300.32,302.22 2 1
github.com/modu-ai/moai-adk/internal/cli/update_namespace_protect.go:302.22,303.76 1 1
github.com/modu-ai/moai-adk/internal/cli/update_namespace_protect.go:303.76,305.5 1 1
github.com/modu-ai/moai-adk/internal/cli/update_namespace_protect.go:307.3,307.16 1 1
github.com/modu-ai/moai-adk/internal/cli/update_namespace_protect.go:307.16,309.4 1 1
github.com/modu-ai/moai-adk/internal/cli/update_namespace_protect.go:312.2,312.53 1 1
github.com/modu-ai/moai-adk/internal/cli/update_namespace_protect.go:329.56,331.36 1 1
github.com/modu-ai/moai-adk/internal/cli/update_namespace_protect.go:331.36,333.3 1 1
github.com/modu-ai/moai-adk/internal/cli/update_namespace_protect.go:335.2,339.48 2 1
github.com/modu-ai/moai-adk/internal/cli/update_namespace_protect.go:339.48,342.55 3 1
github.com/modu-ai/moai-adk/internal/cli/update_namespace_protect.go:342.55,344.4 1 1
github.com/modu-ai/moai-adk/internal/cli/update_namespace_protect.go:350.2,350.48 1 1
github.com/modu-ai/moai-adk/internal/cli/update_namespace_protect.go:350.48,353.14 3 1
github.com/modu-ai/moai-adk/internal/cli/update_namespace_protect.go:354.33,355.16 1 1
github.com/modu-ai/moai-adk/internal/cli/update_namespace_protect.go:357.3,358.51 2 1
github.com/modu-ai/moai-adk/internal/cli/update_namespace_protect.go:358.51,360.4 1 1
github.com/modu-ai/moai-adk/internal/cli/update_namespace_protect.go:361.3,363.81 1 1
github.com/modu-ai/moai-adk/internal/cli/update_namespace_protect.go:363.81,365.4 1 1
github.com/modu-ai/moai-adk/internal/cli/update_namespace_protect.go:368.2,368.14 1 1
github.com/modu-ai/moai-adk/internal/cli/update_noise.go:48.78,51.16 3 1
github.com/modu-ai/moai-adk/internal/cli/update_noise.go:51.16,53.3 1 1
github.com/modu-ai/moai-adk/internal/cli/update_noise.go:54.2,55.62 2 1
github.com/modu-ai/moai-adk/internal/cli/update_noise.go:55.62,57.3 1 1
github.com/modu-ai/moai-adk/internal/cli/update_noise.go:58.2,58.15 1 1
github.com/modu-ai/moai-adk/internal/cli/update_noise.go:65.92,70.43 5 1
github.com/modu-ai/moai-adk/internal/cli/update_noise.go:70.43,72.3 1 0
github.com/modu-ai/moai-adk/internal/cli/update_noise.go:73.2,73.56 1 1
github.com/modu-ai/moai-adk/internal/cli/update_noise.go:93.96,96.13 3 1
github.com/modu-ai/moai-adk/internal/cli/update_noise.go:96.13,98.31 1 1
github.com/modu-ai/moai-adk/internal/cli/update_noise.go:98.31,102.4 3 1
github.com/modu-ai/moai-adk/internal/cli/update_noise.go:103.3,103.9 1 1
github.com/modu-ai/moai-adk/internal/cli/update_noise.go:106.2,111.13 5 1
github.com/modu-ai/moai-adk/internal/cli/update_noise.go:111.13,115.3 2 1
github.com/modu-ai/moai-adk/internal/cli/update_noise.go:118.2,118.54 1 1
github.com/modu-ai/moai-adk/internal/cli/update_noise.go:118.54,120.3 1 1
github.com/modu-ai/moai-adk/internal/cli/update_preserve_inventory.go:100.76,101.23 1 1
github.com/modu-ai/moai-adk/internal/cli/update_preserve_inventory.go:101.23,103.3 1 1
github.com/modu-ai/moai-adk/internal/cli/update_preserve_inventory.go:105.2,109.16 3 1
github.com/modu-ai/moai-adk/internal/cli/update_preserve_inventory.go:109.16,111.3 1 0
github.com/modu-ai/moai-adk/internal/cli/update_preserve_inventory.go:112.2,115.46 2 1
github.com/modu-ai/moai-adk/internal/cli/update_preserve_inventory.go:115.46,117.53 2 1
github.com/modu-ai/moai-adk/internal/cli/update_preserve_inventory.go:117.53,118.42 1 1
github.com/modu-ai/moai-adk/internal/cli/update_preserve_inventory.go:118.42,119.13 1 1
github.com/modu-ai/moai-adk/internal/cli/update_preserve_inventory.go:121.4,121.72 1 0
github.com/modu-ai/moai-adk/internal/cli/update_preserve_inventory.go:124.3,124.99 1 1
github.com/modu-ai/moai-adk/internal/cli/update_preserve_inventory.go:124.99,125.27 1 1
github.com/modu-ai/moai-adk/internal/cli/update_preserve_inventory.go:125.27,127.5 1 0
github.com/modu-ai/moai-adk/internal/cli/update_preserve_inventory.go:128.4,128.17 1 1
github.com/modu-ai/moai-adk/internal/cli/update_preserve_inventory.go:128.17,130.5 1 1
github.com/modu-ai/moai-adk/internal/cli/update_preserve_inventory.go:131.4,132.21 2 1
github.com/modu-ai/moai-adk/internal/cli/update_preserve_inventory.go:132.21,134.5 1 0
github.com/modu-ai/moai-adk/internal/cli/update_preserve_inventory.go:135.4,140.34 2 1
github.com/modu-ai/moai-adk/internal/cli/update_preserve_inventory.go:140.34,143.22 3 1
github.com/modu-ai/moai-adk/internal/cli/update_preserve_inventory.go:143.22,145.6 1 1
github.com/modu-ai/moai-adk/internal/cli/update_preserve_inventory.go:148.4,149.14 2 1
github.com/modu-ai/moai-adk/internal/cli/update_preserve_inventory.go:151.3,151.21 1 1
github.com/modu-ai/moai-adk/internal/cli/update_preserve_inventory.go:151.21,153.4 1 0
github.com/modu-ai/moai-adk/internal/cli/update_preserve_inventory.go:160.2,170.24 2 1
github.com/modu-ai/moai-adk/internal/cli/update_preserve_inventory.go:170.24,172.33 2 1
github.com/modu-ai/moai-adk/internal/cli/update_preserve_inventory.go:172.33,173.34 1 1
github.com/modu-ai/moai-adk/internal/cli/update_preserve_inventory.go:173.34,174.13 1 1
github.com/modu-ai/moai-adk/internal/cli/update_preserve_inventory.go:176.4,176.28 1 1
github.com/modu-ai/moai-adk/internal/cli/update_preserve_inventory.go:178.3,178.19 1 1
github.com/modu-ai/moai-adk/internal/cli/update_preserve_inventory.go:181.2,181.17 1 1
github.com/modu-ai/moai-adk/internal/cli/update_preserve_inventory.go:191.45,193.19 2 1
github.com/modu-ai/moai-adk/internal/cli/update_preserve_inventory.go:193.19,195.3 1 0
github.com/modu-ai/moai-adk/internal/cli/update_preserve_inventory.go:196.2,196.45 1 1
github.com/modu-ai/moai-adk/internal/cli/update_preserve_inventory.go:196.45,198.16 2 1
github.com/modu-ai/moai-adk/internal/cli/update_preserve_inventory.go:198.16,199.12 1 0
github.com/modu-ai/moai-adk/internal/cli/update_preserve_inventory.go:201.3,201.60 1 1
github.com/modu-ai/moai-adk/internal/cli/update_preserve_inventory.go:201.60,203.4 1 1
github.com/modu-ai/moai-adk/internal/cli/update_preserve_inventory.go:205.2,205.14 1 1
github.com/modu-ai/moai-adk/internal/cli/update_preserve_inventory.go:223.61,225.28 2 1
github.com/modu-ai/moai-adk/internal/cli/update_preserve_inventory.go:225.28,226.33 1 1
github.com/modu-ai/moai-adk/internal/cli/update_preserve_inventory.go:226.33,228.4 1 1
github.com/modu-ai/moai-adk/internal/cli/update_preserve_inventory.go:230.2,230.19 1 1
github.com/modu-ai/moai-adk/internal/cli/update_preserve_inventory.go:237.40,238.18 1 1
github.com/modu-ai/moai-adk/internal/cli/update_preserve_inventory.go:238.18,240.3 1 1
github.com/modu-ai/moai-adk/internal/cli/update_preserve_inventory.go:241.2,243.23 3 1
github.com/modu-ai/moai-adk/internal/cli/update_preserve_inventory.go:243.23,244.27 1 1
github.com/modu-ai/moai-adk/internal/cli/update_preserve_inventory.go:244.27,245.12 1 0
github.com/modu-ai/moai-adk/internal/cli/update_preserve_inventory.go:247.3,248.23 2 1
github.com/modu-ai/moai-adk/internal/cli/update_preserve_inventory.go:250.2,250.12 1 1
github.com/modu-ai/moai-adk/internal/cli/update_preserve_inventory.go:276.117,277.23 1 1
github.com/modu-ai/moai-adk/internal/cli/update_preserve_inventory.go:277.23,279.3 1 0
github.com/modu-ai/moai-adk/internal/cli/update_preserve_inventory.go:280.2,280.21 1 1
github.com/modu-ai/moai-adk/internal/cli/update_preserve_inventory.go:280.21,282.3 1 1
github.com/modu-ai/moai-adk/internal/cli/update_preserve_inventory.go:284.2,285.34 2 1
github.com/modu-ai/moai-adk/internal/cli/update_preserve_inventory.go:285.34,287.21 2 1
github.com/modu-ai/moai-adk/internal/cli/update_preserve_inventory.go:287.21,288.42 1 1
github.com/modu-ai/moai-adk/internal/cli/update_preserve_inventory.go:288.42,290.13 1 1
github.com/modu-ai/moai-adk/internal/cli/update_preserve_inventory.go:292.4,292.63 1 0
github.com/modu-ai/moai-adk/internal/cli/update_preserve_inventory.go:294.3,295.19 2 1
github.com/modu-ai/moai-adk/internal/cli/update_preserve_inventory.go:295.19,296.40 1 1
github.com/modu-ai/moai-adk/internal/cli/update_preserve_inventory.go:296.40,298.13 1 1
github.com/modu-ai/moai-adk/internal/cli/update_preserve_inventory.go:300.4,300.62 1 0
github.com/modu-ai/moai-adk/internal/cli/update_preserve_inventory.go:302.3,302.42 1 1
github.com/modu-ai/moai-adk/internal/cli/update_preserve_inventory.go:302.42,304.4 1 1
github.com/modu-ai/moai-adk/internal/cli/update_preserve_inventory.go:306.2,306.22 1 1
github.com/modu-ai/moai-adk/internal/cli/update_preserve_inventory.go:311.33,314.2 2 1
github.com/modu-ai/moai-adk/internal/cli/update_preserve_inventory.go:329.99,330.21 1 1
github.com/modu-ai/moai-adk/internal/cli/update_preserve_inventory.go:330.21,332.3 1 1
github.com/modu-ai/moai-adk/internal/cli/update_preserve_inventory.go:334.2,334.32 1 1
github.com/modu-ai/moai-adk/internal/cli/update_preserve_inventory.go:334.32,339.71 3 1
github.com/modu-ai/moai-adk/internal/cli/update_preserve_inventory.go:339.71,341.4 1 0
github.com/modu-ai/moai-adk/internal/cli/update_preserve_inventory.go:343.3,343.60 1 1
github.com/modu-ai/moai-adk/internal/cli/update_preserve_inventory.go:343.60,345.4 1 0
github.com/modu-ai/moai-adk/internal/cli/update_preserve_inventory.go:349.2,351.103 3 1
github.com/modu-ai/moai-adk/internal/cli/update_preserve_inventory.go:351.103,353.3 1 0
github.com/modu-ai/moai-adk/internal/cli/update_preserve_inventory.go:355.2,355.12 1 1
github.com/modu-ai/moai-adk/internal/cli/update_preserve_inventory.go:383.102,384.32 1 1
github.com/modu-ai/moai-adk/internal/cli/update_preserve_inventory.go:384.32,386.51 2 1
github.com/modu-ai/moai-adk/internal/cli/update_preserve_inventory.go:386.51,387.41 1 1
github.com/modu-ai/moai-adk/internal/cli/update_preserve_inventory.go:387.41,388.13 1 1
github.com/modu-ai/moai-adk/internal/cli/update_preserve_inventory.go:390.4,390.82 1 0
github.com/modu-ai/moai-adk/internal/cli/update_preserve_inventory.go:393.3,394.22 2 1
github.com/modu-ai/moai-adk/internal/cli/update_preserve_inventory.go:394.22,395.92 1 1
github.com/modu-ai/moai-adk/internal/cli/update_preserve_inventory.go:395.92,397.5 1 1
github.com/modu-ai/moai-adk/internal/cli/update_preserve_inventory.go:399.3,399.16 1 1
github.com/modu-ai/moai-adk/internal/cli/update_preserve_inventory.go:399.16,401.4 1 1
github.com/modu-ai/moai-adk/internal/cli/update_preserve_inventory.go:403.2,403.12 1 1
github.com/modu-ai/moai-adk/internal/cli/update_preserve_inventory.go:414.100,415.21 1 1
github.com/modu-ai/moai-adk/internal/cli/update_preserve_inventory.go:415.21,417.3 1 1
github.com/modu-ai/moai-adk/internal/cli/update_preserve_inventory.go:422.2,425.32 3 1
github.com/modu-ai/moai-adk/internal/cli/update_preserve_inventory.go:425.32,435.54 3 1
github.com/modu-ai/moai-adk/internal/cli/update_preserve_inventory.go:435.54,436.42 1 1
github.com/modu-ai/moai-adk/internal/cli/update_preserve_inventory.go:436.42,437.13 1 0
github.com/modu-ai/moai-adk/internal/cli/update_preserve_inventory.go:439.4,439.106 1 1
github.com/modu-ai/moai-adk/internal/cli/update_preserve_inventory.go:442.3,442.71 1 1
github.com/modu-ai/moai-adk/internal/cli/update_preserve_inventory.go:442.71,444.4 1 1
github.com/modu-ai/moai-adk/internal/cli/update_preserve_inventory.go:446.3,446.60 1 1
github.com/modu-ai/moai-adk/internal/cli/update_preserve_inventory.go:446.60,448.4 1 1
github.com/modu-ai/moai-adk/internal/cli/update_preserve_inventory.go:450.3,450.13 1 1
github.com/modu-ai/moai-adk/internal/cli/update_preserve_inventory.go:453.2,453.12 1 1
github.com/modu-ai/moai-adk/internal/cli/update_preserve_inventory.go:459.99,461.32 2 1
github.com/modu-ai/moai-adk/internal/cli/update_preserve_inventory.go:461.32,464.21 3 1
github.com/modu-ai/moai-adk/internal/cli/update_preserve_inventory.go:464.21,465.42 1 0
github.com/modu-ai/moai-adk/internal/cli/update_preserve_inventory.go:465.42,466.13 1 0
github.com/modu-ai/moai-adk/internal/cli/update_preserve_inventory.go:468.4,468.55 1 0
github.com/modu-ai/moai-adk/internal/cli/update_preserve_inventory.go:470.3,471.50 2 1
github.com/modu-ai/moai-adk/internal/cli/update_preserve_inventory.go:471.50,474.4 2 0
github.com/modu-ai/moai-adk/internal/cli/update_preserve_inventory.go:475.3,476.47 2 1
github.com/modu-ai/moai-adk/internal/cli/update_preserve_inventory.go:478.2,478.20 1 1
github.com/modu-ai/moai-adk/internal/cli/update_recovery_manifest.go:50.84,51.16 1 1
github.com/modu-ai/moai-adk/internal/cli/update_recovery_manifest.go:51.16,53.3 1 0
github.com/modu-ai/moai-adk/internal/cli/update_recovery_manifest.go:54.2,54.81 1 1
github.com/modu-ai/moai-adk/internal/cli/update_recovery_manifest.go:59.33,59.53 1 1
github.com/modu-ai/moai-adk/internal/cli/update_recovery_manifest.go:68.61,69.30 1 1
github.com/modu-ai/moai-adk/internal/cli/update_recovery_manifest.go:69.30,71.3 1 1
github.com/modu-ai/moai-adk/internal/cli/update_recovery_manifest.go:73.2,76.23 3 1
github.com/modu-ai/moai-adk/internal/cli/update_recovery_manifest.go:76.23,78.87 2 1
github.com/modu-ai/moai-adk/internal/cli/update_recovery_manifest.go:78.87,80.4 1 0
github.com/modu-ai/moai-adk/internal/cli/update_recovery_manifest.go:83.2,83.41 1 1
github.com/modu-ai/moai-adk/internal/cli/update_recovery_manifest.go:88.74,94.21 5 1
github.com/modu-ai/moai-adk/internal/cli/update_recovery_manifest.go:94.21,100.3 3 0
github.com/modu-ai/moai-adk/internal/cli/update_recovery_manifest.go:102.2,107.19 4 1
github.com/modu-ai/moai-adk/internal/cli/update_recovery_manifest.go:113.68,114.28 1 1
github.com/modu-ai/moai-adk/internal/cli/update_recovery_manifest.go:114.28,115.21 1 1
github.com/modu-ai/moai-adk/internal/cli/update_recovery_manifest.go:115.21,117.4 1 1
github.com/modu-ai/moai-adk/internal/cli/update_recovery_manifest.go:118.3,118.34 1 1
github.com/modu-ai/moai-adk/internal/cli/update_recovery_manifest.go:118.34,120.4 1 1
github.com/modu-ai/moai-adk/internal/cli/update_recovery_manifest.go:122.2,122.12 1 1
github.com/modu-ai/moai-adk/internal/cli/update_residue_cleanup.go:65.113,67.16 2 1
github.com/modu-ai/moai-adk/internal/cli/update_residue_cleanup.go:67.16,69.3 1 0
github.com/modu-ai/moai-adk/internal/cli/update_residue_cleanup.go:72.2,72.33 1 1
github.com/modu-ai/moai-adk/internal/cli/update_residue_cleanup.go:72.33,75.3 2 1
github.com/modu-ai/moai-adk/internal/cli/update_residue_cleanup.go:78.2,79.16 2 1
github.com/modu-ai/moai-adk/internal/cli/update_residue_cleanup.go:79.16,81.3 1 0
github.com/modu-ai/moai-adk/internal/cli/update_residue_cleanup.go:84.2,84.94 1 1
github.com/modu-ai/moai-adk/internal/cli/update_residue_cleanup.go:84.94,85.98 1 1
github.com/modu-ai/moai-adk/internal/cli/update_residue_cleanup.go:85.98,87.4 1 0
github.com/modu-ai/moai-adk/internal/cli/update_residue_cleanup.go:93.2,94.30 2 1
github.com/modu-ai/moai-adk/internal/cli/update_residue_cleanup.go:94.30,95.98 1 1
github.com/modu-ai/moai-adk/internal/cli/update_residue_cleanup.go:95.98,97.4 1 1
github.com/modu-ai/moai-adk/internal/cli/update_residue_cleanup.go:99.2,99.21 1 1
github.com/modu-ai/moai-adk/internal/cli/update_residue_cleanup.go:99.21,101.3 1 1
github.com/modu-ai/moai-adk/internal/cli/update_residue_cleanup.go:103.2,103.12 1 1
github.com/modu-ai/moai-adk/internal/cli/update_residue_cleanup.go:103.12,106.3 2 1
github.com/modu-ai/moai-adk/internal/cli/update_residue_cleanup.go:114.2,115.22 2 1
github.com/modu-ai/moai-adk/internal/cli/update_residue_cleanup.go:115.22,117.3 1 0
github.com/modu-ai/moai-adk/internal/cli/update_residue_cleanup.go:118.2,118.28 1 1
github.com/modu-ai/moai-adk/internal/cli/update_residue_cleanup.go:118.28,120.58 2 1
github.com/modu-ai/moai-adk/internal/cli/update_residue_cleanup.go:120.58,122.4 1 0
github.com/modu-ai/moai-adk/internal/cli/update_residue_cleanup.go:123.3,124.19 2 1
github.com/modu-ai/moai-adk/internal/cli/update_residue_cleanup.go:124.19,127.4 1 0
github.com/modu-ai/moai-adk/internal/cli/update_residue_cleanup.go:128.3,130.34 2 1
github.com/modu-ai/moai-adk/internal/cli/update_residue_cleanup.go:133.2,133.28 1 1
github.com/modu-ai/moai-adk/internal/cli/update_residue_cleanup.go:133.28,135.47 2 1
github.com/modu-ai/moai-adk/internal/cli/update_residue_cleanup.go:135.47,137.4 1 0
github.com/modu-ai/moai-adk/internal/cli/update_residue_cleanup.go:139.3,139.58 1 1
github.com/modu-ai/moai-adk/internal/cli/update_residue_cleanup.go:139.58,141.4 1 1
github.com/modu-ai/moai-adk/internal/cli/update_residue_cleanup.go:144.2,144.29 1 1
github.com/modu-ai/moai-adk/internal/cli/update_residue_cleanup.go:144.29,146.3 1 1
github.com/modu-ai/moai-adk/internal/cli/update_residue_cleanup.go:147.2,147.20 1 1
github.com/modu-ai/moai-adk/internal/cli/update_restore.go:21.43,22.24 1 1
github.com/modu-ai/moai-adk/internal/cli/update_restore.go:22.24,24.3 1 1
github.com/modu-ai/moai-adk/internal/cli/update_restore.go:25.2,29.51 2 1
github.com/modu-ai/moai-adk/internal/cli/update_restore.go:43.75,44.16 1 1
github.com/modu-ai/moai-adk/internal/cli/update_restore.go:44.16,46.3 1 0
github.com/modu-ai/moai-adk/internal/cli/update_restore.go:48.2,49.16 2 1
github.com/modu-ai/moai-adk/internal/cli/update_restore.go:49.16,51.3 1 0
github.com/modu-ai/moai-adk/internal/cli/update_restore.go:53.2,54.60 1 1
github.com/modu-ai/moai-adk/internal/cli/update_restore.go:54.60,56.4 1 1
github.com/modu-ai/moai-adk/internal/cli/update_restore.go:56.18,58.3 1 1
github.com/modu-ai/moai-adk/internal/cli/update_restore.go:66.2,69.12 3 1
github.com/modu-ai/moai-adk/internal/cli/update_snapshot_hook.go:24.76,25.19 1 1
github.com/modu-ai/moai-adk/internal/cli/update_snapshot_hook.go:25.19,27.3 1 0
github.com/modu-ai/moai-adk/internal/cli/update_snapshot_hook.go:28.2,28.58 1 1
github.com/modu-ai/moai-adk/internal/cli/update_snapshot_hook.go:28.58,30.3 1 1
github.com/modu-ai/moai-adk/internal/cli/update_template_sync.go:47.70,50.2 2 1
github.com/modu-ai/moai-adk/internal/cli/update_template_sync.go:58.48,60.2 1 1
github.com/modu-ai/moai-adk/internal/cli/update_template_sync.go:68.113,90.21 12 1
github.com/modu-ai/moai-adk/internal/cli/update_template_sync.go:90.21,92.3 1 1
github.com/modu-ai/moai-adk/internal/cli/update_template_sync.go:97.2,99.68 3 1
github.com/modu-ai/moai-adk/internal/cli/update_template_sync.go:99.68,100.22 1 1
github.com/modu-ai/moai-adk/internal/cli/update_template_sync.go:100.22,102.4 1 0
github.com/modu-ai/moai-adk/internal/cli/update_template_sync.go:103.3,105.13 3 1
github.com/modu-ai/moai-adk/internal/cli/update_template_sync.go:108.2,108.21 1 1
github.com/modu-ai/moai-adk/internal/cli/update_template_sync.go:108.21,110.3 1 1
github.com/modu-ai/moai-adk/internal/cli/update_template_sync.go:112.2,112.21 1 1
github.com/modu-ai/moai-adk/internal/cli/update_template_sync.go:112.21,114.3 1 1
github.com/modu-ai/moai-adk/internal/cli/update_template_sync.go:117.2,118.16 2 1
github.com/modu-ai/moai-adk/internal/cli/update_template_sync.go:118.16,119.22 1 0
github.com/modu-ai/moai-adk/internal/cli/update_template_sync.go:119.22,121.4 1 0
github.com/modu-ai/moai-adk/internal/cli/update_template_sync.go:122.3,122.56 1 0
github.com/modu-ai/moai-adk/internal/cli/update_template_sync.go:125.2,125.21 1 1
github.com/modu-ai/moai-adk/internal/cli/update_template_sync.go:125.21,127.3 1 1
github.com/modu-ai/moai-adk/internal/cli/update_template_sync.go:129.2,129.21 1 1
github.com/modu-ai/moai-adk/internal/cli/update_template_sync.go:129.21,131.3 1 1
github.com/modu-ai/moai-adk/internal/cli/update_template_sync.go:134.2,135.49 2 1
github.com/modu-ai/moai-adk/internal/cli/update_template_sync.go:135.49,136.22 1 0
github.com/modu-ai/moai-adk/internal/cli/update_template_sync.go:136.22,138.4 1 0
github.com/modu-ai/moai-adk/internal/cli/update_template_sync.go:139.3,139.46 1 0
github.com/modu-ai/moai-adk/internal/cli/update_template_sync.go:142.2,142.21 1 1
github.com/modu-ai/moai-adk/internal/cli/update_template_sync.go:142.21,144.3 1 1
github.com/modu-ai/moai-adk/internal/cli/update_template_sync.go:148.2,157.37 5 1
github.com/modu-ai/moai-adk/internal/cli/update_template_sync.go:157.37,158.57 1 1
github.com/modu-ai/moai-adk/internal/cli/update_template_sync.go:158.57,160.4 1 0
github.com/modu-ai/moai-adk/internal/cli/update_template_sync.go:161.3,162.31 2 1
github.com/modu-ai/moai-adk/internal/cli/update_template_sync.go:162.31,164.4 1 1
github.com/modu-ai/moai-adk/internal/cli/update_template_sync.go:172.2,174.18 2 1
github.com/modu-ai/moai-adk/internal/cli/update_template_sync.go:174.18,181.96 4 1
github.com/modu-ai/moai-adk/internal/cli/update_template_sync.go:181.96,183.4 1 1
github.com/modu-ai/moai-adk/internal/cli/update_template_sync.go:186.2,186.21 1 1
github.com/modu-ai/moai-adk/internal/cli/update_template_sync.go:186.21,188.3 1 1
github.com/modu-ai/moai-adk/internal/cli/update_template_sync.go:191.2,192.17 2 1
github.com/modu-ai/moai-adk/internal/cli/update_template_sync.go:192.17,194.3 1 1
github.com/modu-ai/moai-adk/internal/cli/update_template_sync.go:194.8,194.24 1 1
github.com/modu-ai/moai-adk/internal/cli/update_template_sync.go:194.24,197.3 2 1
github.com/modu-ai/moai-adk/internal/cli/update_template_sync.go:197.8,200.17 3 0
github.com/modu-ai/moai-adk/internal/cli/update_template_sync.go:200.17,201.23 1 0
github.com/modu-ai/moai-adk/internal/cli/update_template_sync.go:201.23,203.5 1 0
github.com/modu-ai/moai-adk/internal/cli/update_template_sync.go:204.4,205.50 1 0
github.com/modu-ai/moai-adk/internal/cli/update_template_sync.go:209.2,209.14 1 1
github.com/modu-ai/moai-adk/internal/cli/update_template_sync.go:209.14,212.22 3 0
github.com/modu-ai/moai-adk/internal/cli/update_template_sync.go:212.22,214.4 1 0
github.com/modu-ai/moai-adk/internal/cli/update_template_sync.go:215.3,215.13 1 0
github.com/modu-ai/moai-adk/internal/cli/update_template_sync.go:219.2,245.26 6 1
github.com/modu-ai/moai-adk/internal/cli/update_template_sync.go:245.26,252.25 3 0
github.com/modu-ai/moai-adk/internal/cli/update_template_sync.go:252.25,255.6 2 0
github.com/modu-ai/moai-adk/internal/cli/update_template_sync.go:256.5,256.31 1 0
github.com/modu-ai/moai-adk/internal/cli/update_template_sync.go:256.31,258.6 1 0
github.com/modu-ai/moai-adk/internal/cli/update_template_sync.go:258.11,260.6 1 0
github.com/modu-ai/moai-adk/internal/cli/update_template_sync.go:261.5,261.15 1 0
github.com/modu-ai/moai-adk/internal/cli/update_template_sync.go:267.26,284.78 5 1
github.com/modu-ai/moai-adk/internal/cli/update_template_sync.go:284.78,287.6 2 0
github.com/modu-ai/moai-adk/internal/cli/update_template_sync.go:288.5,289.15 2 1
github.com/modu-ai/moai-adk/internal/cli/update_template_sync.go:295.26,307.82 2 1
github.com/modu-ai/moai-adk/internal/cli/update_template_sync.go:307.82,309.24 2 1
github.com/modu-ai/moai-adk/internal/cli/update_template_sync.go:309.24,314.7 1 0
github.com/modu-ai/moai-adk/internal/cli/update_template_sync.go:315.6,315.67 1 1
github.com/modu-ai/moai-adk/internal/cli/update_template_sync.go:322.26,341.112 5 1
github.com/modu-ai/moai-adk/internal/cli/update_template_sync.go:341.112,344.6 2 0
github.com/modu-ai/moai-adk/internal/cli/update_template_sync.go:345.5,346.15 2 1
github.com/modu-ai/moai-adk/internal/cli/update_template_sync.go:352.26,356.5 1 0
github.com/modu-ai/moai-adk/internal/cli/update_template_sync.go:365.2,375.61 4 1
github.com/modu-ai/moai-adk/internal/cli/update_template_sync.go:375.61,386.3 1 1
github.com/modu-ai/moai-adk/internal/cli/update_template_sync.go:395.2,395.29 1 1
github.com/modu-ai/moai-adk/internal/cli/update_template_sync.go:395.29,397.20 1 1
github.com/modu-ai/moai-adk/internal/cli/update_template_sync.go:398.17,404.24 4 1
github.com/modu-ai/moai-adk/internal/cli/update_template_sync.go:404.24,406.24 2 0
github.com/modu-ai/moai-adk/internal/cli/update_template_sync.go:406.24,408.6 1 0
github.com/modu-ai/moai-adk/internal/cli/update_template_sync.go:409.5,409.21 1 0
github.com/modu-ai/moai-adk/internal/cli/update_template_sync.go:411.4,411.30 1 1
github.com/modu-ai/moai-adk/internal/cli/update_template_sync.go:411.30,413.5 1 1
github.com/modu-ai/moai-adk/internal/cli/update_template_sync.go:413.10,415.5 1 1
github.com/modu-ai/moai-adk/internal/cli/update_template_sync.go:418.4,425.26 4 1
github.com/modu-ai/moai-adk/internal/cli/update_template_sync.go:425.26,427.24 2 0
github.com/modu-ai/moai-adk/internal/cli/update_template_sync.go:427.24,429.6 1 0
github.com/modu-ai/moai-adk/internal/cli/update_template_sync.go:430.5,430.23 1 0
github.com/modu-ai/moai-adk/internal/cli/update_template_sync.go:432.4,432.26 1 1
github.com/modu-ai/moai-adk/internal/cli/update_template_sync.go:432.26,435.78 2 0
github.com/modu-ai/moai-adk/internal/cli/update_template_sync.go:435.78,437.6 1 0
github.com/modu-ai/moai-adk/internal/cli/update_template_sync.go:438.5,438.82 1 0
github.com/modu-ai/moai-adk/internal/cli/update_template_sync.go:439.10,441.5 1 1
github.com/modu-ai/moai-adk/internal/cli/update_template_sync.go:451.4,451.89 1 1
github.com/modu-ai/moai-adk/internal/cli/update_template_sync.go:451.89,453.24 2 0
github.com/modu-ai/moai-adk/internal/cli/update_template_sync.go:453.24,455.6 1 0
github.com/modu-ai/moai-adk/internal/cli/update_template_sync.go:456.5,456.18 1 0
github.com/modu-ai/moai-adk/internal/cli/update_template_sync.go:460.4,461.67 2 1
github.com/modu-ai/moai-adk/internal/cli/update_template_sync.go:461.67,463.5 1 0
github.com/modu-ai/moai-adk/internal/cli/update_template_sync.go:465.4,466.38 2 1
github.com/modu-ai/moai-adk/internal/cli/update_template_sync.go:466.38,468.61 2 1
github.com/modu-ai/moai-adk/internal/cli/update_template_sync.go:468.61,470.6 1 1
github.com/modu-ai/moai-adk/internal/cli/update_template_sync.go:472.27,474.30 1 1
github.com/modu-ai/moai-adk/internal/cli/update_template_sync.go:474.30,482.154 2 1
github.com/modu-ai/moai-adk/internal/cli/update_template_sync.go:482.154,488.6 1 1
github.com/modu-ai/moai-adk/internal/cli/update_template_sync.go:489.5,489.26 1 1
github.com/modu-ai/moai-adk/internal/cli/update_template_sync.go:489.26,491.25 2 0
github.com/modu-ai/moai-adk/internal/cli/update_template_sync.go:491.25,493.7 1 0
github.com/modu-ai/moai-adk/internal/cli/update_template_sync.go:494.6,494.49 1 0
github.com/modu-ai/moai-adk/internal/cli/update_template_sync.go:496.5,502.25 4 1
github.com/modu-ai/moai-adk/internal/cli/update_template_sync.go:502.25,504.6 1 0
github.com/modu-ai/moai-adk/internal/cli/update_template_sync.go:508.5,508.54 1 1
github.com/modu-ai/moai-adk/internal/cli/update_template_sync.go:511.4,511.32 1 1
github.com/modu-ai/moai-adk/internal/cli/update_template_sync.go:511.32,513.100 2 0
github.com/modu-ai/moai-adk/internal/cli/update_template_sync.go:513.100,515.6 1 0
github.com/modu-ai/moai-adk/internal/cli/update_template_sync.go:515.11,517.6 1 0
github.com/modu-ai/moai-adk/internal/cli/update_template_sync.go:520.4,520.33 1 1
github.com/modu-ai/moai-adk/internal/cli/update_template_sync.go:520.33,521.90 1 1
github.com/modu-ai/moai-adk/internal/cli/update_template_sync.go:521.90,523.6 1 0
github.com/modu-ai/moai-adk/internal/cli/update_template_sync.go:525.11,533.20 1 1
github.com/modu-ai/moai-adk/internal/cli/update_template_sync.go:533.20,534.24 1 0
github.com/modu-ai/moai-adk/internal/cli/update_template_sync.go:534.24,536.6 1 0
github.com/modu-ai/moai-adk/internal/cli/update_template_sync.go:537.5,537.15 1 0
github.com/modu-ai/moai-adk/internal/cli/update_template_sync.go:544.3,544.70 1 1
github.com/modu-ai/moai-adk/internal/cli/update_template_sync.go:547.2,553.34 3 1
github.com/modu-ai/moai-adk/internal/cli/update_template_sync.go:553.34,555.22 2 1
github.com/modu-ai/moai-adk/internal/cli/update_template_sync.go:555.22,557.4 1 0
github.com/modu-ai/moai-adk/internal/cli/update_template_sync.go:559.2,567.50 6 1
github.com/modu-ai/moai-adk/internal/cli/update_template_sync.go:567.50,569.3 1 0
github.com/modu-ai/moai-adk/internal/cli/update_template_sync.go:572.2,582.12 4 1
github.com/modu-ai/moai-adk/internal/cli/update_template_sync.go:603.80,618.69 9 1
github.com/modu-ai/moai-adk/internal/cli/update_template_sync.go:618.69,622.3 3 1
github.com/modu-ai/moai-adk/internal/cli/update_template_sync.go:625.2,625.18 1 1
github.com/modu-ai/moai-adk/internal/cli/update_template_sync.go:625.18,627.18 2 1
github.com/modu-ai/moai-adk/internal/cli/update_template_sync.go:627.18,629.4 1 0
github.com/modu-ai/moai-adk/internal/cli/update_template_sync.go:631.3,637.18 6 1
github.com/modu-ai/moai-adk/internal/cli/update_template_sync.go:637.18,640.4 1 1
github.com/modu-ai/moai-adk/internal/cli/update_template_sync.go:641.3,641.15 1 0
github.com/modu-ai/moai-adk/internal/cli/update_template_sync.go:641.15,645.4 3 0
github.com/modu-ai/moai-adk/internal/cli/update_template_sync.go:648.2,648.71 1 1
github.com/modu-ai/moai-adk/internal/cli/update_template_sync.go:660.98,662.36 2 0
github.com/modu-ai/moai-adk/internal/cli/update_template_sync.go:662.36,670.3 2 0
github.com/modu-ai/moai-adk/internal/cli/update_template_sync.go:671.2,671.15 1 0
github.com/modu-ai/moai-adk/internal/cli/update_template_sync.go:694.88,695.39 1 1
github.com/modu-ai/moai-adk/internal/cli/update_template_sync.go:695.39,698.3 1 1
github.com/modu-ai/moai-adk/internal/cli/update_template_sync.go:699.2,699.146 1 0
github.com/modu-ai/moai-adk/internal/cli/update_tux.go:33.52,34.17 1 1
github.com/modu-ai/moai-adk/internal/cli/update_tux.go:34.17,36.3 1 1
github.com/modu-ai/moai-adk/internal/cli/update_tux.go:37.2,38.10 2 1
github.com/modu-ai/moai-adk/internal/cli/update_tux.go:38.10,40.3 1 1
github.com/modu-ai/moai-adk/internal/cli/update_tux.go:41.2,41.21 1 1
github.com/modu-ai/moai-adk/internal/cli/update_tux.go:59.70,60.15 1 1
github.com/modu-ai/moai-adk/internal/cli/update_tux.go:61.19,62.60 1 1
github.com/modu-ai/moai-adk/internal/cli/update_tux.go:63.16,64.61 1 1
github.com/modu-ai/moai-adk/internal/cli/update_tux.go:65.10,66.61 1 1
github.com/modu-ai/moai-adk/internal/cli/update_tux.go:76.62,81.2 4 1
github.com/modu-ai/moai-adk/internal/cli/update_tux.go:90.83,91.26 1 1
github.com/modu-ai/moai-adk/internal/cli/update_tux.go:91.26,92.10 1 1
github.com/modu-ai/moai-adk/internal/cli/update_tux.go:93.30,94.14 1 1
github.com/modu-ai/moai-adk/internal/cli/update_tux.go:95.43,96.9 1 1
github.com/modu-ai/moai-adk/internal/cli/update_tux.go:97.11,98.12 1 1
github.com/modu-ai/moai-adk/internal/cli/update_tux.go:101.2,101.30 1 1
github.com/modu-ai/moai-adk/internal/cli/update_tux.go:110.82,112.13 2 1
github.com/modu-ai/moai-adk/internal/cli/update_tux.go:112.13,114.3 1 1
github.com/modu-ai/moai-adk/internal/cli/update_tux.go:115.2,115.16 1 1
github.com/modu-ai/moai-adk/internal/cli/update_tux.go:115.16,117.3 1 1
github.com/modu-ai/moai-adk/internal/cli/update_tux.go:118.2,118.18 1 1
github.com/modu-ai/moai-adk/internal/cli/update_tux.go:118.18,120.3 1 1
github.com/modu-ai/moai-adk/internal/cli/update_tux.go:121.2,121.21 1 1
github.com/modu-ai/moai-adk/internal/cli/update_tux.go:121.21,123.3 1 1
github.com/modu-ai/moai-adk/internal/cli/update_tux.go:124.2,124.88 1 1
github.com/modu-ai/moai-adk/internal/cli/update_tux.go:133.65,135.19 2 1
github.com/modu-ai/moai-adk/internal/cli/update_tux.go:135.19,137.3 1 1
github.com/modu-ai/moai-adk/internal/cli/update_tux.go:138.2,139.67 2 1
github.com/modu-ai/moai-adk/internal/cli/update_tux.go:165.115,168.63 3 1
github.com/modu-ai/moai-adk/internal/cli/update_tux.go:168.63,170.35 2 1
github.com/modu-ai/moai-adk/internal/cli/update_tux.go:170.35,172.4 1 1
github.com/modu-ai/moai-adk/internal/cli/update_tux.go:173.3,173.32 1 1
github.com/modu-ai/moai-adk/internal/cli/update_tux.go:173.32,175.23 2 1
github.com/modu-ai/moai-adk/internal/cli/update_tux.go:175.23,177.5 1 0
github.com/modu-ai/moai-adk/internal/cli/update_tux.go:178.4,178.35 1 1
github.com/modu-ai/moai-adk/internal/cli/update_tux.go:178.35,180.5 1 1
github.com/modu-ai/moai-adk/internal/cli/update_tux.go:180.10,182.5 1 1
github.com/modu-ai/moai-adk/internal/cli/update_tux.go:184.3,184.63 1 1
github.com/modu-ai/moai-adk/internal/cli/update_tux.go:186.2,186.22 1 1
github.com/modu-ai/moai-adk/internal/cli/update_tux.go:186.22,189.3 2 1
github.com/modu-ai/moai-adk/internal/cli/update_tux.go:205.103,206.20 1 1
github.com/modu-ai/moai-adk/internal/cli/update_tux.go:206.20,208.3 1 1
github.com/modu-ai/moai-adk/internal/cli/update_tux.go:209.2,210.13 2 1
github.com/modu-ai/moai-adk/internal/cli/update_tux.go:210.13,212.3 1 1
github.com/modu-ai/moai-adk/internal/cli/update_tux.go:213.2,214.14 2 1
github.com/modu-ai/moai-adk/internal/cli/update_tux.go:214.14,216.3 1 1
github.com/modu-ai/moai-adk/internal/cli/update_tux.go:217.2,217.27 1 1
github.com/modu-ai/moai-adk/internal/cli/update_tux.go:217.27,219.3 1 1
github.com/modu-ai/moai-adk/internal/cli/update_version.go:76.57,78.13 2 1
github.com/modu-ai/moai-adk/internal/cli/update_version.go:78.13,80.3 1 1
github.com/modu-ai/moai-adk/internal/cli/update_version.go:84.2,85.116 2 1
github.com/modu-ai/moai-adk/internal/cli/update_version.go:85.116,87.3 1 1
github.com/modu-ai/moai-adk/internal/cli/update_version.go:91.2,91.38 1 1
github.com/modu-ai/moai-adk/internal/cli/update_version.go:91.38,93.3 1 1
github.com/modu-ai/moai-adk/internal/cli/update_version.go:96.2,96.9 1 1
github.com/modu-ai/moai-adk/internal/cli/update_version.go:97.33,98.16 1 1
github.com/modu-ai/moai-adk/internal/cli/update_version.go:99.33,100.26 1 1
github.com/modu-ai/moai-adk/internal/cli/update_version.go:101.10,102.22 1 1
github.com/modu-ai/moai-adk/internal/cli/update_version.go:110.51,112.16 2 1
github.com/modu-ai/moai-adk/internal/cli/update_version.go:112.16,114.3 1 1
github.com/modu-ai/moai-adk/internal/cli/update_version.go:115.2,115.54 1 1
github.com/modu-ai/moai-adk/internal/cli/update_version.go:136.128,138.16 2 1
github.com/modu-ai/moai-adk/internal/cli/update_version.go:138.16,140.3 1 1
github.com/modu-ai/moai-adk/internal/cli/update_version.go:142.2,142.23 1 1
github.com/modu-ai/moai-adk/internal/cli/update_version.go:142.23,144.3 1 0
github.com/modu-ai/moai-adk/internal/cli/update_version.go:149.2,151.16 3 1
github.com/modu-ai/moai-adk/internal/cli/update_version.go:151.16,153.3 1 1
github.com/modu-ai/moai-adk/internal/cli/update_version.go:157.2,157.39 1 1
github.com/modu-ai/moai-adk/internal/cli/update_version.go:157.39,159.3 1 0
github.com/modu-ai/moai-adk/internal/cli/update_version.go:163.2,165.16 3 1
github.com/modu-ai/moai-adk/internal/cli/update_version.go:165.16,167.3 1 0
github.com/modu-ai/moai-adk/internal/cli/update_version.go:169.2,171.16 3 1
github.com/modu-ai/moai-adk/internal/cli/update_version.go:171.16,177.3 1 1
github.com/modu-ai/moai-adk/internal/cli/update_version.go:179.2,179.59 1 1
github.com/modu-ai/moai-adk/internal/cli/update_version.go:179.59,181.3 1 0
github.com/modu-ai/moai-adk/internal/cli/update_version.go:183.2,183.87 1 1
github.com/modu-ai/moai-adk/internal/cli/update_version.go:188.65,189.81 1 1
github.com/modu-ai/moai-adk/internal/cli/update_version.go:189.81,192.3 1 1
github.com/modu-ai/moai-adk/internal/cli/update_version.go:193.2,193.20 1 0
github.com/modu-ai/moai-adk/internal/cli/update_version.go:203.106,204.22 1 1
github.com/modu-ai/moai-adk/internal/cli/update_version.go:204.22,206.3 1 1
github.com/modu-ai/moai-adk/internal/cli/update_version.go:207.2,218.30 3 1
github.com/modu-ai/moai-adk/internal/cli/update_version.go:218.30,219.11 1 1
github.com/modu-ai/moai-adk/internal/cli/update_version.go:219.11,221.4 1 1
github.com/modu-ai/moai-adk/internal/cli/update_version.go:223.2,223.12 1 1
github.com/modu-ai/moai-adk/internal/cli/update_version.go:234.43,239.25 5 1
github.com/modu-ai/moai-adk/internal/cli/update_version.go:239.25,240.20 1 1
github.com/modu-ai/moai-adk/internal/cli/update_version.go:240.20,242.4 1 1
github.com/modu-ai/moai-adk/internal/cli/update_version.go:243.3,243.20 1 1
github.com/modu-ai/moai-adk/internal/cli/update_version.go:243.20,245.4 1 1
github.com/modu-ai/moai-adk/internal/cli/update_version.go:247.2,247.10 1 1
github.com/modu-ai/moai-adk/internal/cli/update_version.go:250.42,251.42 1 1
github.com/modu-ai/moai-adk/internal/cli/update_version.go:251.42,252.30 1 1
github.com/modu-ai/moai-adk/internal/cli/update_version.go:252.30,254.4 1 1
github.com/modu-ai/moai-adk/internal/cli/update_version.go:256.2,256.10 1 1
github.com/modu-ai/moai-adk/internal/cli/update_version.go:259.40,261.48 2 1
github.com/modu-ai/moai-adk/internal/cli/update_version.go:261.48,262.13 1 1
github.com/modu-ai/moai-adk/internal/cli/update_version.go:262.13,263.9 1 0
github.com/modu-ai/moai-adk/internal/cli/update_version.go:265.3,265.51 1 1
github.com/modu-ai/moai-adk/internal/cli/update_version.go:265.51,267.4 1 1
github.com/modu-ai/moai-adk/internal/cli/update_version.go:268.3,269.25 2 1
github.com/modu-ai/moai-adk/internal/cli/update_version.go:269.25,270.26 1 1
github.com/modu-ai/moai-adk/internal/cli/update_version.go:270.26,271.10 1 0
github.com/modu-ai/moai-adk/internal/cli/update_version.go:273.4,273.25 1 1
github.com/modu-ai/moai-adk/internal/cli/update_version.go:275.3,275.15 1 1
github.com/modu-ai/moai-adk/internal/cli/update_version.go:277.2,277.14 1 1
github.com/modu-ai/moai-adk/internal/cli/update_version.go:282.67,284.2 1 1
github.com/modu-ai/moai-adk/internal/cli/update_version.go:296.68,305.60 3 1
github.com/modu-ai/moai-adk/internal/cli/update_version.go:305.60,306.51 1 1
github.com/modu-ai/moai-adk/internal/cli/update_version.go:306.51,308.4 1 1
github.com/modu-ai/moai-adk/internal/cli/update_version.go:311.2,311.44 1 0
github.com/modu-ai/moai-adk/internal/cli/update_version.go:311.44,312.37 1 0
github.com/modu-ai/moai-adk/internal/cli/update_version.go:312.37,314.4 1 0
github.com/modu-ai/moai-adk/internal/cli/update_version.go:315.3,315.25 1 0
github.com/modu-ai/moai-adk/internal/cli/update_version.go:317.2,317.16 1 0
github.com/modu-ai/moai-adk/internal/cli/update_version.go:317.16,319.3 1 0
github.com/modu-ai/moai-adk/internal/cli/update_version.go:323.2,325.102 3 0
github.com/modu-ai/moai-adk/internal/cli/update_version.go:325.102,332.36 4 0
github.com/modu-ai/moai-adk/internal/cli/update_version.go:332.36,334.4 1 0
github.com/modu-ai/moai-adk/internal/cli/update_version.go:335.3,335.15 1 0
github.com/modu-ai/moai-adk/internal/cli/update_version.go:335.15,338.4 2 0
github.com/modu-ai/moai-adk/internal/cli/update_version.go:341.2,348.16 6 0
github.com/modu-ai/moai-adk/internal/cli/update_version.go:348.16,350.3 1 0
github.com/modu-ai/moai-adk/internal/cli/update_version.go:351.2,356.33 2 0
github.com/modu-ai/moai-adk/internal/cli/update_version.go:356.33,357.43 1 0
github.com/modu-ai/moai-adk/internal/cli/update_version.go:357.43,359.4 1 0
github.com/modu-ai/moai-adk/internal/cli/update_version.go:361.2,361.12 1 0
github.com/modu-ai/moai-adk/internal/cli/update_wizard.go:29.64,35.16 4 1
github.com/modu-ai/moai-adk/internal/cli/update_wizard.go:35.16,37.3 1 0
github.com/modu-ai/moai-adk/internal/cli/update_wizard.go:39.2,39.77 1 1
github.com/modu-ai/moai-adk/internal/cli/update_wizard.go:39.77,42.3 2 1
github.com/modu-ai/moai-adk/internal/cli/update_wizard.go:45.2,46.17 2 0
github.com/modu-ai/moai-adk/internal/cli/update_wizard.go:46.17,49.3 2 0
github.com/modu-ai/moai-adk/internal/cli/update_wizard.go:49.8,51.3 1 0
github.com/modu-ai/moai-adk/internal/cli/update_wizard.go:54.2,65.34 6 0
github.com/modu-ai/moai-adk/internal/cli/update_wizard.go:65.34,66.71 1 0
github.com/modu-ai/moai-adk/internal/cli/update_wizard.go:66.71,68.4 1 0
github.com/modu-ai/moai-adk/internal/cli/update_wizard.go:70.2,70.34 1 0
github.com/modu-ai/moai-adk/internal/cli/update_wizard.go:70.34,71.71 1 0
github.com/modu-ai/moai-adk/internal/cli/update_wizard.go:71.71,73.4 1 0
github.com/modu-ai/moai-adk/internal/cli/update_wizard.go:76.2,76.21 1 0
github.com/modu-ai/moai-adk/internal/cli/update_wizard.go:76.21,77.68 1 0
github.com/modu-ai/moai-adk/internal/cli/update_wizard.go:77.68,78.52 1 0
github.com/modu-ai/moai-adk/internal/cli/update_wizard.go:78.52,78.68 1 0
github.com/modu-ai/moai-adk/internal/cli/update_wizard.go:83.2,84.16 2 0
github.com/modu-ai/moai-adk/internal/cli/update_wizard.go:84.16,85.42 1 0
github.com/modu-ai/moai-adk/internal/cli/update_wizard.go:85.42,88.4 2 0
github.com/modu-ai/moai-adk/internal/cli/update_wizard.go:89.3,89.46 1 0
github.com/modu-ai/moai-adk/internal/cli/update_wizard.go:95.2,95.70 1 0
github.com/modu-ai/moai-adk/internal/cli/update_wizard.go:95.70,97.3 1 0
github.com/modu-ai/moai-adk/internal/cli/update_wizard.go:102.2,102.30 1 0
github.com/modu-ai/moai-adk/internal/cli/update_wizard.go:102.30,104.3 1 0
github.com/modu-ai/moai-adk/internal/cli/update_wizard.go:105.2,105.30 1 0
github.com/modu-ai/moai-adk/internal/cli/update_wizard.go:105.30,107.3 1 0
github.com/modu-ai/moai-adk/internal/cli/update_wizard.go:109.2,111.12 2 0
github.com/modu-ai/moai-adk/internal/cli/update_wizard.go:122.96,123.55 1 1
github.com/modu-ai/moai-adk/internal/cli/update_wizard.go:123.55,125.3 1 0
github.com/modu-ai/moai-adk/internal/cli/update_wizard.go:126.2,126.56 1 1
github.com/modu-ai/moai-adk/internal/cli/update_wizard.go:126.56,128.3 1 0
github.com/modu-ai/moai-adk/internal/cli/update_wizard.go:129.2,129.12 1 1
github.com/modu-ai/moai-adk/internal/cli/update_wizard.go:133.79,136.52 1 1
github.com/modu-ai/moai-adk/internal/cli/update_wizard.go:136.52,138.3 1 1
github.com/modu-ai/moai-adk/internal/cli/update_wizard.go:140.2,153.19 3 1
github.com/modu-ai/moai-adk/internal/cli/update_wizard.go:153.19,157.40 3 1
github.com/modu-ai/moai-adk/internal/cli/update_wizard.go:157.40,159.4 1 0
github.com/modu-ai/moai-adk/internal/cli/update_wizard.go:162.3,163.24 2 1
github.com/modu-ai/moai-adk/internal/cli/update_wizard.go:163.24,164.58 1 1
github.com/modu-ai/moai-adk/internal/cli/update_wizard.go:164.58,166.5 1 0
github.com/modu-ai/moai-adk/internal/cli/update_wizard.go:167.9,169.4 1 1
github.com/modu-ai/moai-adk/internal/cli/update_wizard.go:172.3,173.60 2 1
github.com/modu-ai/moai-adk/internal/cli/update_wizard.go:173.60,175.4 1 1
github.com/modu-ai/moai-adk/internal/cli/update_wizard.go:175.9,177.4 1 1
github.com/modu-ai/moai-adk/internal/cli/update_wizard.go:184.3,184.34 1 1
github.com/modu-ai/moai-adk/internal/cli/update_wizard.go:184.34,186.4 1 1
github.com/modu-ai/moai-adk/internal/cli/update_wizard.go:187.3,187.34 1 1
github.com/modu-ai/moai-adk/internal/cli/update_wizard.go:187.34,189.4 1 1
github.com/modu-ai/moai-adk/internal/cli/update_wizard.go:192.3,192.28 1 1
github.com/modu-ai/moai-adk/internal/cli/update_wizard.go:192.28,194.4 1 1
github.com/modu-ai/moai-adk/internal/cli/update_wizard.go:196.3,200.17 3 1
github.com/modu-ai/moai-adk/internal/cli/update_wizard.go:200.17,202.4 1 0
github.com/modu-ai/moai-adk/internal/cli/update_wizard.go:203.3,203.80 1 1
github.com/modu-ai/moai-adk/internal/cli/update_wizard.go:203.80,205.4 1 0
github.com/modu-ai/moai-adk/internal/cli/update_wizard.go:211.2,211.35 1 1
github.com/modu-ai/moai-adk/internal/cli/update_wizard.go:211.35,214.40 3 1
github.com/modu-ai/moai-adk/internal/cli/update_wizard.go:214.40,216.4 1 0
github.com/modu-ai/moai-adk/internal/cli/update_wizard.go:218.3,219.24 2 1
github.com/modu-ai/moai-adk/internal/cli/update_wizard.go:219.24,220.58 1 1
github.com/modu-ai/moai-adk/internal/cli/update_wizard.go:220.58,222.5 1 0
github.com/modu-ai/moai-adk/internal/cli/update_wizard.go:223.9,225.4 1 0
github.com/modu-ai/moai-adk/internal/cli/update_wizard.go:228.3,229.60 2 1
github.com/modu-ai/moai-adk/internal/cli/update_wizard.go:229.60,231.4 1 1
github.com/modu-ai/moai-adk/internal/cli/update_wizard.go:231.9,233.4 1 0
github.com/modu-ai/moai-adk/internal/cli/update_wizard.go:235.3,240.17 5 1
github.com/modu-ai/moai-adk/internal/cli/update_wizard.go:240.17,242.4 1 0
github.com/modu-ai/moai-adk/internal/cli/update_wizard.go:243.3,243.80 1 1
github.com/modu-ai/moai-adk/internal/cli/update_wizard.go:243.80,245.4 1 0
github.com/modu-ai/moai-adk/internal/cli/update_wizard.go:249.2,249.54 1 1
github.com/modu-ai/moai-adk/internal/cli/update_wizard.go:249.54,252.40 3 1
github.com/modu-ai/moai-adk/internal/cli/update_wizard.go:252.40,254.4 1 0
github.com/modu-ai/moai-adk/internal/cli/update_wizard.go:256.3,257.22 2 1
github.com/modu-ai/moai-adk/internal/cli/update_wizard.go:257.22,258.54 1 1
github.com/modu-ai/moai-adk/internal/cli/update_wizard.go:258.54,260.5 1 0
github.com/modu-ai/moai-adk/internal/cli/update_wizard.go:261.9,263.4 1 1
github.com/modu-ai/moai-adk/internal/cli/update_wizard.go:266.3,267.62 2 1
github.com/modu-ai/moai-adk/internal/cli/update_wizard.go:267.62,269.4 1 1
github.com/modu-ai/moai-adk/internal/cli/update_wizard.go:269.9,271.4 1 1
github.com/modu-ai/moai-adk/internal/cli/update_wizard.go:273.3,273.27 1 1
github.com/modu-ai/moai-adk/internal/cli/update_wizard.go:273.27,275.4 1 1
github.com/modu-ai/moai-adk/internal/cli/update_wizard.go:276.3,276.31 1 1
github.com/modu-ai/moai-adk/internal/cli/update_wizard.go:276.31,278.4 1 1
github.com/modu-ai/moai-adk/internal/cli/update_wizard.go:281.3,281.37 1 1
github.com/modu-ai/moai-adk/internal/cli/update_wizard.go:281.37,283.66 2 1
github.com/modu-ai/moai-adk/internal/cli/update_wizard.go:283.66,285.5 1 1
github.com/modu-ai/moai-adk/internal/cli/update_wizard.go:285.10,287.5 1 1
github.com/modu-ai/moai-adk/internal/cli/update_wizard.go:288.4,289.41 2 1
github.com/modu-ai/moai-adk/internal/cli/update_wizard.go:292.3,295.17 3 1
github.com/modu-ai/moai-adk/internal/cli/update_wizard.go:295.17,297.4 1 0
github.com/modu-ai/moai-adk/internal/cli/update_wizard.go:298.3,298.84 1 1
github.com/modu-ai/moai-adk/internal/cli/update_wizard.go:298.84,300.4 1 0
github.com/modu-ai/moai-adk/internal/cli/update_wizard.go:307.2,307.30 1 1
github.com/modu-ai/moai-adk/internal/cli/update_wizard.go:307.30,309.50 2 0
github.com/modu-ai/moai-adk/internal/cli/update_wizard.go:309.50,310.107 1 0
github.com/modu-ai/moai-adk/internal/cli/update_wizard.go:310.107,312.5 1 0
github.com/modu-ai/moai-adk/internal/cli/update_wizard.go:314.4,317.27 4 0
github.com/modu-ai/moai-adk/internal/cli/update_wizard.go:317.27,319.5 1 0
github.com/modu-ai/moai-adk/internal/cli/update_wizard.go:320.4,320.18 1 0
github.com/modu-ai/moai-adk/internal/cli/update_wizard.go:320.18,322.5 1 0
github.com/modu-ai/moai-adk/internal/cli/update_wizard.go:323.4,324.26 2 0
github.com/modu-ai/moai-adk/internal/cli/update_wizard.go:324.26,326.5 1 0
github.com/modu-ai/moai-adk/internal/cli/update_wizard.go:327.4,329.57 3 0
github.com/modu-ai/moai-adk/internal/cli/update_wizard.go:329.57,331.5 1 0
github.com/modu-ai/moai-adk/internal/cli/update_wizard.go:336.2,336.34 1 1
github.com/modu-ai/moai-adk/internal/cli/update_wizard.go:336.34,339.40 3 1
github.com/modu-ai/moai-adk/internal/cli/update_wizard.go:339.40,341.4 1 0
github.com/modu-ai/moai-adk/internal/cli/update_wizard.go:343.3,344.27 2 1
github.com/modu-ai/moai-adk/internal/cli/update_wizard.go:344.27,345.64 1 1
github.com/modu-ai/moai-adk/internal/cli/update_wizard.go:345.64,347.5 1 0
github.com/modu-ai/moai-adk/internal/cli/update_wizard.go:348.9,350.4 1 0
github.com/modu-ai/moai-adk/internal/cli/update_wizard.go:353.3,354.67 2 1
github.com/modu-ai/moai-adk/internal/cli/update_wizard.go:354.67,356.4 1 1
github.com/modu-ai/moai-adk/internal/cli/update_wizard.go:356.9,358.4 1 0
github.com/modu-ai/moai-adk/internal/cli/update_wizard.go:360.3,364.17 4 1
github.com/modu-ai/moai-adk/internal/cli/update_wizard.go:364.17,366.4 1 0
github.com/modu-ai/moai-adk/internal/cli/update_wizard.go:367.3,367.83 1 1
github.com/modu-ai/moai-adk/internal/cli/update_wizard.go:367.83,369.4 1 0
github.com/modu-ai/moai-adk/internal/cli/update_wizard.go:372.2,372.12 1 1
github.com/modu-ai/moai-adk/internal/cli/v2_detection.go:91.69,92.23 1 1
github.com/modu-ai/moai-adk/internal/cli/v2_detection.go:92.23,94.3 1 0
github.com/modu-ai/moai-adk/internal/cli/v2_detection.go:99.2,99.48 1 1
github.com/modu-ai/moai-adk/internal/cli/v2_detection.go:99.48,101.3 1 1
github.com/modu-ai/moai-adk/internal/cli/v2_detection.go:103.2,113.25 5 1
github.com/modu-ai/moai-adk/internal/cli/v2_detection.go:113.25,115.3 1 1
github.com/modu-ai/moai-adk/internal/cli/v2_detection.go:120.2,122.24 3 1
github.com/modu-ai/moai-adk/internal/cli/v2_detection.go:122.24,124.3 1 1
github.com/modu-ai/moai-adk/internal/cli/v2_detection.go:129.2,131.28 3 1
github.com/modu-ai/moai-adk/internal/cli/v2_detection.go:131.28,133.3 1 1
github.com/modu-ai/moai-adk/internal/cli/v2_detection.go:142.2,146.16 2 1
github.com/modu-ai/moai-adk/internal/cli/v2_detection.go:180.66,185.16 3 1
github.com/modu-ai/moai-adk/internal/cli/v2_detection.go:185.16,186.37 1 1
github.com/modu-ai/moai-adk/internal/cli/v2_detection.go:186.37,188.4 1 1
github.com/modu-ai/moai-adk/internal/cli/v2_detection.go:191.3,191.69 1 0
github.com/modu-ai/moai-adk/internal/cli/v2_detection.go:194.2,195.53 2 1
github.com/modu-ai/moai-adk/internal/cli/v2_detection.go:195.53,197.3 1 0
github.com/modu-ai/moai-adk/internal/cli/v2_detection.go:199.2,200.13 2 1
github.com/modu-ai/moai-adk/internal/cli/v2_detection.go:200.13,202.3 1 1
github.com/modu-ai/moai-adk/internal/cli/v2_detection.go:204.2,205.9 2 1
github.com/modu-ai/moai-adk/internal/cli/v2_detection.go:206.15,214.26 1 1
github.com/modu-ai/moai-adk/internal/cli/v2_detection.go:215.18,224.13 1 1
github.com/modu-ai/moai-adk/internal/cli/v2_detection.go:225.35,233.108 1 1
github.com/modu-ai/moai-adk/internal/cli/v2_detection.go:234.10,238.26 1 1
github.com/modu-ai/moai-adk/internal/cli/v2_detection.go:253.82,255.13 2 1
github.com/modu-ai/moai-adk/internal/cli/v2_detection.go:255.13,257.3 1 0
github.com/modu-ai/moai-adk/internal/cli/v2_detection.go:258.2,258.32 1 1
github.com/modu-ai/moai-adk/internal/cli/v2_detection.go:258.32,261.3 2 1
github.com/modu-ai/moai-adk/internal/cli/v2_detection.go:263.2,264.53 2 1
github.com/modu-ai/moai-adk/internal/cli/v2_detection.go:264.53,266.3 1 1
github.com/modu-ai/moai-adk/internal/cli/v2_detection.go:267.2,267.14 1 1
github.com/modu-ai/moai-adk/internal/cli/v2_detection.go:267.14,269.3 1 1
github.com/modu-ai/moai-adk/internal/cli/v2_detection.go:271.2,272.16 2 1
github.com/modu-ai/moai-adk/internal/cli/v2_detection.go:272.16,276.3 1 0
github.com/modu-ai/moai-adk/internal/cli/v2_detection.go:277.2,277.28 1 1
github.com/modu-ai/moai-adk/internal/cli/v2_detection.go:281.62,284.16 3 1
github.com/modu-ai/moai-adk/internal/cli/v2_detection.go:284.16,285.37 1 1
github.com/modu-ai/moai-adk/internal/cli/v2_detection.go:285.37,287.4 1 1
github.com/modu-ai/moai-adk/internal/cli/v2_detection.go:290.3,290.19 1 0
github.com/modu-ai/moai-adk/internal/cli/v2_detection.go:292.2,292.19 1 1
github.com/modu-ai/moai-adk/internal/cli/v2_detection.go:292.19,295.3 1 0
github.com/modu-ai/moai-adk/internal/cli/v2_detection.go:296.2,296.49 1 1
github.com/modu-ai/moai-adk/internal/cli/v2_detection.go:305.67,306.45 1 1
github.com/modu-ai/moai-adk/internal/cli/v2_detection.go:306.45,308.41 2 1
github.com/modu-ai/moai-adk/internal/cli/v2_detection.go:308.41,310.4 1 1
github.com/modu-ai/moai-adk/internal/cli/v2_detection.go:312.2,312.18 1 1
github.com/modu-ai/moai-adk/internal/cli/v2_detection.go:335.45,339.16 3 1
github.com/modu-ai/moai-adk/internal/cli/v2_detection.go:339.16,341.3 1 1
github.com/modu-ai/moai-adk/internal/cli/v2_detection.go:342.2,342.22 1 1
github.com/modu-ai/moai-adk/internal/cli/verify.go:33.36,59.2 6 1
github.com/modu-ai/moai-adk/internal/cli/verify.go:64.58,65.21 1 1
github.com/modu-ai/moai-adk/internal/cli/verify.go:65.21,67.17 2 1
github.com/modu-ai/moai-adk/internal/cli/verify.go:67.17,69.4 1 0
github.com/modu-ai/moai-adk/internal/cli/verify.go:70.3,70.18 1 1
github.com/modu-ai/moai-adk/internal/cli/verify.go:72.2,73.16 2 0
github.com/modu-ai/moai-adk/internal/cli/verify.go:73.16,75.3 1 0
github.com/modu-ai/moai-adk/internal/cli/verify.go:76.2,76.18 1 0
github.com/modu-ai/moai-adk/internal/cli/verify.go:79.61,96.50 2 1
github.com/modu-ai/moai-adk/internal/cli/verify.go:96.50,98.18 2 1
github.com/modu-ai/moai-adk/internal/cli/verify.go:98.18,100.5 1 0
github.com/modu-ai/moai-adk/internal/cli/verify.go:101.4,107.17 2 1
github.com/modu-ai/moai-adk/internal/cli/verify.go:107.17,109.23 2 1
github.com/modu-ai/moai-adk/internal/cli/verify.go:109.23,111.6 1 0
github.com/modu-ai/moai-adk/internal/cli/verify.go:112.5,112.74 1 1
github.com/modu-ai/moai-adk/internal/cli/verify.go:112.74,114.6 1 0
github.com/modu-ai/moai-adk/internal/cli/verify.go:116.4,116.27 1 1
github.com/modu-ai/moai-adk/internal/cli/verify.go:116.27,118.5 1 0
github.com/modu-ai/moai-adk/internal/cli/verify.go:119.4,119.33 1 1
github.com/modu-ai/moai-adk/internal/cli/verify.go:119.33,121.5 1 1
github.com/modu-ai/moai-adk/internal/cli/verify.go:123.4,126.18 4 1
github.com/modu-ai/moai-adk/internal/cli/verify.go:126.18,128.5 1 0
github.com/modu-ai/moai-adk/internal/cli/verify.go:129.4,129.66 1 1
github.com/modu-ai/moai-adk/internal/cli/verify.go:129.66,135.5 1 0
github.com/modu-ai/moai-adk/internal/cli/verify.go:136.4,142.6 1 1
github.com/modu-ai/moai-adk/internal/cli/verify.go:145.2,150.12 6 1
github.com/modu-ai/moai-adk/internal/cli/verify.go:153.60,169.50 2 1
github.com/modu-ai/moai-adk/internal/cli/verify.go:169.50,172.18 3 1
github.com/modu-ai/moai-adk/internal/cli/verify.go:172.18,174.5 1 0
github.com/modu-ai/moai-adk/internal/cli/verify.go:175.4,178.18 4 1
github.com/modu-ai/moai-adk/internal/cli/verify.go:178.18,180.5 1 0
github.com/modu-ai/moai-adk/internal/cli/verify.go:181.4,182.18 2 1
github.com/modu-ai/moai-adk/internal/cli/verify.go:182.18,184.5 1 0
github.com/modu-ai/moai-adk/internal/cli/verify.go:185.4,186.39 2 1
github.com/modu-ai/moai-adk/internal/cli/verify.go:186.39,193.5 2 1
github.com/modu-ai/moai-adk/internal/cli/verify.go:194.4,194.19 1 1
github.com/modu-ai/moai-adk/internal/cli/verify.go:194.19,196.5 1 1
github.com/modu-ai/moai-adk/internal/cli/verify.go:197.4,199.34 3 1
github.com/modu-ai/moai-adk/internal/cli/verify.go:199.34,200.46 1 1
github.com/modu-ai/moai-adk/internal/cli/verify.go:200.46,201.14 1 1
github.com/modu-ai/moai-adk/internal/cli/verify.go:203.5,203.60 1 1
github.com/modu-ai/moai-adk/internal/cli/verify.go:203.60,205.6 1 1
github.com/modu-ai/moai-adk/internal/cli/verify.go:207.4,207.25 1 1
github.com/modu-ai/moai-adk/internal/cli/verify.go:207.25,208.22 1 1
github.com/modu-ai/moai-adk/internal/cli/verify.go:208.22,210.6 1 1
github.com/modu-ai/moai-adk/internal/cli/verify.go:211.5,211.67 1 0
github.com/modu-ai/moai-adk/internal/cli/verify.go:213.4,218.6 1 1
github.com/modu-ai/moai-adk/internal/cli/verify.go:221.2,224.12 4 1
github.com/modu-ai/moai-adk/internal/cli/verify.go:227.69,229.16 2 1
github.com/modu-ai/moai-adk/internal/cli/verify.go:229.16,231.3 1 0
github.com/modu-ai/moai-adk/internal/cli/verify.go:232.2,233.12 2 1
github.com/modu-ai/moai-adk/internal/cli/verify.go:236.13,240.2 1 1
github.com/modu-ai/moai-adk/internal/cli/version.go:23.51,41.28 6 1
github.com/modu-ai/moai-adk/internal/cli/version.go:41.28,43.4 1 0
github.com/modu-ai/moai-adk/internal/cli/version.go:44.3,50.13 6 1
github.com/modu-ai/moai-adk/internal/cli/version.go:54.13,56.2 1 1
github.com/modu-ai/moai-adk/internal/cli/web.go:33.33,67.2 5 1
github.com/modu-ai/moai-adk/internal/cli/web.go:72.57,97.18 4 1
github.com/modu-ai/moai-adk/internal/cli/web.go:97.18,98.44 1 1
github.com/modu-ai/moai-adk/internal/cli/web.go:98.44,106.4 1 0
github.com/modu-ai/moai-adk/internal/cli/web.go:106.9,108.4 1 1
github.com/modu-ai/moai-adk/internal/cli/web.go:110.2,110.15 1 1
github.com/modu-ai/moai-adk/internal/cli/web.go:110.15,112.3 1 1
github.com/modu-ai/moai-adk/internal/cli/web.go:114.2,115.17 2 1
github.com/modu-ai/moai-adk/internal/cli/web.go:115.17,117.3 1 0
github.com/modu-ai/moai-adk/internal/cli/web.go:125.2,125.80 1 1
github.com/modu-ai/moai-adk/internal/cli/web.go:125.80,127.3 1 0
github.com/modu-ai/moai-adk/internal/cli/web.go:129.2,138.21 2 1
github.com/modu-ai/moai-adk/internal/cli/web.go:138.21,140.3 1 1
github.com/modu-ai/moai-adk/internal/cli/web.go:142.2,155.65 1 1
github.com/modu-ai/moai-adk/internal/cli/web.go:155.65,165.4 2 0
github.com/modu-ai/moai-adk/internal/cli/web.go:169.13,171.2 1 1
github.com/modu-ai/moai-adk/internal/cli/web_port.go:47.33,49.16 2 1
github.com/modu-ai/moai-adk/internal/cli/web_port.go:49.16,58.3 1 1
github.com/modu-ai/moai-adk/internal/cli/web_port.go:59.2,60.14 2 1
github.com/modu-ai/moai-adk/internal/cli/web_port.go:76.67,77.12 1 1
github.com/modu-ai/moai-adk/internal/cli/web_port.go:77.12,79.3 1 1
github.com/modu-ai/moai-adk/internal/cli/web_port.go:80.2,80.27 1 1
github.com/modu-ai/moai-adk/internal/cli/web_port.go:80.27,82.3 1 1
github.com/modu-ai/moai-adk/internal/cli/web_port.go:84.2,85.16 2 1
github.com/modu-ai/moai-adk/internal/cli/web_port.go:85.16,89.3 1 1
github.com/modu-ai/moai-adk/internal/cli/web_port.go:90.2,90.13 1 1
github.com/modu-ai/moai-adk/internal/cli/web_port.go:90.13,92.3 1 1
github.com/modu-ai/moai-adk/internal/cli/web_port.go:94.2,95.41 2 1
github.com/modu-ai/moai-adk/internal/cli/web_port.go:95.41,97.3 1 0
github.com/modu-ai/moai-adk/internal/cli/web_port.go:99.2,99.40 1 1
github.com/modu-ai/moai-adk/internal/cli/web_port.go:99.40,100.28 1 1
github.com/modu-ai/moai-adk/internal/cli/web_port.go:100.28,102.4 1 1
github.com/modu-ai/moai-adk/internal/cli/web_port.go:103.3,103.31 1 1
github.com/modu-ai/moai-adk/internal/cli/web_port.go:105.2,105.77 1 1
github.com/modu-ai/moai-adk/internal/cli/web_port_posix.go:31.54,33.16 2 0
github.com/modu-ai/moai-adk/internal/cli/web_port_posix.go:33.16,37.3 1 0
github.com/modu-ai/moai-adk/internal/cli/web_port_posix.go:38.2,39.22 2 0
github.com/modu-ai/moai-adk/internal/cli/web_port_posix.go:39.22,41.3 1 0
github.com/modu-ai/moai-adk/internal/cli/web_port_posix.go:42.2,43.16 2 0
github.com/modu-ai/moai-adk/internal/cli/web_port_posix.go:43.16,45.3 1 0
github.com/modu-ai/moai-adk/internal/cli/web_port_posix.go:47.2,48.16 2 0
github.com/modu-ai/moai-adk/internal/cli/web_port_posix.go:48.16,50.3 1 0
github.com/modu-ai/moai-adk/internal/cli/web_port_posix.go:51.2,52.25 2 0
github.com/modu-ai/moai-adk/internal/cli/web_port_posix.go:59.37,61.2 1 0
github.com/modu-ai/moai-adk/internal/cli/web_port_posix.go:66.34,68.2 1 1
github.com/modu-ai/moai-adk/internal/cli/wizard_validate.go:37.61,38.36 1 1
github.com/modu-ai/moai-adk/internal/cli/wizard_validate.go:38.36,39.68 1 1
github.com/modu-ai/moai-adk/internal/cli/wizard_validate.go:39.68,41.4 1 1
github.com/modu-ai/moai-adk/internal/cli/wizard_validate.go:43.2,43.82 1 1
github.com/modu-ai/moai-adk/internal/cli/wizard_validate.go:43.82,46.3 1 1
github.com/modu-ai/moai-adk/internal/cli/wizard_validate.go:47.2,47.82 1 1
github.com/modu-ai/moai-adk/internal/cli/wizard_validate.go:47.82,50.3 1 0
github.com/modu-ai/moai-adk/internal/cli/wizard_validate.go:51.2,51.12 1 1
github.com/modu-ai/moai-adk/internal/cli/wizard_validate.go:57.41,59.16 2 1
github.com/modu-ai/moai-adk/internal/cli/wizard_validate.go:59.16,61.3 1 0
github.com/modu-ai/moai-adk/internal/cli/wizard_validate.go:62.2,62.25 1 1
github.com/modu-ai/moai-adk/internal/cli/wizard_validate.go:62.25,64.3 1 1
github.com/modu-ai/moai-adk/internal/cli/wizard_validate.go:65.2,65.18 1 1
github.com/modu-ai/moai-adk/internal/cli/wizard_validate.go:65.18,67.3 1 1
github.com/modu-ai/moai-adk/internal/cli/wizard_validate.go:68.2,68.12 1 1
github.com/modu-ai/moai-adk/internal/cli/wizard_validate.go:73.43,74.35 1 1
github.com/modu-ai/moai-adk/internal/cli/wizard_validate.go:74.35,76.3 1 0
github.com/modu-ai/moai-adk/internal/cli/wizard_validate.go:78.2,78.31 1 1
github.com/modu-ai/moai-adk/internal/cli/wizard_validate.go:78.31,80.3 1 1
github.com/modu-ai/moai-adk/internal/cli/wizard_validate.go:81.2,81.45 1 1
github.com/modu-ai/moai-adk/internal/cli/wizard_validate.go:86.43,87.35 1 1
github.com/modu-ai/moai-adk/internal/cli/wizard_validate.go:87.35,89.3 1 0
github.com/modu-ai/moai-adk/internal/cli/wizard_validate.go:90.2,90.45 1 1
github.com/modu-ai/moai-adk/internal/cli/worktree_advisory.go:28.62,30.16 2 1
github.com/modu-ai/moai-adk/internal/cli/worktree_advisory.go:30.16,40.3 2 1
github.com/modu-ai/moai-adk/internal/cli/worktree_advisory.go:41.2,45.69 1 1
github.com/modu-ai/moai-adk/internal/cli/worktree_advisory.go:51.54,52.23 1 1
github.com/modu-ai/moai-adk/internal/cli/worktree_advisory.go:52.23,54.3 1 0
github.com/modu-ai/moai-adk/internal/cli/worktree_advisory.go:55.2,57.30 3 1
github.com/modu-ai/moai-adk/internal/cli/worktree_advisory.go:57.30,59.3 1 0
github.com/modu-ai/moai-adk/internal/cli/worktree_advisory.go:60.2,60.41 1 1
