2026/09/03 13:24:02 WARN config sections directory not found, using defaults path=/var/folders/kt/nq2q81cn4gx3y41r7x47ggmr0000gn/T/TestAgentFMPolicy_EmptyValueHints1478275089/001/.moai/config/sections
2026/09/03 13:24:02 WARN config sections directory not found, using defaults path=/var/folders/kt/nq2q81cn4gx3y41r7x47ggmr0000gn/T/TestAgentFMPolicy_EmptyValueHints1478275089/001/.moai/config/sections
2026/09/03 13:24:02 WARN config sections directory not found, using defaults path=/var/folders/kt/nq2q81cn4gx3y41r7x47ggmr0000gn/T/TestAgentFMPolicy_EmptyValueHints1478275089/001/.moai/config/sections
2026/09/03 13:24:02 WARN config sections directory not found, using defaults path=/var/folders/kt/nq2q81cn4gx3y41r7x47ggmr0000gn/T/TestAgentFMNoSubTabs2097881172/001/.moai/config/sections
2026/09/03 13:24:02 WARN config sections directory not found, using defaults path=/var/folders/kt/nq2q81cn4gx3y41r7x47ggmr0000gn/T/TestAgentFMNoSubTabs2097881172/001/.moai/config/sections
2026/09/03 13:24:02 WARN config sections directory not found, using defaults path=/var/folders/kt/nq2q81cn4gx3y41r7x47ggmr0000gn/T/TestAgentFMNoSubTabs2097881172/001/.moai/config/sections
2026/09/03 13:24:02 WARN config sections directory not found, using defaults path=/var/folders/kt/nq2q81cn4gx3y41r7x47ggmr0000gn/T/TestAgentFMDescriptionShown2762004924/001/.moai/config/sections
2026/09/03 13:24:02 WARN config sections directory not found, using defaults path=/var/folders/kt/nq2q81cn4gx3y41r7x47ggmr0000gn/T/TestAgentFMDescriptionShown2762004924/001/.moai/config/sections
2026/09/03 13:24:02 WARN config sections directory not found, using defaults path=/var/folders/kt/nq2q81cn4gx3y41r7x47ggmr0000gn/T/TestAgentFMDescriptionShown2762004924/001/.moai/config/sections
2026/09/03 13:24:02 WARN config sections directory not found, using defaults path=/var/folders/kt/nq2q81cn4gx3y41r7x47ggmr0000gn/T/TestAgentFMTierSortOrder2300766416/001/.moai/config/sections
2026/09/03 13:24:02 WARN config sections directory not found, using defaults path=/var/folders/kt/nq2q81cn4gx3y41r7x47ggmr0000gn/T/TestAgentFMTierSortOrder2300766416/001/.moai/config/sections
2026/09/03 13:24:02 WARN config sections directory not found, using defaults path=/var/folders/kt/nq2q81cn4gx3y41r7x47ggmr0000gn/T/TestAgentFMTierSortOrder2300766416/001/.moai/config/sections
2026/09/03 13:24:02 WARN config sections directory not found, using defaults path=/var/folders/kt/nq2q81cn4gx3y41r7x47ggmr0000gn/T/TestAgentFMDescriptionAbsentGraceful2160944795/001/.moai/config/sections
2026/09/03 13:24:02 WARN config sections directory not found, using defaults path=/var/folders/kt/nq2q81cn4gx3y41r7x47ggmr0000gn/T/TestAgentFMDescriptionAbsentGraceful2160944795/001/.moai/config/sections
2026/09/03 13:24:02 WARN config sections directory not found, using defaults path=/var/folders/kt/nq2q81cn4gx3y41r7x47ggmr0000gn/T/TestAgentFMDescriptionAbsentGraceful2160944795/001/.moai/config/sections
2026/09/03 13:24:02 WARN config sections directory not found, using defaults path=/Users/test/moai-adk-go/.moai/config/sections
2026/09/03 13:24:02 WARN config sections directory not found, using defaults path=/Users/test/moai-adk-go/.moai/config/sections
2026/09/03 13:24:02 WARN config sections directory not found, using defaults path=/var/folders/kt/nq2q81cn4gx3y41r7x47ggmr0000gn/T/TestShellContextChipsOmitEmptyValues4047982451/001/.moai/config/sections
2026/09/03 13:24:02 WARN config sections directory not found, using defaults path=/var/folders/kt/nq2q81cn4gx3y41r7x47ggmr0000gn/T/TestShellContextChipsOmitEmptyValues4047982451/001/.moai/config/sections
2026/09/03 13:24:02 WARN config sections directory not found, using defaults path=/var/folders/kt/nq2q81cn4gx3y41r7x47ggmr0000gn/T/TestAuditRadioRendersStackedOptionDesc2116680791/001/.moai/config/sections
2026/09/03 13:24:02 WARN config sections directory not found, using defaults path=/var/folders/kt/nq2q81cn4gx3y41r7x47ggmr0000gn/T/TestAuditRadioRendersStackedOptionDesc2116680791/001/.moai/config/sections
2026/09/03 13:24:02 WARN config sections directory not found, using defaults path=/var/folders/kt/nq2q81cn4gx3y41r7x47ggmr0000gn/T/TestAuditRadioRendersStackedOptionDesc2116680791/001/.moai/config/sections
2026/09/03 13:24:02 WARN config sections directory not found, using defaults path=/var/folders/kt/nq2q81cn4gx3y41r7x47ggmr0000gn/T/TestAutonomyStubResolved1312905624/001/.moai/config/sections
2026/09/03 13:24:02 WARN config sections directory not found, using defaults path=/var/folders/kt/nq2q81cn4gx3y41r7x47ggmr0000gn/T/TestAutonomyStubResolved1312905624/001/.moai/config/sections
2026/09/03 13:24:02 WARN config sections directory not found, using defaults path=/var/folders/kt/nq2q81cn4gx3y41r7x47ggmr0000gn/T/TestAutonomyStubResolved1312905624/001/.moai/config/sections
2026/09/03 13:24:02 WARN config sections directory not found, using defaults path=/var/folders/kt/nq2q81cn4gx3y41r7x47ggmr0000gn/T/TestBoard_Render3224493522/001/.moai/config/sections
2026/09/03 13:24:02 WARN config sections directory not found, using defaults path=/var/folders/kt/nq2q81cn4gx3y41r7x47ggmr0000gn/T/TestBoard_RemediationCopyable3976063326/001/.moai/config/sections
2026/09/03 13:24:02 WARN config sections directory not found, using defaults path=/var/folders/kt/nq2q81cn4gx3y41r7x47ggmr0000gn/T/TestBoard_TierBadgepresent2460792693/001/.moai/config/sections
2026/09/03 13:24:02 WARN config sections directory not found, using defaults path=/var/folders/kt/nq2q81cn4gx3y41r7x47ggmr0000gn/T/TestBoard_TierBadgeabsent1217004885/001/.moai/config/sections
2026/09/03 13:24:02 WARN config sections directory not found, using defaults path=/var/folders/kt/nq2q81cn4gx3y41r7x47ggmr0000gn/T/TestBoard_GETOnly1030925789/001/.moai/config/sections
2026/09/03 13:24:02 WARN config sections directory not found, using defaults path=/var/folders/kt/nq2q81cn4gx3y41r7x47ggmr0000gn/T/TestBoard_I18nParity2714253664/001/.moai/config/sections
2026/09/03 13:24:02 WARN config sections directory not found, using defaults path=/var/folders/kt/nq2q81cn4gx3y41r7x47ggmr0000gn/T/TestBoard_CoverageEdges3132115273/001/.moai/config/sections
2026/09/03 13:24:02 WARN config sections directory not found, using defaults path=/var/folders/kt/nq2q81cn4gx3y41r7x47ggmr0000gn/T/TestBoard_EmptyProject403985424/001/.moai/config/sections
2026/09/03 13:24:02 WARN config sections directory not found, using defaults path=/var/folders/kt/nq2q81cn4gx3y41r7x47ggmr0000gn/T/TestCodexCard_SentinelPropagationCrossSurface3957140350/001/.moai/config/sections
2026/09/03 13:24:02 WARN config sections directory not found, using defaults path=/var/folders/kt/nq2q81cn4gx3y41r7x47ggmr0000gn/T/TestCodexCard_SentinelPropagationCrossSurface3957140350/001/.moai/config/sections
2026/09/03 13:24:02 WARN config sections directory not found, using defaults path=/var/folders/kt/nq2q81cn4gx3y41r7x47ggmr0000gn/T/TestCodexCard_SentinelPropagationCrossSurface3957140350/001/.moai/config/sections
2026/09/03 13:24:02 WARN config sections directory not found, using defaults path=/var/folders/kt/nq2q81cn4gx3y41r7x47ggmr0000gn/T/TestCodexCard_ProbeSeamIsTheSoleSource188343625/001/.moai/config/sections
2026/09/03 13:24:02 WARN config sections directory not found, using defaults path=/var/folders/kt/nq2q81cn4gx3y41r7x47ggmr0000gn/T/TestCodexCard_ProbeSeamIsTheSoleSource188343625/001/.moai/config/sections
2026/09/03 13:24:02 WARN config sections directory not found, using defaults path=/var/folders/kt/nq2q81cn4gx3y41r7x47ggmr0000gn/T/TestCodexCard_ProbeSeamIsTheSoleSource188343625/001/.moai/config/sections
2026/09/03 13:24:02 WARN config sections directory not found, using defaults path=/var/folders/kt/nq2q81cn4gx3y41r7x47ggmr0000gn/T/TestBrandMarkHasNoFill445344102/001/.moai/config/sections
2026/09/03 13:24:02 WARN config sections directory not found, using defaults path=/var/folders/kt/nq2q81cn4gx3y41r7x47ggmr0000gn/T/TestBrandMarkHasNoFill445344102/001/.moai/config/sections
2026/09/03 13:24:02 WARN config sections directory not found, using defaults path=/var/folders/kt/nq2q81cn4gx3y41r7x47ggmr0000gn/T/TestBrandMarkHasNoFill445344102/001/.moai/config/sections
2026/09/03 13:24:02 WARN config sections directory not found, using defaults path=/var/folders/kt/nq2q81cn4gx3y41r7x47ggmr0000gn/T/TestEffortGoUnboundWording2805447726/001/.moai/config/sections
2026/09/03 13:24:02 WARN config sections directory not found, using defaults path=/var/folders/kt/nq2q81cn4gx3y41r7x47ggmr0000gn/T/TestEffortGoUnboundWording2805447726/001/.moai/config/sections
2026/09/03 13:24:02 WARN config sections directory not found, using defaults path=/var/folders/kt/nq2q81cn4gx3y41r7x47ggmr0000gn/T/TestEffortGoUnboundWording2805447726/001/.moai/config/sections
2026/09/03 13:24:02 WARN config sections directory not found, using defaults path=/var/folders/kt/nq2q81cn4gx3y41r7x47ggmr0000gn/T/TestAgentFMSinglePanel1702333144/001/.moai/config/sections
2026/09/03 13:24:02 WARN config sections directory not found, using defaults path=/var/folders/kt/nq2q81cn4gx3y41r7x47ggmr0000gn/T/TestAgentFMSinglePanel1702333144/001/.moai/config/sections
2026/09/03 13:24:02 WARN config sections directory not found, using defaults path=/var/folders/kt/nq2q81cn4gx3y41r7x47ggmr0000gn/T/TestAgentFMSinglePanel1702333144/001/.moai/config/sections
2026/09/03 13:24:02 WARN config sections directory not found, using defaults path=/var/folders/kt/nq2q81cn4gx3y41r7x47ggmr0000gn/T/TestAgentTierBadgeGlyphConsistency1399677063/001/.moai/config/sections
2026/09/03 13:24:02 WARN config sections directory not found, using defaults path=/var/folders/kt/nq2q81cn4gx3y41r7x47ggmr0000gn/T/TestAgentTierBadgeGlyphConsistency1399677063/001/.moai/config/sections
2026/09/03 13:24:02 WARN config sections directory not found, using defaults path=/var/folders/kt/nq2q81cn4gx3y41r7x47ggmr0000gn/T/TestAgentTierBadgeGlyphConsistency1399677063/001/.moai/config/sections
2026/09/03 13:24:02 WARN config sections directory not found, using defaults path=/var/folders/kt/nq2q81cn4gx3y41r7x47ggmr0000gn/T/TestServer_HandlerAccessor365460765/001/.moai/config/sections
2026/09/03 13:24:02 WARN config sections directory not found, using defaults path=/var/folders/kt/nq2q81cn4gx3y41r7x47ggmr0000gn/T/TestServer_HandlerAccessor365460765/001/.moai/config/sections
2026/09/03 13:24:02 WARN config sections directory not found, using defaults path=/var/folders/kt/nq2q81cn4gx3y41r7x47ggmr0000gn/T/TestServer_HandlerAccessor365460765/001/.moai/config/sections
2026/09/03 13:24:02 WARN config sections directory not found, using defaults path=/var/folders/kt/nq2q81cn4gx3y41r7x47ggmr0000gn/T/TestCrossSessionPanelRendered1837366804/001/.moai/config/sections
2026/09/03 13:24:02 WARN config sections directory not found, using defaults path=/var/folders/kt/nq2q81cn4gx3y41r7x47ggmr0000gn/T/TestCrossSessionPanelRendered1837366804/001/.moai/config/sections
2026/09/03 13:24:02 WARN config sections directory not found, using defaults path=/var/folders/kt/nq2q81cn4gx3y41r7x47ggmr0000gn/T/TestCrossSessionPanelRendered1837366804/001/.moai/config/sections
2026/09/03 13:24:02 WARN config sections directory not found, using defaults path=/var/folders/kt/nq2q81cn4gx3y41r7x47ggmr0000gn/T/TestDeadConfigAbsentFromRender2946171414/001/.moai/config/sections
2026/09/03 13:24:02 WARN config sections directory not found, using defaults path=/var/folders/kt/nq2q81cn4gx3y41r7x47ggmr0000gn/T/TestDeadConfigAbsentFromRender2946171414/001/.moai/config/sections
2026/09/03 13:24:02 WARN config sections directory not found, using defaults path=/var/folders/kt/nq2q81cn4gx3y41r7x47ggmr0000gn/T/TestDeadConfigAbsentFromRender2946171414/001/.moai/config/sections
2026/09/03 13:24:02 WARN config sections directory not found, using defaults path=/var/folders/kt/nq2q81cn4gx3y41r7x47ggmr0000gn/T/TestGitStrategyRendered4247650647/001/.moai/config/sections
2026/09/03 13:24:02 WARN config sections directory not found, using defaults path=/var/folders/kt/nq2q81cn4gx3y41r7x47ggmr0000gn/T/TestGitStrategyRendered4247650647/001/.moai/config/sections
2026/09/03 13:24:02 WARN config sections directory not found, using defaults path=/var/folders/kt/nq2q81cn4gx3y41r7x47ggmr0000gn/T/TestGitStrategyRendered4247650647/001/.moai/config/sections
2026/09/03 13:24:02 WARN config sections directory not found, using defaults path=/var/folders/kt/nq2q81cn4gx3y41r7x47ggmr0000gn/T/TestGitWorktreePanelRegistered2358423088/001/.moai/config/sections
2026/09/03 13:24:02 WARN config sections directory not found, using defaults path=/var/folders/kt/nq2q81cn4gx3y41r7x47ggmr0000gn/T/TestGitWorktreePanelRegistered2358423088/001/.moai/config/sections
2026/09/03 13:24:02 WARN config sections directory not found, using defaults path=/var/folders/kt/nq2q81cn4gx3y41r7x47ggmr0000gn/T/TestGitWorktreePanelRegistered2358423088/001/.moai/config/sections
2026/09/03 13:24:02 WARN config sections directory not found, using defaults path=/var/folders/kt/nq2q81cn4gx3y41r7x47ggmr0000gn/T/TestLaneSectionRendersCompleteRow3477707059/001/.moai/config/sections
2026/09/03 13:24:02 WARN config sections directory not found, using defaults path=/var/folders/kt/nq2q81cn4gx3y41r7x47ggmr0000gn/T/TestLaneSectionMarksEstimatedStageOnlyWhenEstimated508759234/001/.moai/config/sections
2026/09/03 13:24:02 WARN config sections directory not found, using defaults path=/var/folders/kt/nq2q81cn4gx3y41r7x47ggmr0000gn/T/TestLaneSectionMarksEstimatedStageOnlyWhenEstimated508759234/002/.moai/config/sections
2026/09/03 13:24:02 WARN config sections directory not found, using defaults path=/var/folders/kt/nq2q81cn4gx3y41r7x47ggmr0000gn/T/TestLaneSectionPresentWithNoRegistryabsent4023437207/001/.moai/config/sections
2026/09/03 13:24:02 WARN config sections directory not found, using defaults path=/var/folders/kt/nq2q81cn4gx3y41r7x47ggmr0000gn/T/TestLaneSectionPresentWithNoRegistrymalformed3815440430/001/.moai/config/sections
2026/09/03 13:24:02 WARN config sections directory not found, using defaults path=/var/folders/kt/nq2q81cn4gx3y41r7x47ggmr0000gn/T/TestLaneSectionRendersUnresolvedRows3318282122/001/.moai/config/sections
2026/09/03 13:24:02 WARN config sections directory not found, using defaults path=/var/folders/kt/nq2q81cn4gx3y41r7x47ggmr0000gn/T/TestKanbanNoteBannerCorrected3665920643/001/.moai/config/sections
2026/09/03 13:24:02 WARN config sections directory not found, using defaults path=/var/folders/kt/nq2q81cn4gx3y41r7x47ggmr0000gn/T/TestLaneSectionAddsNoTransportSurface1923351360/001/.moai/config/sections
2026/09/03 13:24:02 WARN config sections directory not found, using defaults path=/var/folders/kt/nq2q81cn4gx3y41r7x47ggmr0000gn/T/TestLaneSectionAddsNoTransportSurface1923351360/002/.moai/config/sections
2026/09/03 13:24:02 WARN config sections directory not found, using defaults path=/var/folders/kt/nq2q81cn4gx3y41r7x47ggmr0000gn/T/TestFeedbackPanelRendered2431547994/001/.moai/config/sections
2026/09/03 13:24:02 WARN config sections directory not found, using defaults path=/var/folders/kt/nq2q81cn4gx3y41r7x47ggmr0000gn/T/TestFeedbackPanelRendered2431547994/001/.moai/config/sections
2026/09/03 13:24:02 WARN config sections directory not found, using defaults path=/var/folders/kt/nq2q81cn4gx3y41r7x47ggmr0000gn/T/TestFeedbackPanelRendered2431547994/001/.moai/config/sections
2026/09/03 13:24:02 WARN config sections directory not found, using defaults path=/var/folders/kt/nq2q81cn4gx3y41r7x47ggmr0000gn/T/TestGatePanelRendered1249867860/001/.moai/config/sections
2026/09/03 13:24:02 WARN config sections directory not found, using defaults path=/var/folders/kt/nq2q81cn4gx3y41r7x47ggmr0000gn/T/TestGatePanelRendered1249867860/001/.moai/config/sections
2026/09/03 13:24:02 WARN config sections directory not found, using defaults path=/var/folders/kt/nq2q81cn4gx3y41r7x47ggmr0000gn/T/TestGatePanelRendered1249867860/001/.moai/config/sections
2026/09/03 13:24:02 WARN config sections directory not found, using defaults path=/var/folders/kt/nq2q81cn4gx3y41r7x47ggmr0000gn/T/TestGLMEffortTierDefaults798341494/001/.moai/config/sections
2026/09/03 13:24:02 WARN config sections directory not found, using defaults path=/var/folders/kt/nq2q81cn4gx3y41r7x47ggmr0000gn/T/TestGLMEffortTierDefaults798341494/001/.moai/config/sections
2026/09/03 13:24:02 WARN config sections directory not found, using defaults path=/var/folders/kt/nq2q81cn4gx3y41r7x47ggmr0000gn/T/TestGLMEffortTierDefaults798341494/001/.moai/config/sections
2026/09/03 13:24:02 WARN config sections directory not found, using defaults path=/var/folders/kt/nq2q81cn4gx3y41r7x47ggmr0000gn/T/TestGLMTierLabelVsKey3660577233/001/.moai/config/sections
2026/09/03 13:24:02 WARN config sections directory not found, using defaults path=/var/folders/kt/nq2q81cn4gx3y41r7x47ggmr0000gn/T/TestGLMTierLabelVsKey3660577233/001/.moai/config/sections
2026/09/03 13:24:02 WARN config sections directory not found, using defaults path=/var/folders/kt/nq2q81cn4gx3y41r7x47ggmr0000gn/T/TestGLMTierLabelVsKey3660577233/001/.moai/config/sections
2026/09/03 13:24:02 WARN config sections directory not found, using defaults path=/var/folders/kt/nq2q81cn4gx3y41r7x47ggmr0000gn/T/TestGLMEffortScopeBadge3141372425/001/.moai/config/sections
2026/09/03 13:24:02 WARN config sections directory not found, using defaults path=/var/folders/kt/nq2q81cn4gx3y41r7x47ggmr0000gn/T/TestGLMEffortScopeBadge3141372425/001/.moai/config/sections
2026/09/03 13:24:02 WARN config sections directory not found, using defaults path=/var/folders/kt/nq2q81cn4gx3y41r7x47ggmr0000gn/T/TestGLMEffortScopeBadge3141372425/001/.moai/config/sections
2026/09/03 13:24:02 WARN config sections directory not found, using defaults path=/var/folders/kt/nq2q81cn4gx3y41r7x47ggmr0000gn/T/TestGLMKeyNeverEchoedByDefault417486625/002/.moai/config/sections
2026/09/03 13:24:02 WARN config sections directory not found, using defaults path=/var/folders/kt/nq2q81cn4gx3y41r7x47ggmr0000gn/T/TestGLMKeyNeverEchoedByDefault417486625/002/.moai/config/sections
2026/09/03 13:24:02 WARN config sections directory not found, using defaults path=/var/folders/kt/nq2q81cn4gx3y41r7x47ggmr0000gn/T/TestGLMKeyNeverEchoedByDefault417486625/002/.moai/config/sections
2026/09/03 13:24:02 WARN config sections directory not found, using defaults path=/var/folders/kt/nq2q81cn4gx3y41r7x47ggmr0000gn/T/TestGLMKeyField_Renders3030028822/001/.moai/config/sections
2026/09/03 13:24:02 WARN config sections directory not found, using defaults path=/var/folders/kt/nq2q81cn4gx3y41r7x47ggmr0000gn/T/TestGLMKeyField_Renders3030028822/001/.moai/config/sections
2026/09/03 13:24:02 WARN config sections directory not found, using defaults path=/var/folders/kt/nq2q81cn4gx3y41r7x47ggmr0000gn/T/TestGLMKeyField_Renders3030028822/001/.moai/config/sections
2026/09/03 13:24:02 WARN config sections directory not found, using defaults path=/var/folders/kt/nq2q81cn4gx3y41r7x47ggmr0000gn/T/TestGLMKeyField_SecretClass1238013260/001/.moai/config/sections
2026/09/03 13:24:02 WARN config sections directory not found, using defaults path=/var/folders/kt/nq2q81cn4gx3y41r7x47ggmr0000gn/T/TestGLMKeyField_SecretClass1238013260/001/.moai/config/sections
2026/09/03 13:24:02 WARN config sections directory not found, using defaults path=/var/folders/kt/nq2q81cn4gx3y41r7x47ggmr0000gn/T/TestGLMKeyField_SecretClass1238013260/001/.moai/config/sections
2026/09/03 13:24:02 WARN config sections directory not found, using defaults path=/var/folders/kt/nq2q81cn4gx3y41r7x47ggmr0000gn/T/TestGLMKeySave_Persists431721288/002/.moai/config/sections
2026/09/03 13:24:02 WARN config sections directory not found, using defaults path=/var/folders/kt/nq2q81cn4gx3y41r7x47ggmr0000gn/T/TestGLMKeySave_Persists431721288/002/.moai/config/sections
2026/09/03 13:24:02 WARN config sections directory not found, using defaults path=/var/folders/kt/nq2q81cn4gx3y41r7x47ggmr0000gn/T/TestGLMKeySave_Persists431721288/002/.moai/config/sections
2026/09/03 13:24:02 WARN config sections directory not found, using defaults path=/var/folders/kt/nq2q81cn4gx3y41r7x47ggmr0000gn/T/TestGLMKeySave_Persists431721288/002/.moai/config/sections
2026/09/03 13:24:02 WARN config sections directory not found, using defaults path=/var/folders/kt/nq2q81cn4gx3y41r7x47ggmr0000gn/T/TestGLMKeySave_Persists431721288/002/.moai/config/sections
2026/09/03 13:24:02 WARN config sections directory not found, using defaults path=/var/folders/kt/nq2q81cn4gx3y41r7x47ggmr0000gn/T/TestGLMKeySave_Persists431721288/002/.moai/config/sections
2026/09/03 13:24:02 WARN config sections directory not found, using defaults path=/var/folders/kt/nq2q81cn4gx3y41r7x47ggmr0000gn/T/TestGLMKeySave_BannerNoEcho3597933646/002/.moai/config/sections
2026/09/03 13:24:02 WARN config sections directory not found, using defaults path=/var/folders/kt/nq2q81cn4gx3y41r7x47ggmr0000gn/T/TestGLMKeySave_BannerNoEcho3597933646/002/.moai/config/sections
2026/09/03 13:24:02 WARN config sections directory not found, using defaults path=/var/folders/kt/nq2q81cn4gx3y41r7x47ggmr0000gn/T/TestGLMKeySave_BannerNoEcho3597933646/002/.moai/config/sections
2026/09/03 13:24:02 WARN config sections directory not found, using defaults path=/var/folders/kt/nq2q81cn4gx3y41r7x47ggmr0000gn/T/TestGLMKeySave_BannerNoEcho3597933646/002/.moai/config/sections
2026/09/03 13:24:02 WARN config sections directory not found, using defaults path=/var/folders/kt/nq2q81cn4gx3y41r7x47ggmr0000gn/T/TestGLMKeySave_BannerNoEcho3597933646/002/.moai/config/sections
2026/09/03 13:24:02 WARN config sections directory not found, using defaults path=/var/folders/kt/nq2q81cn4gx3y41r7x47ggmr0000gn/T/TestGLMKeySave_BannerNoEcho3597933646/002/.moai/config/sections
2026/09/03 13:24:02 WARN config sections directory not found, using defaults path=/var/folders/kt/nq2q81cn4gx3y41r7x47ggmr0000gn/T/TestGLMKeySave_NoFullKeyInResponse282305896/002/.moai/config/sections
2026/09/03 13:24:02 WARN config sections directory not found, using defaults path=/var/folders/kt/nq2q81cn4gx3y41r7x47ggmr0000gn/T/TestGLMKeySave_NoFullKeyInResponse282305896/002/.moai/config/sections
2026/09/03 13:24:02 WARN config sections directory not found, using defaults path=/var/folders/kt/nq2q81cn4gx3y41r7x47ggmr0000gn/T/TestGLMKeySave_NoFullKeyInResponse282305896/002/.moai/config/sections
2026/09/03 13:24:02 WARN config sections directory not found, using defaults path=/var/folders/kt/nq2q81cn4gx3y41r7x47ggmr0000gn/T/TestGLMKeyHint_TrailingFourOnly4162537757/002/.moai/config/sections
2026/09/03 13:24:02 WARN config sections directory not found, using defaults path=/var/folders/kt/nq2q81cn4gx3y41r7x47ggmr0000gn/T/TestGLMKeyHint_TrailingFourOnly4162537757/002/.moai/config/sections
2026/09/03 13:24:02 WARN config sections directory not found, using defaults path=/var/folders/kt/nq2q81cn4gx3y41r7x47ggmr0000gn/T/TestGLMKeyHint_TrailingFourOnly4162537757/002/.moai/config/sections
2026/09/03 13:24:02 WARN config sections directory not found, using defaults path=/var/folders/kt/nq2q81cn4gx3y41r7x47ggmr0000gn/T/TestGLMKeyHint_TrailingFourOnly4162537757/004/.moai/config/sections
2026/09/03 13:24:02 WARN config sections directory not found, using defaults path=/var/folders/kt/nq2q81cn4gx3y41r7x47ggmr0000gn/T/TestGLMKeyHint_TrailingFourOnly4162537757/004/.moai/config/sections
2026/09/03 13:24:02 WARN config sections directory not found, using defaults path=/var/folders/kt/nq2q81cn4gx3y41r7x47ggmr0000gn/T/TestGLMKeyHint_TrailingFourOnly4162537757/004/.moai/config/sections
2026/09/03 13:24:02 WARN config sections directory not found, using defaults path=/var/folders/kt/nq2q81cn4gx3y41r7x47ggmr0000gn/T/TestGLMKeyHint_ShortKeyDisclosesNothinginel2063824174/002/.moai/config/sections
2026/09/03 13:24:02 WARN config sections directory not found, using defaults path=/var/folders/kt/nq2q81cn4gx3y41r7x47ggmr0000gn/T/TestGLMKeyHint_ShortKeyDisclosesNothinginel2063824174/002/.moai/config/sections
2026/09/03 13:24:02 WARN config sections directory not found, using defaults path=/var/folders/kt/nq2q81cn4gx3y41r7x47ggmr0000gn/T/TestGLMKeyHint_ShortKeyDisclosesNothinginel2063824174/002/.moai/config/sections
2026/09/03 13:24:02 WARN config sections directory not found, using defaults path=/var/folders/kt/nq2q81cn4gx3y41r7x47ggmr0000gn/T/TestGLMKeyHint_ShortKeyDisclosesNothinginel2063824174/004/.moai/config/sections
2026/09/03 13:24:02 WARN config sections directory not found, using defaults path=/var/folders/kt/nq2q81cn4gx3y41r7x47ggmr0000gn/T/TestGLMKeyHint_ShortKeyDisclosesNothinginel2063824174/004/.moai/config/sections
2026/09/03 13:24:02 WARN config sections directory not found, using defaults path=/var/folders/kt/nq2q81cn4gx3y41r7x47ggmr0000gn/T/TestGLMKeyHint_ShortKeyDisclosesNothinginel2063824174/004/.moai/config/sections
2026/09/03 13:24:02 WARN config sections directory not found, using defaults path=/var/folders/kt/nq2q81cn4gx3y41r7x47ggmr0000gn/T/TestGLMKeyHint_ShortKeyDisclosesNothingnel173663106/002/.moai/config/sections
2026/09/03 13:24:02 WARN config sections directory not found, using defaults path=/var/folders/kt/nq2q81cn4gx3y41r7x47ggmr0000gn/T/TestGLMKeyHint_ShortKeyDisclosesNothingnel173663106/002/.moai/config/sections
2026/09/03 13:24:02 WARN config sections directory not found, using defaults path=/var/folders/kt/nq2q81cn4gx3y41r7x47ggmr0000gn/T/TestGLMKeyHint_ShortKeyDisclosesNothingnel173663106/002/.moai/config/sections
2026/09/03 13:24:02 WARN config sections directory not found, using defaults path=/var/folders/kt/nq2q81cn4gx3y41r7x47ggmr0000gn/T/TestGLMKeyHint_ShortKeyDisclosesNothingnel173663106/004/.moai/config/sections
2026/09/03 13:24:02 WARN config sections directory not found, using defaults path=/var/folders/kt/nq2q81cn4gx3y41r7x47ggmr0000gn/T/TestGLMKeyHint_ShortKeyDisclosesNothingnel173663106/004/.moai/config/sections
2026/09/03 13:24:02 WARN config sections directory not found, using defaults path=/var/folders/kt/nq2q81cn4gx3y41r7x47ggmr0000gn/T/TestGLMKeyHint_ShortKeyDisclosesNothingnel173663106/004/.moai/config/sections
2026/09/03 13:24:02 WARN config sections directory not found, using defaults path=/var/folders/kt/nq2q81cn4gx3y41r7x47ggmr0000gn/T/TestGLMKeyHint_ShortKeyDisclosesNothingx1298417750/002/.moai/config/sections
2026/09/03 13:24:02 WARN config sections directory not found, using defaults path=/var/folders/kt/nq2q81cn4gx3y41r7x47ggmr0000gn/T/TestGLMKeyHint_ShortKeyDisclosesNothingx1298417750/002/.moai/config/sections
2026/09/03 13:24:02 WARN config sections directory not found, using defaults path=/var/folders/kt/nq2q81cn4gx3y41r7x47ggmr0000gn/T/TestGLMKeyHint_ShortKeyDisclosesNothingx1298417750/002/.moai/config/sections
2026/09/03 13:24:02 WARN config sections directory not found, using defaults path=/var/folders/kt/nq2q81cn4gx3y41r7x47ggmr0000gn/T/TestGLMKeyHint_ShortKeyDisclosesNothingx1298417750/004/.moai/config/sections
2026/09/03 13:24:02 WARN config sections directory not found, using defaults path=/var/folders/kt/nq2q81cn4gx3y41r7x47ggmr0000gn/T/TestGLMKeyHint_ShortKeyDisclosesNothingx1298417750/004/.moai/config/sections
2026/09/03 13:24:02 WARN config sections directory not found, using defaults path=/var/folders/kt/nq2q81cn4gx3y41r7x47ggmr0000gn/T/TestGLMKeyHint_ShortKeyDisclosesNothingx1298417750/004/.moai/config/sections
2026/09/03 13:24:02 WARN config sections directory not found, using defaults path=/var/folders/kt/nq2q81cn4gx3y41r7x47ggmr0000gn/T/TestGLMKeySave_EmptyPreserves2955525859/002/.moai/config/sections
2026/09/03 13:24:02 WARN config sections directory not found, using defaults path=/var/folders/kt/nq2q81cn4gx3y41r7x47ggmr0000gn/T/TestGLMKeySave_EmptyPreserves2955525859/002/.moai/config/sections
2026/09/03 13:24:02 WARN config sections directory not found, using defaults path=/var/folders/kt/nq2q81cn4gx3y41r7x47ggmr0000gn/T/TestGLMKeySave_EmptyPreserves2955525859/002/.moai/config/sections
2026/09/03 13:24:02 WARN config sections directory not found, using defaults path=/var/folders/kt/nq2q81cn4gx3y41r7x47ggmr0000gn/T/TestGLMKeySave_EmptyPreserves2955525859/002/.moai/config/sections
2026/09/03 13:24:02 WARN config sections directory not found, using defaults path=/var/folders/kt/nq2q81cn4gx3y41r7x47ggmr0000gn/T/TestGLMKeySave_EmptyPreserves2955525859/002/.moai/config/sections
2026/09/03 13:24:02 WARN config sections directory not found, using defaults path=/var/folders/kt/nq2q81cn4gx3y41r7x47ggmr0000gn/T/TestGLMKeySave_EmptyPreserves2955525859/002/.moai/config/sections
2026/09/03 13:24:02 WARN config sections directory not found, using defaults path=/var/folders/kt/nq2q81cn4gx3y41r7x47ggmr0000gn/T/TestGLMKeySave_TrimsSurroundingWhitespace3666897019/002/.moai/config/sections
2026/09/03 13:24:02 WARN config sections directory not found, using defaults path=/var/folders/kt/nq2q81cn4gx3y41r7x47ggmr0000gn/T/TestGLMKeySave_TrimsSurroundingWhitespace3666897019/002/.moai/config/sections
2026/09/03 13:24:02 WARN config sections directory not found, using defaults path=/var/folders/kt/nq2q81cn4gx3y41r7x47ggmr0000gn/T/TestGLMKeySave_TrimsSurroundingWhitespace3666897019/002/.moai/config/sections
2026/09/03 13:24:02 WARN config sections directory not found, using defaults path=/var/folders/kt/nq2q81cn4gx3y41r7x47ggmr0000gn/T/TestGLMKeySave_TrimsSurroundingWhitespace3666897019/002/.moai/config/sections
2026/09/03 13:24:02 WARN config sections directory not found, using defaults path=/var/folders/kt/nq2q81cn4gx3y41r7x47ggmr0000gn/T/TestGLMKeySave_TrimsSurroundingWhitespace3666897019/002/.moai/config/sections
2026/09/03 13:24:02 WARN config sections directory not found, using defaults path=/var/folders/kt/nq2q81cn4gx3y41r7x47ggmr0000gn/T/TestGLMKeySave_TrimsSurroundingWhitespace3666897019/002/.moai/config/sections
2026/09/03 13:24:02 WARN config sections directory not found, using defaults path=/var/folders/kt/nq2q81cn4gx3y41r7x47ggmr0000gn/T/TestGLMKeySave_NewlineRejected1367946917/002/.moai/config/sections
2026/09/03 13:24:02 WARN config sections directory not found, using defaults path=/var/folders/kt/nq2q81cn4gx3y41r7x47ggmr0000gn/T/TestGLMKeySave_NewlineRejected1367946917/002/.moai/config/sections
2026/09/03 13:24:02 WARN config sections directory not found, using defaults path=/var/folders/kt/nq2q81cn4gx3y41r7x47ggmr0000gn/T/TestGLMKeySave_NewlineRejected1367946917/002/.moai/config/sections
2026/09/03 13:24:02 WARN config sections directory not found, using defaults path=/var/folders/kt/nq2q81cn4gx3y41r7x47ggmr0000gn/T/TestGLMKeySave_OnlyCredentialFileHoldsKey3895613902/002/.moai/config/sections
2026/09/03 13:24:02 WARN config sections directory not found, using defaults path=/var/folders/kt/nq2q81cn4gx3y41r7x47ggmr0000gn/T/TestGLMKeySave_OnlyCredentialFileHoldsKey3895613902/002/.moai/config/sections
2026/09/03 13:24:02 WARN config sections directory not found, using defaults path=/var/folders/kt/nq2q81cn4gx3y41r7x47ggmr0000gn/T/TestGLMKeySave_OnlyCredentialFileHoldsKey3895613902/002/.moai/config/sections
2026/09/03 13:24:02 WARN config sections directory not found, using defaults path=/var/folders/kt/nq2q81cn4gx3y41r7x47ggmr0000gn/T/TestGLMKeySave_OnlyCredentialFileHoldsKey3895613902/002/.moai/config/sections
2026/09/03 13:24:02 WARN config sections directory not found, using defaults path=/var/folders/kt/nq2q81cn4gx3y41r7x47ggmr0000gn/T/TestGLMKeySave_OnlyCredentialFileHoldsKey3895613902/002/.moai/config/sections
2026/09/03 13:24:02 WARN config sections directory not found, using defaults path=/var/folders/kt/nq2q81cn4gx3y41r7x47ggmr0000gn/T/TestGLMKeySave_OnlyCredentialFileHoldsKey3895613902/002/.moai/config/sections
2026/09/03 13:24:02 WARN config sections directory not found, using defaults path=/var/folders/kt/nq2q81cn4gx3y41r7x47ggmr0000gn/T/TestGLMKeySave_AtomicRejectLeavesCredentialUntouched3712479910/002/.moai/config/sections
2026/09/03 13:24:02 WARN config sections directory not found, using defaults path=/var/folders/kt/nq2q81cn4gx3y41r7x47ggmr0000gn/T/TestGLMKeySave_AtomicRejectLeavesCredentialUntouched3712479910/002/.moai/config/sections
2026/09/03 13:24:02 WARN config sections directory not found, using defaults path=/var/folders/kt/nq2q81cn4gx3y41r7x47ggmr0000gn/T/TestGLMKeySave_AtomicRejectLeavesCredentialUntouched3712479910/002/.moai/config/sections
2026/09/03 13:24:02 WARN config sections directory not found, using defaults path=/var/folders/kt/nq2q81cn4gx3y41r7x47ggmr0000gn/T/TestGLMKeySave_FailureSurfaced2784896755/002/.moai/config/sections
2026/09/03 13:24:02 WARN config sections directory not found, using defaults path=/var/folders/kt/nq2q81cn4gx3y41r7x47ggmr0000gn/T/TestGLMKeySave_FailureSurfaced2784896755/002/.moai/config/sections
2026/09/03 13:24:02 WARN config sections directory not found, using defaults path=/var/folders/kt/nq2q81cn4gx3y41r7x47ggmr0000gn/T/TestGLMKeySave_FailureSurfaced2784896755/002/.moai/config/sections
2026/09/03 13:24:02 WARN config sections directory not found, using defaults path=/var/folders/kt/nq2q81cn4gx3y41r7x47ggmr0000gn/T/TestGLMKeySave_FailureSurfaced2784896755/002/.moai/config/sections
2026/09/03 13:24:02 WARN config sections directory not found, using defaults path=/var/folders/kt/nq2q81cn4gx3y41r7x47ggmr0000gn/T/TestGLMKeySave_FailureSurfaced2784896755/002/.moai/config/sections
2026/09/03 13:24:02 WARN config sections directory not found, using defaults path=/var/folders/kt/nq2q81cn4gx3y41r7x47ggmr0000gn/T/TestGLMKeySave_NarrowsExistingWideMode3789914898/002/.moai/config/sections
2026/09/03 13:24:02 WARN config sections directory not found, using defaults path=/var/folders/kt/nq2q81cn4gx3y41r7x47ggmr0000gn/T/TestGLMKeySave_NarrowsExistingWideMode3789914898/002/.moai/config/sections
2026/09/03 13:24:02 WARN config sections directory not found, using defaults path=/var/folders/kt/nq2q81cn4gx3y41r7x47ggmr0000gn/T/TestGLMKeySave_NarrowsExistingWideMode3789914898/002/.moai/config/sections
2026/09/03 13:24:02 WARN config sections directory not found, using defaults path=/var/folders/kt/nq2q81cn4gx3y41r7x47ggmr0000gn/T/TestGLMKeySave_NarrowsExistingWideMode3789914898/002/.moai/config/sections
2026/09/03 13:24:02 WARN config sections directory not found, using defaults path=/var/folders/kt/nq2q81cn4gx3y41r7x47ggmr0000gn/T/TestGLMKeySave_NarrowsExistingWideMode3789914898/002/.moai/config/sections
2026/09/03 13:24:02 WARN config sections directory not found, using defaults path=/var/folders/kt/nq2q81cn4gx3y41r7x47ggmr0000gn/T/TestGLMKeySave_NarrowsExistingWideMode3789914898/002/.moai/config/sections
2026/09/03 13:24:02 WARN config sections directory not found, using defaults path=/var/folders/kt/nq2q81cn4gx3y41r7x47ggmr0000gn/T/TestIndexRendersPopulatedForm3773483950/001/.moai/config/sections
2026/09/03 13:24:02 WARN config sections directory not found, using defaults path=/var/folders/kt/nq2q81cn4gx3y41r7x47ggmr0000gn/T/TestIndexRendersPopulatedForm3773483950/001/.moai/config/sections
2026/09/03 13:24:02 WARN config sections directory not found, using defaults path=/var/folders/kt/nq2q81cn4gx3y41r7x47ggmr0000gn/T/TestIndexRendersPopulatedForm3773483950/001/.moai/config/sections
2026/09/03 13:24:02 WARN config sections directory not found, using defaults path=/var/folders/kt/nq2q81cn4gx3y41r7x47ggmr0000gn/T/TestIndexNeutralDefaultsForZeroValueProfile1610125958/001/.moai/config/sections
2026/09/03 13:24:02 WARN config sections directory not found, using defaults path=/var/folders/kt/nq2q81cn4gx3y41r7x47ggmr0000gn/T/TestIndexNeutralDefaultsForZeroValueProfile1610125958/001/.moai/config/sections
2026/09/03 13:24:02 WARN config sections directory not found, using defaults path=/var/folders/kt/nq2q81cn4gx3y41r7x47ggmr0000gn/T/TestIndexNeutralDefaultsForZeroValueProfile1610125958/001/.moai/config/sections
2026/09/03 13:24:02 WARN config sections directory not found, using defaults path=/var/folders/kt/nq2q81cn4gx3y41r7x47ggmr0000gn/T/TestIndexProfileSelectionShownForMultipleProfiles1106985740/001/.moai/config/sections
2026/09/03 13:24:02 WARN config sections directory not found, using defaults path=/var/folders/kt/nq2q81cn4gx3y41r7x47ggmr0000gn/T/TestIndexProfileSelectionShownForMultipleProfiles1106985740/001/.moai/config/sections
2026/09/03 13:24:02 WARN config sections directory not found, using defaults path=/var/folders/kt/nq2q81cn4gx3y41r7x47ggmr0000gn/T/TestIndexProfileSelectionShownForMultipleProfiles1106985740/001/.moai/config/sections
2026/09/03 13:24:02 WARN config sections directory not found, using defaults path=/var/folders/kt/nq2q81cn4gx3y41r7x47ggmr0000gn/T/TestIndexProfileSelectionShownForMultipleProfiles1106985740/001/.moai/config/sections
2026/09/03 13:24:02 WARN config sections directory not found, using defaults path=/var/folders/kt/nq2q81cn4gx3y41r7x47ggmr0000gn/T/TestIndexProfileSelectionShownForMultipleProfiles1106985740/001/.moai/config/sections
2026/09/03 13:24:02 WARN config sections directory not found, using defaults path=/var/folders/kt/nq2q81cn4gx3y41r7x47ggmr0000gn/T/TestIndexProfileSelectionShownForMultipleProfiles1106985740/001/.moai/config/sections
2026/09/03 13:24:02 WARN config sections directory not found, using defaults path=/var/folders/kt/nq2q81cn4gx3y41r7x47ggmr0000gn/T/TestIndexProfileQueryParamSelectsProfile3877023703/001/.moai/config/sections
2026/09/03 13:24:02 WARN config sections directory not found, using defaults path=/var/folders/kt/nq2q81cn4gx3y41r7x47ggmr0000gn/T/TestIndexProfileQueryParamSelectsProfile3877023703/001/.moai/config/sections
2026/09/03 13:24:02 WARN config sections directory not found, using defaults path=/var/folders/kt/nq2q81cn4gx3y41r7x47ggmr0000gn/T/TestIndexProfileQueryParamSelectsProfile3877023703/001/.moai/config/sections
2026/09/03 13:24:02 WARN config sections directory not found, using defaults path=/var/folders/kt/nq2q81cn4gx3y41r7x47ggmr0000gn/T/TestSaveValidRoundTrip846507248/001/.moai/config/sections
2026/09/03 13:24:02 WARN config sections directory not found, using defaults path=/var/folders/kt/nq2q81cn4gx3y41r7x47ggmr0000gn/T/TestSaveValidRoundTrip846507248/001/.moai/config/sections
2026/09/03 13:24:02 WARN config sections directory not found, using defaults path=/var/folders/kt/nq2q81cn4gx3y41r7x47ggmr0000gn/T/TestSaveValidRoundTrip846507248/001/.moai/config/sections
2026/09/03 13:24:02 WARN config sections directory not found, using defaults path=/var/folders/kt/nq2q81cn4gx3y41r7x47ggmr0000gn/T/TestSaveValidRoundTrip846507248/001/.moai/config/sections
2026/09/03 13:24:02 WARN config sections directory not found, using defaults path=/var/folders/kt/nq2q81cn4gx3y41r7x47ggmr0000gn/T/TestSaveValidRoundTrip846507248/001/.moai/config/sections
2026/09/03 13:24:02 WARN config sections directory not found, using defaults path=/var/folders/kt/nq2q81cn4gx3y41r7x47ggmr0000gn/T/TestSaveRecordsLastUsedProfilenamed_profile_is_recorded1869819932/001/.moai/config/sections
2026/09/03 13:24:02 WARN config sections directory not found, using defaults path=/var/folders/kt/nq2q81cn4gx3y41r7x47ggmr0000gn/T/TestSaveRecordsLastUsedProfilenamed_profile_is_recorded1869819932/001/.moai/config/sections
2026/09/03 13:24:02 WARN config sections directory not found, using defaults path=/var/folders/kt/nq2q81cn4gx3y41r7x47ggmr0000gn/T/TestSaveRecordsLastUsedProfilenamed_profile_is_recorded1869819932/001/.moai/config/sections
2026/09/03 13:24:02 WARN config sections directory not found, using defaults path=/var/folders/kt/nq2q81cn4gx3y41r7x47ggmr0000gn/T/TestSaveRecordsLastUsedProfilenamed_profile_is_recorded1869819932/001/.moai/config/sections
2026/09/03 13:24:02 WARN config sections directory not found, using defaults path=/var/folders/kt/nq2q81cn4gx3y41r7x47ggmr0000gn/T/TestSaveRecordsLastUsedProfilenamed_profile_is_recorded1869819932/001/.moai/config/sections
2026/09/03 13:24:02 WARN config sections directory not found, using defaults path=/var/folders/kt/nq2q81cn4gx3y41r7x47ggmr0000gn/T/TestSaveRecordsLastUsedProfiledefault_is_not_recorded3825455330/001/.moai/config/sections
2026/09/03 13:24:02 WARN config sections directory not found, using defaults path=/var/folders/kt/nq2q81cn4gx3y41r7x47ggmr0000gn/T/TestSaveRecordsLastUsedProfiledefault_is_not_recorded3825455330/001/.moai/config/sections
2026/09/03 13:24:02 WARN config sections directory not found, using defaults path=/var/folders/kt/nq2q81cn4gx3y41r7x47ggmr0000gn/T/TestSaveRecordsLastUsedProfiledefault_is_not_recorded3825455330/001/.moai/config/sections
2026/09/03 13:24:02 WARN config sections directory not found, using defaults path=/var/folders/kt/nq2q81cn4gx3y41r7x47ggmr0000gn/T/TestSaveRecordsLastUsedProfiledefault_is_not_recorded3825455330/001/.moai/config/sections
2026/09/03 13:24:02 WARN config sections directory not found, using defaults path=/var/folders/kt/nq2q81cn4gx3y41r7x47ggmr0000gn/T/TestSaveRecordsLastUsedProfiledefault_is_not_recorded3825455330/001/.moai/config/sections
2026/09/03 13:24:02 WARN config sections directory not found, using defaults path=/var/folders/kt/nq2q81cn4gx3y41r7x47ggmr0000gn/T/TestSaveSurvivesLedgerFailure2429105902/001/.moai/config/sections
2026/09/03 13:24:02 WARN config sections directory not found, using defaults path=/var/folders/kt/nq2q81cn4gx3y41r7x47ggmr0000gn/T/TestSaveSurvivesLedgerFailure2429105902/001/.moai/config/sections
2026/09/03 13:24:02 WARN config sections directory not found, using defaults path=/var/folders/kt/nq2q81cn4gx3y41r7x47ggmr0000gn/T/TestSaveSurvivesLedgerFailure2429105902/001/.moai/config/sections
2026/09/03 13:24:02 WARN config sections directory not found, using defaults path=/var/folders/kt/nq2q81cn4gx3y41r7x47ggmr0000gn/T/TestSaveSurvivesLedgerFailure2429105902/001/.moai/config/sections
2026/09/03 13:24:02 WARN config sections directory not found, using defaults path=/var/folders/kt/nq2q81cn4gx3y41r7x47ggmr0000gn/T/TestSaveSurvivesLedgerFailure2429105902/001/.moai/config/sections
2026/09/03 13:24:02 WARN config sections directory not found, using defaults path=/var/folders/kt/nq2q81cn4gx3y41r7x47ggmr0000gn/T/TestSaveInvalidPermissionModeRejected1008921629/001/.moai/config/sections
2026/09/03 13:24:02 WARN config sections directory not found, using defaults path=/var/folders/kt/nq2q81cn4gx3y41r7x47ggmr0000gn/T/TestSaveInvalidPermissionModeRejected1008921629/001/.moai/config/sections
2026/09/03 13:24:02 WARN config sections directory not found, using defaults path=/var/folders/kt/nq2q81cn4gx3y41r7x47ggmr0000gn/T/TestSaveInvalidPermissionModeRejected1008921629/001/.moai/config/sections
2026/09/03 13:24:02 WARN config sections directory not found, using defaults path=/var/folders/kt/nq2q81cn4gx3y41r7x47ggmr0000gn/T/TestSaveSyncFailureSurfacesReadableError3677747276/001/.moai/config/sections
2026/09/03 13:24:02 WARN config sections directory not found, using defaults path=/var/folders/kt/nq2q81cn4gx3y41r7x47ggmr0000gn/T/TestSaveSyncFailureSurfacesReadableError3677747276/001/.moai/config/sections
2026/09/03 13:24:02 WARN config sections directory not found, using defaults path=/var/folders/kt/nq2q81cn4gx3y41r7x47ggmr0000gn/T/TestSaveScopeBoundary116853843/001/.moai/config/sections
2026/09/03 13:24:02 WARN config sections directory not found, using defaults path=/var/folders/kt/nq2q81cn4gx3y41r7x47ggmr0000gn/T/TestSaveScopeBoundary116853843/001/.moai/config/sections
2026/09/03 13:24:02 WARN config sections directory not found, using defaults path=/var/folders/kt/nq2q81cn4gx3y41r7x47ggmr0000gn/T/TestSaveScopeBoundary116853843/001/.moai/config/sections
2026/09/03 13:24:02 WARN config sections directory not found, using defaults path=/var/folders/kt/nq2q81cn4gx3y41r7x47ggmr0000gn/T/TestSaveScopeBoundary116853843/001/.moai/config/sections
2026/09/03 13:24:02 WARN config sections directory not found, using defaults path=/var/folders/kt/nq2q81cn4gx3y41r7x47ggmr0000gn/T/TestSaveScopeBoundary116853843/001/.moai/config/sections
2026/09/03 13:24:02 WARN config sections directory not found, using defaults path=/var/folders/kt/nq2q81cn4gx3y41r7x47ggmr0000gn/T/TestHostCheckAllowsLoopbackHostsOnPost2254115261/001/.moai/config/sections
2026/09/03 13:24:02 WARN config sections directory not found, using defaults path=/var/folders/kt/nq2q81cn4gx3y41r7x47ggmr0000gn/T/TestHostCheckAllowsLoopbackHostsOnPost2254115261/001/.moai/config/sections
2026/09/03 13:24:02 WARN config sections directory not found, using defaults path=/var/folders/kt/nq2q81cn4gx3y41r7x47ggmr0000gn/T/TestHostCheckAllowsLoopbackHostsOnPost2254115261/001/.moai/config/sections
2026/09/03 13:24:02 WARN config sections directory not found, using defaults path=/var/folders/kt/nq2q81cn4gx3y41r7x47ggmr0000gn/T/TestHostCheckAllowsLoopbackHostsOnPost2254115261/001/.moai/config/sections
2026/09/03 13:24:02 WARN config sections directory not found, using defaults path=/var/folders/kt/nq2q81cn4gx3y41r7x47ggmr0000gn/T/TestHostCheckAllowsLoopbackHostsOnPost2254115261/001/.moai/config/sections
2026/09/03 13:24:02 WARN config sections directory not found, using defaults path=/var/folders/kt/nq2q81cn4gx3y41r7x47ggmr0000gn/T/TestHostCheckAllowsLoopbackHostsOnPost2254115261/001/.moai/config/sections
2026/09/03 13:24:02 WARN config sections directory not found, using defaults path=/var/folders/kt/nq2q81cn4gx3y41r7x47ggmr0000gn/T/TestHostCheckAllowsLoopbackHostsOnPost2254115261/001/.moai/config/sections
2026/09/03 13:24:02 WARN config sections directory not found, using defaults path=/var/folders/kt/nq2q81cn4gx3y41r7x47ggmr0000gn/T/TestHostCheckAllowsLoopbackHostsOnPost2254115261/001/.moai/config/sections
2026/09/03 13:24:02 WARN config sections directory not found, using defaults path=/var/folders/kt/nq2q81cn4gx3y41r7x47ggmr0000gn/T/TestHostCheckAllowsLoopbackHostsOnPost2254115261/001/.moai/config/sections
2026/09/03 13:24:02 WARN config sections directory not found, using defaults path=/var/folders/kt/nq2q81cn4gx3y41r7x47ggmr0000gn/T/TestHostCheckAllowsLoopbackHostsOnPost2254115261/001/.moai/config/sections
2026/09/03 13:24:02 WARN config sections directory not found, using defaults path=/var/folders/kt/nq2q81cn4gx3y41r7x47ggmr0000gn/T/TestHostCheckAllowsLoopbackHostsOnPost2254115261/001/.moai/config/sections
2026/09/03 13:24:02 WARN config sections directory not found, using defaults path=/var/folders/kt/nq2q81cn4gx3y41r7x47ggmr0000gn/T/TestHostCheckAllowsLoopbackHostsOnPost2254115261/001/.moai/config/sections
2026/09/03 13:24:02 WARN config sections directory not found, using defaults path=/var/folders/kt/nq2q81cn4gx3y41r7x47ggmr0000gn/T/TestHostCheckAllowsLoopbackHostsOnPost2254115261/001/.moai/config/sections
2026/09/03 13:24:02 WARN config sections directory not found, using defaults path=/var/folders/kt/nq2q81cn4gx3y41r7x47ggmr0000gn/T/TestHostCheckAllowsLoopbackHostsOnPost2254115261/001/.moai/config/sections
2026/09/03 13:24:02 WARN config sections directory not found, using defaults path=/var/folders/kt/nq2q81cn4gx3y41r7x47ggmr0000gn/T/TestHostCheckAllowsLoopbackHostsOnPost2254115261/001/.moai/config/sections
2026/09/03 13:24:02 WARN config sections directory not found, using defaults path=/var/folders/kt/nq2q81cn4gx3y41r7x47ggmr0000gn/T/TestHostCheckAllowsLoopbackHostsOnPost2254115261/001/.moai/config/sections
2026/09/03 13:24:02 WARN config sections directory not found, using defaults path=/var/folders/kt/nq2q81cn4gx3y41r7x47ggmr0000gn/T/TestHostCheckAllowsLoopbackHostsOnPost2254115261/001/.moai/config/sections
2026/09/03 13:24:02 WARN config sections directory not found, using defaults path=/var/folders/kt/nq2q81cn4gx3y41r7x47ggmr0000gn/T/TestHostCheckAllowsLoopbackHostsOnPost2254115261/001/.moai/config/sections
2026/09/03 13:24:02 WARN config sections directory not found, using defaults path=/var/folders/kt/nq2q81cn4gx3y41r7x47ggmr0000gn/T/TestHostCheckAllowsLoopbackHostsOnPost2254115261/001/.moai/config/sections
2026/09/03 13:24:02 WARN config sections directory not found, using defaults path=/var/folders/kt/nq2q81cn4gx3y41r7x47ggmr0000gn/T/TestHostCheckAllowsLoopbackHostsOnPost2254115261/001/.moai/config/sections
2026/09/03 13:24:02 WARN config sections directory not found, using defaults path=/var/folders/kt/nq2q81cn4gx3y41r7x47ggmr0000gn/T/TestHostCheckDoesNotGateGet1075378913/001/.moai/config/sections
2026/09/03 13:24:02 WARN config sections directory not found, using defaults path=/var/folders/kt/nq2q81cn4gx3y41r7x47ggmr0000gn/T/TestHostCheckDoesNotGateGet1075378913/001/.moai/config/sections
2026/09/03 13:24:02 WARN config sections directory not found, using defaults path=/var/folders/kt/nq2q81cn4gx3y41r7x47ggmr0000gn/T/TestHostCheckDoesNotGateGet1075378913/001/.moai/config/sections
2026/09/03 13:24:02 WARN config sections directory not found, using defaults path=/var/folders/kt/nq2q81cn4gx3y41r7x47ggmr0000gn/T/TestHtmxLinkedBeforeAppJS1877140948/001/.moai/config/sections
2026/09/03 13:24:02 WARN config sections directory not found, using defaults path=/var/folders/kt/nq2q81cn4gx3y41r7x47ggmr0000gn/T/TestHtmxLinkedBeforeAppJS1877140948/001/.moai/config/sections
2026/09/03 13:24:02 WARN config sections directory not found, using defaults path=/var/folders/kt/nq2q81cn4gx3y41r7x47ggmr0000gn/T/TestHtmxLinkedBeforeAppJS1877140948/001/.moai/config/sections
2026/09/03 13:24:02 WARN config sections directory not found, using defaults path=/var/folders/kt/nq2q81cn4gx3y41r7x47ggmr0000gn/T/TestHtmxFoundationNoPartialSwap4026740673/001/.moai/config/sections
2026/09/03 13:24:02 WARN config sections directory not found, using defaults path=/var/folders/kt/nq2q81cn4gx3y41r7x47ggmr0000gn/T/TestHtmxFoundationNoPartialSwap4026740673/001/.moai/config/sections
2026/09/03 13:24:02 WARN config sections directory not found, using defaults path=/var/folders/kt/nq2q81cn4gx3y41r7x47ggmr0000gn/T/TestHtmxFoundationNoPartialSwap4026740673/001/.moai/config/sections
2026/09/03 13:24:02 WARN config sections directory not found, using defaults path=/var/folders/kt/nq2q81cn4gx3y41r7x47ggmr0000gn/T/TestHtmxOfflineZeroNetwork2249571092/001/.moai/config/sections
2026/09/03 13:24:02 WARN config sections directory not found, using defaults path=/var/folders/kt/nq2q81cn4gx3y41r7x47ggmr0000gn/T/TestHtmxOfflineZeroNetwork2249571092/001/.moai/config/sections
2026/09/03 13:24:02 WARN config sections directory not found, using defaults path=/var/folders/kt/nq2q81cn4gx3y41r7x47ggmr0000gn/T/TestHtmxOfflineZeroNetwork2249571092/001/.moai/config/sections
2026/09/03 13:24:03 WARN config sections directory not found, using defaults path=/var/folders/kt/nq2q81cn4gx3y41r7x47ggmr0000gn/T/TestI18nDictionaryEmbedded3321946277/002/.moai/config/sections
2026/09/03 13:24:03 WARN config sections directory not found, using defaults path=/var/folders/kt/nq2q81cn4gx3y41r7x47ggmr0000gn/T/TestI18nDictionaryEmbedded3321946277/002/.moai/config/sections
2026/09/03 13:24:03 WARN config sections directory not found, using defaults path=/var/folders/kt/nq2q81cn4gx3y41r7x47ggmr0000gn/T/TestI18nDictionaryEmbedded3321946277/002/.moai/config/sections
2026/09/03 13:24:03 WARN config sections directory not found, using defaults path=/var/folders/kt/nq2q81cn4gx3y41r7x47ggmr0000gn/T/TestDataI18nWiring4010548845/001/.moai/config/sections
2026/09/03 13:24:03 WARN config sections directory not found, using defaults path=/var/folders/kt/nq2q81cn4gx3y41r7x47ggmr0000gn/T/TestDataI18nWiring4010548845/001/.moai/config/sections
2026/09/03 13:24:03 WARN config sections directory not found, using defaults path=/var/folders/kt/nq2q81cn4gx3y41r7x47ggmr0000gn/T/TestDataI18nWiring4010548845/001/.moai/config/sections
2026/09/03 13:24:03 WARN config sections directory not found, using defaults path=/var/folders/kt/nq2q81cn4gx3y41r7x47ggmr0000gn/T/TestDataI18nKeysSubsetOfDictionary3224650123/001/.moai/config/sections
2026/09/03 13:24:03 WARN config sections directory not found, using defaults path=/var/folders/kt/nq2q81cn4gx3y41r7x47ggmr0000gn/T/TestDataI18nKeysSubsetOfDictionary3224650123/001/.moai/config/sections
2026/09/03 13:24:03 WARN config sections directory not found, using defaults path=/var/folders/kt/nq2q81cn4gx3y41r7x47ggmr0000gn/T/TestDataI18nKeysSubsetOfDictionary3224650123/001/.moai/config/sections
2026/09/03 13:24:03 WARN config sections directory not found, using defaults path=/var/folders/kt/nq2q81cn4gx3y41r7x47ggmr0000gn/T/TestNoReviewKeys62376307/001/.moai/config/sections
2026/09/03 13:24:03 WARN config sections directory not found, using defaults path=/var/folders/kt/nq2q81cn4gx3y41r7x47ggmr0000gn/T/TestNoReviewKeys62376307/001/.moai/config/sections
2026/09/03 13:24:03 WARN config sections directory not found, using defaults path=/var/folders/kt/nq2q81cn4gx3y41r7x47ggmr0000gn/T/TestNoReviewKeys62376307/001/.moai/config/sections
2026/09/03 13:24:03 WARN config sections directory not found, using defaults path=/var/folders/kt/nq2q81cn4gx3y41r7x47ggmr0000gn/T/TestLangpickRendered2098706288/001/.moai/config/sections
2026/09/03 13:24:03 WARN config sections directory not found, using defaults path=/var/folders/kt/nq2q81cn4gx3y41r7x47ggmr0000gn/T/TestLangpickRendered2098706288/001/.moai/config/sections
2026/09/03 13:24:03 WARN config sections directory not found, using defaults path=/var/folders/kt/nq2q81cn4gx3y41r7x47ggmr0000gn/T/TestLangpickRendered2098706288/001/.moai/config/sections
2026/09/03 13:24:03 WARN config sections directory not found, using defaults path=/var/folders/kt/nq2q81cn4gx3y41r7x47ggmr0000gn/T/TestLangpickNotFormField4179169953/001/.moai/config/sections
2026/09/03 13:24:03 WARN config sections directory not found, using defaults path=/var/folders/kt/nq2q81cn4gx3y41r7x47ggmr0000gn/T/TestLangpickNotFormField4179169953/001/.moai/config/sections
2026/09/03 13:24:03 WARN config sections directory not found, using defaults path=/var/folders/kt/nq2q81cn4gx3y41r7x47ggmr0000gn/T/TestLangpickNotFormField4179169953/001/.moai/config/sections
2026/09/03 13:24:03 WARN config sections directory not found, using defaults path=/var/folders/kt/nq2q81cn4gx3y41r7x47ggmr0000gn/T/TestI18nLoadDefault4081045870/001/.moai/config/sections
2026/09/03 13:24:03 WARN config sections directory not found, using defaults path=/var/folders/kt/nq2q81cn4gx3y41r7x47ggmr0000gn/T/TestI18nLoadDefault4081045870/001/.moai/config/sections
2026/09/03 13:24:03 WARN config sections directory not found, using defaults path=/var/folders/kt/nq2q81cn4gx3y41r7x47ggmr0000gn/T/TestI18nLoadDefault4081045870/001/.moai/config/sections
2026/09/03 13:24:03 WARN config sections directory not found, using defaults path=/var/folders/kt/nq2q81cn4gx3y41r7x47ggmr0000gn/T/TestServerContractPreserved919795731/001/.moai/config/sections
2026/09/03 13:24:03 WARN config sections directory not found, using defaults path=/var/folders/kt/nq2q81cn4gx3y41r7x47ggmr0000gn/T/TestServerContractPreserved919795731/001/.moai/config/sections
2026/09/03 13:24:03 WARN config sections directory not found, using defaults path=/var/folders/kt/nq2q81cn4gx3y41r7x47ggmr0000gn/T/TestServerContractPreserved919795731/001/.moai/config/sections
2026/09/03 13:24:03 WARN config sections directory not found, using defaults path=/var/folders/kt/nq2q81cn4gx3y41r7x47ggmr0000gn/T/TestServerContractPreserved919795731/002/.moai/config/sections
2026/09/03 13:24:03 WARN config sections directory not found, using defaults path=/var/folders/kt/nq2q81cn4gx3y41r7x47ggmr0000gn/T/TestServerContractPreserved919795731/002/.moai/config/sections
2026/09/03 13:24:03 WARN config sections directory not found, using defaults path=/var/folders/kt/nq2q81cn4gx3y41r7x47ggmr0000gn/T/TestServerContractPreserved919795731/002/.moai/config/sections
2026/09/03 13:24:03 WARN config sections directory not found, using defaults path=/var/folders/kt/nq2q81cn4gx3y41r7x47ggmr0000gn/T/TestGitStrategySectionIDNotATab3413144967/001/.moai/config/sections
2026/09/03 13:24:03 WARN config sections directory not found, using defaults path=/var/folders/kt/nq2q81cn4gx3y41r7x47ggmr0000gn/T/TestGitStrategySectionIDNotATab3413144967/001/.moai/config/sections
2026/09/03 13:24:03 WARN config sections directory not found, using defaults path=/var/folders/kt/nq2q81cn4gx3y41r7x47ggmr0000gn/T/TestGitStrategySectionIDNotATab3413144967/001/.moai/config/sections
2026/09/03 13:24:03 WARN config sections directory not found, using defaults path=/var/folders/kt/nq2q81cn4gx3y41r7x47ggmr0000gn/T/TestM4QualityExtrasToggleOnLaunch2861421763/001/.moai/config/sections
2026/09/03 13:24:03 WARN config sections directory not found, using defaults path=/var/folders/kt/nq2q81cn4gx3y41r7x47ggmr0000gn/T/TestM4QualityExtrasToggleOnLaunch2861421763/001/.moai/config/sections
2026/09/03 13:24:03 WARN config sections directory not found, using defaults path=/var/folders/kt/nq2q81cn4gx3y41r7x47ggmr0000gn/T/TestM4QualityExtrasToggleOnLaunch2861421763/001/.moai/config/sections
2026/09/03 13:24:03 WARN config sections directory not found, using defaults path=/var/folders/kt/nq2q81cn4gx3y41r7x47ggmr0000gn/T/TestM5AgentFMRenderBadgeAndSelects198913358/001/.moai/config/sections
2026/09/03 13:24:03 WARN config sections directory not found, using defaults path=/var/folders/kt/nq2q81cn4gx3y41r7x47ggmr0000gn/T/TestM5AgentFMRenderBadgeAndSelects198913358/001/.moai/config/sections
2026/09/03 13:24:03 WARN config sections directory not found, using defaults path=/var/folders/kt/nq2q81cn4gx3y41r7x47ggmr0000gn/T/TestM5AgentFMRenderBadgeAndSelects198913358/001/.moai/config/sections
2026/09/03 13:24:03 WARN config sections directory not found, using defaults path=/var/folders/kt/nq2q81cn4gx3y41r7x47ggmr0000gn/T/TestM5bD1_AtomicSave_AllPanelsInDOM970786310/001/.moai/config/sections
2026/09/03 13:24:03 WARN config sections directory not found, using defaults path=/var/folders/kt/nq2q81cn4gx3y41r7x47ggmr0000gn/T/TestM5bD1_AtomicSave_AllPanelsInDOM970786310/001/.moai/config/sections
2026/09/03 13:24:03 WARN config sections directory not found, using defaults path=/var/folders/kt/nq2q81cn4gx3y41r7x47ggmr0000gn/T/TestM5bD1_AtomicSave_AllPanelsInDOM970786310/001/.moai/config/sections
2026/09/03 13:24:03 WARN config sections directory not found, using defaults path=/var/folders/kt/nq2q81cn4gx3y41r7x47ggmr0000gn/T/TestM5bD3D4_NoCodeChipDataI18n1361717349/001/.moai/config/sections
2026/09/03 13:24:03 WARN config sections directory not found, using defaults path=/var/folders/kt/nq2q81cn4gx3y41r7x47ggmr0000gn/T/TestM5bD3D4_NoCodeChipDataI18n1361717349/001/.moai/config/sections
2026/09/03 13:24:03 WARN config sections directory not found, using defaults path=/var/folders/kt/nq2q81cn4gx3y41r7x47ggmr0000gn/T/TestM5bD3D4_NoCodeChipDataI18n1361717349/001/.moai/config/sections
2026/09/03 13:24:03 WARN config sections directory not found, using defaults path=/var/folders/kt/nq2q81cn4gx3y41r7x47ggmr0000gn/T/TestRailBrandIsInlineMark2644955320/001/.moai/config/sections
2026/09/03 13:24:03 WARN config sections directory not found, using defaults path=/var/folders/kt/nq2q81cn4gx3y41r7x47ggmr0000gn/T/TestRailBrandIsInlineMark2644955320/001/.moai/config/sections
2026/09/03 13:24:03 WARN config sections directory not found, using defaults path=/var/folders/kt/nq2q81cn4gx3y41r7x47ggmr0000gn/T/TestRailBrandIsInlineMark2644955320/001/.moai/config/sections
2026/09/03 13:24:03 WARN config sections directory not found, using defaults path=/var/folders/kt/nq2q81cn4gx3y41r7x47ggmr0000gn/T/TestAC_C_006_ProbeStateDisplayed3945706203/001/.moai/config/sections
2026/09/03 13:24:03 WARN config sections directory not found, using defaults path=/var/folders/kt/nq2q81cn4gx3y41r7x47ggmr0000gn/T/TestAC_C_006_ProbeStateDisplayed3945706203/001/.moai/config/sections
2026/09/03 13:24:03 WARN config sections directory not found, using defaults path=/var/folders/kt/nq2q81cn4gx3y41r7x47ggmr0000gn/T/TestAC_C_006_ProbeStateDisplayed3945706203/001/.moai/config/sections
2026/09/03 13:24:03 WARN config sections directory not found, using defaults path=/var/folders/kt/nq2q81cn4gx3y41r7x47ggmr0000gn/T/TestAC_C_007_UnauthenticatedNamesCommand2532670970/001/.moai/config/sections
2026/09/03 13:24:03 WARN config sections directory not found, using defaults path=/var/folders/kt/nq2q81cn4gx3y41r7x47ggmr0000gn/T/TestAC_C_007_UnauthenticatedNamesCommand2532670970/001/.moai/config/sections
2026/09/03 13:24:03 WARN config sections directory not found, using defaults path=/var/folders/kt/nq2q81cn4gx3y41r7x47ggmr0000gn/T/TestAC_C_007_UnauthenticatedNamesCommand2532670970/001/.moai/config/sections
2026/09/03 13:24:03 WARN config sections directory not found, using defaults path=/var/folders/kt/nq2q81cn4gx3y41r7x47ggmr0000gn/T/TestAC_C_008_CodexAbsentGraceful2067860708/001/.moai/config/sections
2026/09/03 13:24:03 WARN config sections directory not found, using defaults path=/var/folders/kt/nq2q81cn4gx3y41r7x47ggmr0000gn/T/TestAC_C_008_CodexAbsentGraceful2067860708/001/.moai/config/sections
2026/09/03 13:24:03 WARN config sections directory not found, using defaults path=/var/folders/kt/nq2q81cn4gx3y41r7x47ggmr0000gn/T/TestAC_C_008_CodexAbsentGraceful2067860708/001/.moai/config/sections
2026/09/03 13:24:03 WARN config sections directory not found, using defaults path=/var/folders/kt/nq2q81cn4gx3y41r7x47ggmr0000gn/T/TestMCPConsoleRendersAllTools2224698284/001/.moai/config/sections
2026/09/03 13:24:03 WARN config sections directory not found, using defaults path=/var/folders/kt/nq2q81cn4gx3y41r7x47ggmr0000gn/T/TestMCPConsoleRendersAllTools2224698284/001/.moai/config/sections
2026/09/03 13:24:03 WARN config sections directory not found, using defaults path=/var/folders/kt/nq2q81cn4gx3y41r7x47ggmr0000gn/T/TestMCPConsoleRendersAllTools2224698284/001/.moai/config/sections
2026/09/03 13:24:03 WARN config sections directory not found, using defaults path=/var/folders/kt/nq2q81cn4gx3y41r7x47ggmr0000gn/T/TestMCPConsoleToolCountMatchesCatalog2726875534/001/.moai/config/sections
2026/09/03 13:24:03 WARN config sections directory not found, using defaults path=/var/folders/kt/nq2q81cn4gx3y41r7x47ggmr0000gn/T/TestMCPConsoleToolCountMatchesCatalog2726875534/001/.moai/config/sections
2026/09/03 13:24:03 WARN config sections directory not found, using defaults path=/var/folders/kt/nq2q81cn4gx3y41r7x47ggmr0000gn/T/TestMCPConsoleToolCountMatchesCatalog2726875534/001/.moai/config/sections
2026/09/03 13:24:03 WARN config sections directory not found, using defaults path=/var/folders/kt/nq2q81cn4gx3y41r7x47ggmr0000gn/T/TestMCPConsoleWriteCapableTextDistinction933910189/001/.moai/config/sections
2026/09/03 13:24:03 WARN config sections directory not found, using defaults path=/var/folders/kt/nq2q81cn4gx3y41r7x47ggmr0000gn/T/TestMCPConsoleWriteCapableTextDistinction933910189/001/.moai/config/sections
2026/09/03 13:24:03 WARN config sections directory not found, using defaults path=/var/folders/kt/nq2q81cn4gx3y41r7x47ggmr0000gn/T/TestMCPConsoleWriteCapableTextDistinction933910189/001/.moai/config/sections
2026/09/03 13:24:03 WARN config sections directory not found, using defaults path=/var/folders/kt/nq2q81cn4gx3y41r7x47ggmr0000gn/T/TestAC_C_010_GLMKeyStateRenderedViaRoute4034044146/001/.moai/config/sections
2026/09/03 13:24:03 WARN config sections directory not found, using defaults path=/var/folders/kt/nq2q81cn4gx3y41r7x47ggmr0000gn/T/TestAC_C_010_GLMKeyStateRenderedViaRoute4034044146/001/.moai/config/sections
2026/09/03 13:24:03 WARN config sections directory not found, using defaults path=/var/folders/kt/nq2q81cn4gx3y41r7x47ggmr0000gn/T/TestAC_C_010_GLMKeyStateRenderedViaRoute4034044146/001/.moai/config/sections
2026/09/03 13:24:03 WARN config sections directory not found, using defaults path=/var/folders/kt/nq2q81cn4gx3y41r7x47ggmr0000gn/T/TestMXRawViewRendered1681789840/001/.moai/config/sections
2026/09/03 13:24:03 WARN config sections directory not found, using defaults path=/var/folders/kt/nq2q81cn4gx3y41r7x47ggmr0000gn/T/TestMXRawViewRendered1681789840/001/.moai/config/sections
2026/09/03 13:24:03 WARN config sections directory not found, using defaults path=/var/folders/kt/nq2q81cn4gx3y41r7x47ggmr0000gn/T/TestMXRawViewRendered1681789840/001/.moai/config/sections
2026/09/03 13:24:03 WARN config sections directory not found, using defaults path=/var/folders/kt/nq2q81cn4gx3y41r7x47ggmr0000gn/T/TestEveryOptionDescRendersOnConsolePage2167782388/001/.moai/config/sections
2026/09/03 13:24:03 WARN config sections directory not found, using defaults path=/var/folders/kt/nq2q81cn4gx3y41r7x47ggmr0000gn/T/TestEveryOptionDescRendersOnConsolePage2167782388/001/.moai/config/sections
2026/09/03 13:24:03 WARN config sections directory not found, using defaults path=/var/folders/kt/nq2q81cn4gx3y41r7x47ggmr0000gn/T/TestEveryOptionDescRendersOnConsolePage2167782388/001/.moai/config/sections
2026/09/03 13:24:03 WARN config sections directory not found, using defaults path=/var/folders/kt/nq2q81cn4gx3y41r7x47ggmr0000gn/T/TestProfileManagerCardAbsent893162955/001/.moai/config/sections
2026/09/03 13:24:03 WARN config sections directory not found, using defaults path=/var/folders/kt/nq2q81cn4gx3y41r7x47ggmr0000gn/T/TestProfileManagerCardAbsent893162955/001/.moai/config/sections
2026/09/03 13:24:03 WARN config sections directory not found, using defaults path=/var/folders/kt/nq2q81cn4gx3y41r7x47ggmr0000gn/T/TestProfileManagerCardAbsent893162955/001/.moai/config/sections
2026/09/03 13:24:03 WARN config sections directory not found, using defaults path=/var/folders/kt/nq2q81cn4gx3y41r7x47ggmr0000gn/T/TestProfileFormsNotNested4039558847/001/.moai/config/sections
2026/09/03 13:24:03 WARN config sections directory not found, using defaults path=/var/folders/kt/nq2q81cn4gx3y41r7x47ggmr0000gn/T/TestProfileFormsNotNested4039558847/001/.moai/config/sections
2026/09/03 13:24:03 WARN config sections directory not found, using defaults path=/var/folders/kt/nq2q81cn4gx3y41r7x47ggmr0000gn/T/TestProfileFormsNotNested4039558847/001/.moai/config/sections
2026/09/03 13:24:03 WARN config sections directory not found, using defaults path=/var/folders/kt/nq2q81cn4gx3y41r7x47ggmr0000gn/T/TestProfileRenameok3125821455/001/.moai/config/sections
2026/09/03 13:24:03 WARN config sections directory not found, using defaults path=/var/folders/kt/nq2q81cn4gx3y41r7x47ggmr0000gn/T/TestProfileRenameok3125821455/001/.moai/config/sections
2026/09/03 13:24:03 WARN config sections directory not found, using defaults path=/var/folders/kt/nq2q81cn4gx3y41r7x47ggmr0000gn/T/TestProfileRenameok3125821455/001/.moai/config/sections
2026/09/03 13:24:03 WARN config sections directory not found, using defaults path=/var/folders/kt/nq2q81cn4gx3y41r7x47ggmr0000gn/T/TestProfileRenamedefault_refused1710229147/001/.moai/config/sections
2026/09/03 13:24:03 WARN config sections directory not found, using defaults path=/var/folders/kt/nq2q81cn4gx3y41r7x47ggmr0000gn/T/TestProfileRenamedefault_refused1710229147/001/.moai/config/sections
2026/09/03 13:24:03 WARN config sections directory not found, using defaults path=/var/folders/kt/nq2q81cn4gx3y41r7x47ggmr0000gn/T/TestProfileRenamedefault_refused1710229147/001/.moai/config/sections
2026/09/03 13:24:03 WARN config sections directory not found, using defaults path=/var/folders/kt/nq2q81cn4gx3y41r7x47ggmr0000gn/T/TestProfileRenamecurrent_refused1142325200/001/.moai/config/sections
2026/09/03 13:24:03 WARN config sections directory not found, using defaults path=/var/folders/kt/nq2q81cn4gx3y41r7x47ggmr0000gn/T/TestProfileRenamecurrent_refused1142325200/001/.moai/config/sections
2026/09/03 13:24:03 WARN config sections directory not found, using defaults path=/var/folders/kt/nq2q81cn4gx3y41r7x47ggmr0000gn/T/TestProfileRenamecurrent_refused1142325200/001/.moai/config/sections
2026/09/03 13:24:03 WARN config sections directory not found, using defaults path=/var/folders/kt/nq2q81cn4gx3y41r7x47ggmr0000gn/T/TestProfileRenameconflict_refused3856229694/001/.moai/config/sections
2026/09/03 13:24:03 WARN config sections directory not found, using defaults path=/var/folders/kt/nq2q81cn4gx3y41r7x47ggmr0000gn/T/TestProfileRenameconflict_refused3856229694/001/.moai/config/sections
2026/09/03 13:24:03 WARN config sections directory not found, using defaults path=/var/folders/kt/nq2q81cn4gx3y41r7x47ggmr0000gn/T/TestProfileRenameconflict_refused3856229694/001/.moai/config/sections
2026/09/03 13:24:03 WARN config sections directory not found, using defaults path=/var/folders/kt/nq2q81cn4gx3y41r7x47ggmr0000gn/T/TestProfileRenametraversal_refused1106929046/001/.moai/config/sections
2026/09/03 13:24:03 WARN config sections directory not found, using defaults path=/var/folders/kt/nq2q81cn4gx3y41r7x47ggmr0000gn/T/TestProfileRenametraversal_refused1106929046/001/.moai/config/sections
2026/09/03 13:24:03 WARN config sections directory not found, using defaults path=/var/folders/kt/nq2q81cn4gx3y41r7x47ggmr0000gn/T/TestProfileRenametraversal_refused1106929046/001/.moai/config/sections
2026/09/03 13:24:03 WARN config sections directory not found, using defaults path=/var/folders/kt/nq2q81cn4gx3y41r7x47ggmr0000gn/T/TestProfileRenametraversal_in_source_refused1140130266/001/.moai/config/sections
2026/09/03 13:24:03 WARN config sections directory not found, using defaults path=/var/folders/kt/nq2q81cn4gx3y41r7x47ggmr0000gn/T/TestProfileRenametraversal_in_source_refused1140130266/001/.moai/config/sections
2026/09/03 13:24:03 WARN config sections directory not found, using defaults path=/var/folders/kt/nq2q81cn4gx3y41r7x47ggmr0000gn/T/TestProfileRenametraversal_in_source_refused1140130266/001/.moai/config/sections
2026/09/03 13:24:03 WARN config sections directory not found, using defaults path=/var/folders/kt/nq2q81cn4gx3y41r7x47ggmr0000gn/T/TestProfileRenamemissing_source_refused3122678473/001/.moai/config/sections
2026/09/03 13:24:03 WARN config sections directory not found, using defaults path=/var/folders/kt/nq2q81cn4gx3y41r7x47ggmr0000gn/T/TestProfileRenamemissing_source_refused3122678473/001/.moai/config/sections
2026/09/03 13:24:03 WARN config sections directory not found, using defaults path=/var/folders/kt/nq2q81cn4gx3y41r7x47ggmr0000gn/T/TestProfileRenamemissing_source_refused3122678473/001/.moai/config/sections
2026/09/03 13:24:03 WARN config sections directory not found, using defaults path=/var/folders/kt/nq2q81cn4gx3y41r7x47ggmr0000gn/T/TestProfileBarMarksCurrentAndSelected2496951539/001/.moai/config/sections
2026/09/03 13:24:03 WARN config sections directory not found, using defaults path=/var/folders/kt/nq2q81cn4gx3y41r7x47ggmr0000gn/T/TestProfileBarMarksCurrentAndSelected2496951539/001/.moai/config/sections
2026/09/03 13:24:03 WARN config sections directory not found, using defaults path=/var/folders/kt/nq2q81cn4gx3y41r7x47ggmr0000gn/T/TestProfileBarMarksCurrentAndSelected2496951539/001/.moai/config/sections
2026/09/03 13:24:03 WARN config sections directory not found, using defaults path=/var/folders/kt/nq2q81cn4gx3y41r7x47ggmr0000gn/T/TestProfileCRUDFlow4034286037/002/.moai/config/sections
2026/09/03 13:24:03 WARN config sections directory not found, using defaults path=/var/folders/kt/nq2q81cn4gx3y41r7x47ggmr0000gn/T/TestProfileCRUDFlow4034286037/002/.moai/config/sections
2026/09/03 13:24:03 WARN config sections directory not found, using defaults path=/var/folders/kt/nq2q81cn4gx3y41r7x47ggmr0000gn/T/TestProfileCRUDFlow4034286037/002/.moai/config/sections
2026/09/03 13:24:03 WARN config sections directory not found, using defaults path=/var/folders/kt/nq2q81cn4gx3y41r7x47ggmr0000gn/T/TestProfileCRUDFlow4034286037/002/.moai/config/sections
2026/09/03 13:24:03 WARN config sections directory not found, using defaults path=/var/folders/kt/nq2q81cn4gx3y41r7x47ggmr0000gn/T/TestProfileCRUDFlow4034286037/002/.moai/config/sections
2026/09/03 13:24:03 WARN config sections directory not found, using defaults path=/var/folders/kt/nq2q81cn4gx3y41r7x47ggmr0000gn/T/TestProfileCRUDFlow4034286037/002/.moai/config/sections
2026/09/03 13:24:03 WARN config sections directory not found, using defaults path=/var/folders/kt/nq2q81cn4gx3y41r7x47ggmr0000gn/T/TestProfileCRUDFlow4034286037/002/.moai/config/sections
2026/09/03 13:24:03 WARN config sections directory not found, using defaults path=/var/folders/kt/nq2q81cn4gx3y41r7x47ggmr0000gn/T/TestProfileCRUDFlow4034286037/002/.moai/config/sections
2026/09/03 13:24:03 WARN config sections directory not found, using defaults path=/var/folders/kt/nq2q81cn4gx3y41r7x47ggmr0000gn/T/TestProfileCRUDFlow4034286037/002/.moai/config/sections
Deleted profile: work
2026/09/03 13:24:03 WARN config sections directory not found, using defaults path=/var/folders/kt/nq2q81cn4gx3y41r7x47ggmr0000gn/T/TestProfileCRUDFlow4034286037/002/.moai/config/sections
2026/09/03 13:24:03 WARN config sections directory not found, using defaults path=/var/folders/kt/nq2q81cn4gx3y41r7x47ggmr0000gn/T/TestProfileCRUDFlow4034286037/002/.moai/config/sections
2026/09/03 13:24:03 WARN config sections directory not found, using defaults path=/var/folders/kt/nq2q81cn4gx3y41r7x47ggmr0000gn/T/TestProfileCRUDFlow4034286037/002/.moai/config/sections
2026/09/03 13:24:03 WARN config sections directory not found, using defaults path=/var/folders/kt/nq2q81cn4gx3y41r7x47ggmr0000gn/T/TestProfileDeleteGuards330119947/002/.moai/config/sections
2026/09/03 13:24:03 WARN config sections directory not found, using defaults path=/var/folders/kt/nq2q81cn4gx3y41r7x47ggmr0000gn/T/TestProfileDeleteGuards330119947/002/.moai/config/sections
2026/09/03 13:24:03 WARN config sections directory not found, using defaults path=/var/folders/kt/nq2q81cn4gx3y41r7x47ggmr0000gn/T/TestProfileDeleteGuards330119947/002/.moai/config/sections
2026/09/03 13:24:03 WARN config sections directory not found, using defaults path=/var/folders/kt/nq2q81cn4gx3y41r7x47ggmr0000gn/T/TestProfileDeleteGuards330119947/002/.moai/config/sections
2026/09/03 13:24:03 WARN config sections directory not found, using defaults path=/var/folders/kt/nq2q81cn4gx3y41r7x47ggmr0000gn/T/TestProfileDeleteGuards330119947/002/.moai/config/sections
2026/09/03 13:24:03 WARN config sections directory not found, using defaults path=/var/folders/kt/nq2q81cn4gx3y41r7x47ggmr0000gn/T/TestProfileDeleteGuards330119947/002/.moai/config/sections
2026/09/03 13:24:03 WARN config sections directory not found, using defaults path=/var/folders/kt/nq2q81cn4gx3y41r7x47ggmr0000gn/T/TestProfileCreateInvalidName4129071516/002/.moai/config/sections
2026/09/03 13:24:03 WARN config sections directory not found, using defaults path=/var/folders/kt/nq2q81cn4gx3y41r7x47ggmr0000gn/T/TestProfileCreateInvalidName4129071516/002/.moai/config/sections
2026/09/03 13:24:03 WARN config sections directory not found, using defaults path=/var/folders/kt/nq2q81cn4gx3y41r7x47ggmr0000gn/T/TestProfileCreateInvalidName4129071516/002/.moai/config/sections
2026/09/03 13:24:03 WARN config sections directory not found, using defaults path=/var/folders/kt/nq2q81cn4gx3y41r7x47ggmr0000gn/T/TestProfileCreateInvalidName4129071516/002/.moai/config/sections
2026/09/03 13:24:03 WARN config sections directory not found, using defaults path=/var/folders/kt/nq2q81cn4gx3y41r7x47ggmr0000gn/T/TestProfileCreateInvalidName4129071516/002/.moai/config/sections
2026/09/03 13:24:03 WARN config sections directory not found, using defaults path=/var/folders/kt/nq2q81cn4gx3y41r7x47ggmr0000gn/T/TestProfileCreateInvalidName4129071516/002/.moai/config/sections
2026/09/03 13:24:03 WARN config sections directory not found, using defaults path=/var/folders/kt/nq2q81cn4gx3y41r7x47ggmr0000gn/T/TestProfileCreateInvalidName4129071516/002/.moai/config/sections
2026/09/03 13:24:03 WARN config sections directory not found, using defaults path=/var/folders/kt/nq2q81cn4gx3y41r7x47ggmr0000gn/T/TestProfileCreateInvalidName4129071516/002/.moai/config/sections
2026/09/03 13:24:03 WARN config sections directory not found, using defaults path=/var/folders/kt/nq2q81cn4gx3y41r7x47ggmr0000gn/T/TestProfileCreateInvalidName4129071516/002/.moai/config/sections
2026/09/03 13:24:03 WARN config sections directory not found, using defaults path=/var/folders/kt/nq2q81cn4gx3y41r7x47ggmr0000gn/T/TestProfileCreateInvalidName4129071516/002/.moai/config/sections
2026/09/03 13:24:03 WARN config sections directory not found, using defaults path=/var/folders/kt/nq2q81cn4gx3y41r7x47ggmr0000gn/T/TestProfileCreateInvalidName4129071516/002/.moai/config/sections
2026/09/03 13:24:03 WARN config sections directory not found, using defaults path=/var/folders/kt/nq2q81cn4gx3y41r7x47ggmr0000gn/T/TestProfileCreateInvalidName4129071516/002/.moai/config/sections
2026/09/03 13:24:03 WARN config sections directory not found, using defaults path=/var/folders/kt/nq2q81cn4gx3y41r7x47ggmr0000gn/T/TestProfileCreateInvalidName4129071516/002/.moai/config/sections
2026/09/03 13:24:03 WARN config sections directory not found, using defaults path=/var/folders/kt/nq2q81cn4gx3y41r7x47ggmr0000gn/T/TestProfileCreateInvalidName4129071516/002/.moai/config/sections
2026/09/03 13:24:03 WARN config sections directory not found, using defaults path=/var/folders/kt/nq2q81cn4gx3y41r7x47ggmr0000gn/T/TestProfileCreateInvalidName4129071516/002/.moai/config/sections
2026/09/03 13:24:03 WARN config sections directory not found, using defaults path=/var/folders/kt/nq2q81cn4gx3y41r7x47ggmr0000gn/T/TestProfileCreateInvalidName4129071516/002/.moai/config/sections
2026/09/03 13:24:03 WARN config sections directory not found, using defaults path=/var/folders/kt/nq2q81cn4gx3y41r7x47ggmr0000gn/T/TestProfileCreateInvalidName4129071516/002/.moai/config/sections
2026/09/03 13:24:03 WARN config sections directory not found, using defaults path=/var/folders/kt/nq2q81cn4gx3y41r7x47ggmr0000gn/T/TestProfileCreateInvalidName4129071516/002/.moai/config/sections
2026/09/03 13:24:03 WARN config sections directory not found, using defaults path=/var/folders/kt/nq2q81cn4gx3y41r7x47ggmr0000gn/T/TestProfileCreateInvalidName4129071516/002/.moai/config/sections
2026/09/03 13:24:03 WARN config sections directory not found, using defaults path=/var/folders/kt/nq2q81cn4gx3y41r7x47ggmr0000gn/T/TestProfileCreateInvalidName4129071516/002/.moai/config/sections
2026/09/03 13:24:03 WARN config sections directory not found, using defaults path=/var/folders/kt/nq2q81cn4gx3y41r7x47ggmr0000gn/T/TestProfileCreateInvalidName4129071516/002/.moai/config/sections
2026/09/03 13:24:03 WARN config sections directory not found, using defaults path=/var/folders/kt/nq2q81cn4gx3y41r7x47ggmr0000gn/T/TestProfileCreateInvalidName4129071516/002/.moai/config/sections
2026/09/03 13:24:03 WARN config sections directory not found, using defaults path=/var/folders/kt/nq2q81cn4gx3y41r7x47ggmr0000gn/T/TestProfileCreateInvalidName4129071516/002/.moai/config/sections
2026/09/03 13:24:03 WARN config sections directory not found, using defaults path=/var/folders/kt/nq2q81cn4gx3y41r7x47ggmr0000gn/T/TestProfileCreateInvalidName4129071516/002/.moai/config/sections
2026/09/03 13:24:03 WARN config sections directory not found, using defaults path=/var/folders/kt/nq2q81cn4gx3y41r7x47ggmr0000gn/T/TestProfileDeleteNonexistent2792601209/002/.moai/config/sections
2026/09/03 13:24:03 WARN config sections directory not found, using defaults path=/var/folders/kt/nq2q81cn4gx3y41r7x47ggmr0000gn/T/TestProfileDeleteNonexistent2792601209/002/.moai/config/sections
2026/09/03 13:24:03 WARN config sections directory not found, using defaults path=/var/folders/kt/nq2q81cn4gx3y41r7x47ggmr0000gn/T/TestProfileDeleteNonexistent2792601209/002/.moai/config/sections
2026/09/03 13:24:03 WARN config sections directory not found, using defaults path=/var/folders/kt/nq2q81cn4gx3y41r7x47ggmr0000gn/T/TestProfileDeleteInvalidName3362738739/002/.moai/config/sections
2026/09/03 13:24:03 WARN config sections directory not found, using defaults path=/var/folders/kt/nq2q81cn4gx3y41r7x47ggmr0000gn/T/TestProfileDeleteInvalidName3362738739/002/.moai/config/sections
2026/09/03 13:24:03 WARN config sections directory not found, using defaults path=/var/folders/kt/nq2q81cn4gx3y41r7x47ggmr0000gn/T/TestProfileDeleteInvalidName3362738739/002/.moai/config/sections
2026/09/03 13:24:03 WARN config sections directory not found, using defaults path=/var/folders/kt/nq2q81cn4gx3y41r7x47ggmr0000gn/T/TestProfileDeleteInvalidName3362738739/002/.moai/config/sections
2026/09/03 13:24:03 WARN config sections directory not found, using defaults path=/var/folders/kt/nq2q81cn4gx3y41r7x47ggmr0000gn/T/TestProfileDeleteInvalidName3362738739/002/.moai/config/sections
2026/09/03 13:24:03 WARN config sections directory not found, using defaults path=/var/folders/kt/nq2q81cn4gx3y41r7x47ggmr0000gn/T/TestProfileDeleteInvalidName3362738739/002/.moai/config/sections
2026/09/03 13:24:03 WARN config sections directory not found, using defaults path=/var/folders/kt/nq2q81cn4gx3y41r7x47ggmr0000gn/T/TestProfileDeleteInvalidName3362738739/002/.moai/config/sections
2026/09/03 13:24:03 WARN config sections directory not found, using defaults path=/var/folders/kt/nq2q81cn4gx3y41r7x47ggmr0000gn/T/TestProfileDeleteInvalidName3362738739/002/.moai/config/sections
2026/09/03 13:24:03 WARN config sections directory not found, using defaults path=/var/folders/kt/nq2q81cn4gx3y41r7x47ggmr0000gn/T/TestProfileDeleteInvalidName3362738739/002/.moai/config/sections
2026/09/03 13:24:03 WARN config sections directory not found, using defaults path=/var/folders/kt/nq2q81cn4gx3y41r7x47ggmr0000gn/T/TestProfileCRUDSeamErrors92156331/002/.moai/config/sections
2026/09/03 13:24:03 WARN config sections directory not found, using defaults path=/var/folders/kt/nq2q81cn4gx3y41r7x47ggmr0000gn/T/TestProfileCRUDSeamErrors92156331/002/.moai/config/sections
2026/09/03 13:24:03 WARN config sections directory not found, using defaults path=/var/folders/kt/nq2q81cn4gx3y41r7x47ggmr0000gn/T/TestProfileCRUDSeamErrors92156331/002/.moai/config/sections
2026/09/03 13:24:03 WARN config sections directory not found, using defaults path=/var/folders/kt/nq2q81cn4gx3y41r7x47ggmr0000gn/T/TestProfileCRUDSeamErrors92156331/002/.moai/config/sections
2026/09/03 13:24:03 WARN config sections directory not found, using defaults path=/var/folders/kt/nq2q81cn4gx3y41r7x47ggmr0000gn/T/TestProfileCRUDSeamErrors92156331/002/.moai/config/sections
2026/09/03 13:24:03 WARN config sections directory not found, using defaults path=/var/folders/kt/nq2q81cn4gx3y41r7x47ggmr0000gn/T/TestProfileCRUDSeamErrors92156331/002/.moai/config/sections
2026/09/03 13:24:03 WARN config sections directory not found, using defaults path=/var/folders/kt/nq2q81cn4gx3y41r7x47ggmr0000gn/T/TestProfilePopoverRendered2274522378/001/.moai/config/sections
2026/09/03 13:24:03 WARN config sections directory not found, using defaults path=/var/folders/kt/nq2q81cn4gx3y41r7x47ggmr0000gn/T/TestProfilePopoverRendered2274522378/001/.moai/config/sections
2026/09/03 13:24:03 WARN config sections directory not found, using defaults path=/var/folders/kt/nq2q81cn4gx3y41r7x47ggmr0000gn/T/TestProfilePopoverRendered2274522378/001/.moai/config/sections
2026/09/03 13:24:03 WARN config sections directory not found, using defaults path=/var/folders/kt/nq2q81cn4gx3y41r7x47ggmr0000gn/T/TestComponentChromePresent526961168/001/.moai/config/sections
2026/09/03 13:24:03 WARN config sections directory not found, using defaults path=/var/folders/kt/nq2q81cn4gx3y41r7x47ggmr0000gn/T/TestComponentChromePresent526961168/001/.moai/config/sections
2026/09/03 13:24:03 WARN config sections directory not found, using defaults path=/var/folders/kt/nq2q81cn4gx3y41r7x47ggmr0000gn/T/TestComponentChromePresent526961168/001/.moai/config/sections
2026/09/03 13:24:03 WARN config sections directory not found, using defaults path=/var/folders/kt/nq2q81cn4gx3y41r7x47ggmr0000gn/T/TestAppbarRendered2635320257/001/.moai/config/sections
2026/09/03 13:24:03 WARN config sections directory not found, using defaults path=/var/folders/kt/nq2q81cn4gx3y41r7x47ggmr0000gn/T/TestAppbarRendered2635320257/001/.moai/config/sections
2026/09/03 13:24:03 WARN config sections directory not found, using defaults path=/var/folders/kt/nq2q81cn4gx3y41r7x47ggmr0000gn/T/TestAppbarRendered2635320257/001/.moai/config/sections
2026/09/03 13:24:03 WARN config sections directory not found, using defaults path=/var/folders/kt/nq2q81cn4gx3y41r7x47ggmr0000gn/T/TestLoopbackIndicatorShowsRealBindAddr854619765/001/.moai/config/sections
2026/09/03 13:24:03 WARN config sections directory not found, using defaults path=/var/folders/kt/nq2q81cn4gx3y41r7x47ggmr0000gn/T/TestLoopbackIndicatorShowsRealBindAddr854619765/001/.moai/config/sections
2026/09/03 13:24:03 WARN config sections directory not found, using defaults path=/var/folders/kt/nq2q81cn4gx3y41r7x47ggmr0000gn/T/TestLoopbackIndicatorShowsRealBindAddr854619765/001/.moai/config/sections
2026/09/03 13:24:03 WARN config sections directory not found, using defaults path=/var/folders/kt/nq2q81cn4gx3y41r7x47ggmr0000gn/T/TestNoNonCanonicalOptions1986355791/001/.moai/config/sections
2026/09/03 13:24:03 WARN config sections directory not found, using defaults path=/var/folders/kt/nq2q81cn4gx3y41r7x47ggmr0000gn/T/TestNoNonCanonicalOptions1986355791/001/.moai/config/sections
2026/09/03 13:24:03 WARN config sections directory not found, using defaults path=/var/folders/kt/nq2q81cn4gx3y41r7x47ggmr0000gn/T/TestNoNonCanonicalOptions1986355791/001/.moai/config/sections
2026/09/03 13:24:03 WARN config sections directory not found, using defaults path=/var/folders/kt/nq2q81cn4gx3y41r7x47ggmr0000gn/T/TestNameAttributesPreserved4132077243/001/.moai/config/sections
2026/09/03 13:24:03 WARN config sections directory not found, using defaults path=/var/folders/kt/nq2q81cn4gx3y41r7x47ggmr0000gn/T/TestNameAttributesPreserved4132077243/001/.moai/config/sections
2026/09/03 13:24:03 WARN config sections directory not found, using defaults path=/var/folders/kt/nq2q81cn4gx3y41r7x47ggmr0000gn/T/TestNameAttributesPreserved4132077243/001/.moai/config/sections
2026/09/03 13:24:03 WARN config sections directory not found, using defaults path=/var/folders/kt/nq2q81cn4gx3y41r7x47ggmr0000gn/T/TestNameAttributesPreserved4132077243/002/.moai/config/sections
2026/09/03 13:24:03 WARN config sections directory not found, using defaults path=/var/folders/kt/nq2q81cn4gx3y41r7x47ggmr0000gn/T/TestNameAttributesPreserved4132077243/002/.moai/config/sections
2026/09/03 13:24:03 WARN config sections directory not found, using defaults path=/var/folders/kt/nq2q81cn4gx3y41r7x47ggmr0000gn/T/TestNameAttributesPreserved4132077243/002/.moai/config/sections
2026/09/03 13:24:03 WARN config sections directory not found, using defaults path=/var/folders/kt/nq2q81cn4gx3y41r7x47ggmr0000gn/T/TestProfileSwitchTargetsTheLoadPath882896488/001/.moai/config/sections
2026/09/03 13:24:03 WARN config sections directory not found, using defaults path=/var/folders/kt/nq2q81cn4gx3y41r7x47ggmr0000gn/T/TestProfileSwitchTargetsTheLoadPath882896488/001/.moai/config/sections
2026/09/03 13:24:03 WARN config sections directory not found, using defaults path=/var/folders/kt/nq2q81cn4gx3y41r7x47ggmr0000gn/T/TestProfileSwitchTargetsTheLoadPath882896488/001/.moai/config/sections
2026/09/03 13:24:03 WARN config sections directory not found, using defaults path=/var/folders/kt/nq2q81cn4gx3y41r7x47ggmr0000gn/T/TestBannerKindMapping1587343873/001/.moai/config/sections
2026/09/03 13:24:03 WARN config sections directory not found, using defaults path=/var/folders/kt/nq2q81cn4gx3y41r7x47ggmr0000gn/T/TestBannerKindMapping1587343873/001/.moai/config/sections
2026/09/03 13:24:03 WARN config sections directory not found, using defaults path=/var/folders/kt/nq2q81cn4gx3y41r7x47ggmr0000gn/T/TestBannerKindMapping1587343873/001/.moai/config/sections
2026/09/03 13:24:03 WARN config sections directory not found, using defaults path=/var/folders/kt/nq2q81cn4gx3y41r7x47ggmr0000gn/T/TestBannerKindMapping1587343873/001/.moai/config/sections
2026/09/03 13:24:03 WARN config sections directory not found, using defaults path=/var/folders/kt/nq2q81cn4gx3y41r7x47ggmr0000gn/T/TestBannerKindMapping1587343873/001/.moai/config/sections
2026/09/03 13:24:03 WARN config sections directory not found, using defaults path=/var/folders/kt/nq2q81cn4gx3y41r7x47ggmr0000gn/T/TestBannerKindMapping1587343873/001/.moai/config/sections
2026/09/03 13:24:03 WARN config sections directory not found, using defaults path=/var/folders/kt/nq2q81cn4gx3y41r7x47ggmr0000gn/T/TestBannerKindMapping1587343873/001/.moai/config/sections
2026/09/03 13:24:03 WARN config sections directory not found, using defaults path=/var/folders/kt/nq2q81cn4gx3y41r7x47ggmr0000gn/T/TestDarkThemeAbsence702456279/001/.moai/config/sections
2026/09/03 13:24:03 WARN config sections directory not found, using defaults path=/var/folders/kt/nq2q81cn4gx3y41r7x47ggmr0000gn/T/TestDarkThemeAbsence702456279/001/.moai/config/sections
2026/09/03 13:24:03 WARN config sections directory not found, using defaults path=/var/folders/kt/nq2q81cn4gx3y41r7x47ggmr0000gn/T/TestDarkThemeAbsence702456279/001/.moai/config/sections
2026/09/03 13:24:03 WARN config sections directory not found, using defaults path=/var/folders/kt/nq2q81cn4gx3y41r7x47ggmr0000gn/T/TestInlineSVGIconsNoCDN2331940073/001/.moai/config/sections
2026/09/03 13:24:03 WARN config sections directory not found, using defaults path=/var/folders/kt/nq2q81cn4gx3y41r7x47ggmr0000gn/T/TestInlineSVGIconsNoCDN2331940073/001/.moai/config/sections
2026/09/03 13:24:03 WARN config sections directory not found, using defaults path=/var/folders/kt/nq2q81cn4gx3y41r7x47ggmr0000gn/T/TestInlineSVGIconsNoCDN2331940073/001/.moai/config/sections
2026/09/03 13:24:03 WARN config sections directory not found, using defaults path=/var/folders/kt/nq2q81cn4gx3y41r7x47ggmr0000gn/T/TestAccessibilityCues186576848/001/.moai/config/sections
2026/09/03 13:24:03 WARN config sections directory not found, using defaults path=/var/folders/kt/nq2q81cn4gx3y41r7x47ggmr0000gn/T/TestAccessibilityCues186576848/001/.moai/config/sections
2026/09/03 13:24:03 WARN config sections directory not found, using defaults path=/var/folders/kt/nq2q81cn4gx3y41r7x47ggmr0000gn/T/TestAccessibilityCues186576848/001/.moai/config/sections
2026/09/03 13:24:03 WARN config sections directory not found, using defaults path=/var/folders/kt/nq2q81cn4gx3y41r7x47ggmr0000gn/T/TestAccessibilityCues186576848/002/.moai/config/sections
2026/09/03 13:24:03 WARN config sections directory not found, using defaults path=/var/folders/kt/nq2q81cn4gx3y41r7x47ggmr0000gn/T/TestAccessibilityCues186576848/002/.moai/config/sections
2026/09/03 13:24:03 WARN config sections directory not found, using defaults path=/var/folders/kt/nq2q81cn4gx3y41r7x47ggmr0000gn/T/TestAccessibilityCues186576848/002/.moai/config/sections
2026/09/03 13:24:03 WARN config sections directory not found, using defaults path=/var/folders/kt/nq2q81cn4gx3y41r7x47ggmr0000gn/T/TestSchemaEmptyLabelParity1434982005/001/.moai/config/sections
2026/09/03 13:24:03 WARN config sections directory not found, using defaults path=/var/folders/kt/nq2q81cn4gx3y41r7x47ggmr0000gn/T/TestSchemaEmptyLabelParity1434982005/001/.moai/config/sections
2026/09/03 13:24:03 WARN config sections directory not found, using defaults path=/var/folders/kt/nq2q81cn4gx3y41r7x47ggmr0000gn/T/TestSchemaEmptyLabelParity1434982005/001/.moai/config/sections
2026/09/03 13:24:03 WARN config sections directory not found, using defaults path=/var/folders/kt/nq2q81cn4gx3y41r7x47ggmr0000gn/T/TestWebRendersSchemaFieldSet3441130660/001/.moai/config/sections
2026/09/03 13:24:03 WARN config sections directory not found, using defaults path=/var/folders/kt/nq2q81cn4gx3y41r7x47ggmr0000gn/T/TestWebRendersSchemaFieldSet3441130660/001/.moai/config/sections
2026/09/03 13:24:03 WARN config sections directory not found, using defaults path=/var/folders/kt/nq2q81cn4gx3y41r7x47ggmr0000gn/T/TestWebRendersSchemaFieldSet3441130660/001/.moai/config/sections
2026/09/03 13:24:03 WARN config sections directory not found, using defaults path=/var/folders/kt/nq2q81cn4gx3y41r7x47ggmr0000gn/T/TestWebStatuslineNoPresetControl3372900763/001/.moai/config/sections
2026/09/03 13:24:03 WARN config sections directory not found, using defaults path=/var/folders/kt/nq2q81cn4gx3y41r7x47ggmr0000gn/T/TestWebStatuslineNoPresetControl3372900763/001/.moai/config/sections
2026/09/03 13:24:03 WARN config sections directory not found, using defaults path=/var/folders/kt/nq2q81cn4gx3y41r7x47ggmr0000gn/T/TestWebStatuslineNoPresetControl3372900763/001/.moai/config/sections
2026/09/03 13:24:03 WARN config sections directory not found, using defaults path=/var/folders/kt/nq2q81cn4gx3y41r7x47ggmr0000gn/T/TestWebStatuslineSectionNotRendered383848233/001/.moai/config/sections
2026/09/03 13:24:03 WARN config sections directory not found, using defaults path=/var/folders/kt/nq2q81cn4gx3y41r7x47ggmr0000gn/T/TestWebStatuslineSectionNotRendered383848233/001/.moai/config/sections
2026/09/03 13:24:03 WARN config sections directory not found, using defaults path=/var/folders/kt/nq2q81cn4gx3y41r7x47ggmr0000gn/T/TestWebStatuslineSectionNotRendered383848233/001/.moai/config/sections
2026/09/03 13:24:03 WARN config sections directory not found, using defaults path=/var/folders/kt/nq2q81cn4gx3y41r7x47ggmr0000gn/T/TestConsoleRendersReportTab2702472239/001/.moai/config/sections
2026/09/03 13:24:03 WARN config sections directory not found, using defaults path=/var/folders/kt/nq2q81cn4gx3y41r7x47ggmr0000gn/T/TestConsoleRendersReportTab2702472239/001/.moai/config/sections
2026/09/03 13:24:03 WARN config sections directory not found, using defaults path=/var/folders/kt/nq2q81cn4gx3y41r7x47ggmr0000gn/T/TestConsoleRendersReportTab2702472239/001/.moai/config/sections
2026/09/03 13:24:03 WARN config sections directory not found, using defaults path=/var/folders/kt/nq2q81cn4gx3y41r7x47ggmr0000gn/T/TestReportFormatRendersAsRadio69559915/001/.moai/config/sections
2026/09/03 13:24:03 WARN config sections directory not found, using defaults path=/var/folders/kt/nq2q81cn4gx3y41r7x47ggmr0000gn/T/TestReportFormatRendersAsRadio69559915/001/.moai/config/sections
2026/09/03 13:24:03 WARN config sections directory not found, using defaults path=/var/folders/kt/nq2q81cn4gx3y41r7x47ggmr0000gn/T/TestReportFormatRendersAsRadio69559915/001/.moai/config/sections
2026/09/03 13:24:03 WARN config sections directory not found, using defaults path=/var/folders/kt/nq2q81cn4gx3y41r7x47ggmr0000gn/T/TestGETReadPathAllowsValidProfileName2240127605/001/.moai/config/sections
2026/09/03 13:24:03 WARN config sections directory not found, using defaults path=/var/folders/kt/nq2q81cn4gx3y41r7x47ggmr0000gn/T/TestGETReadPathAllowsValidProfileName2240127605/001/.moai/config/sections
2026/09/03 13:24:03 WARN config sections directory not found, using defaults path=/var/folders/kt/nq2q81cn4gx3y41r7x47ggmr0000gn/T/TestGETReadPathAllowsValidProfileName2240127605/001/.moai/config/sections
2026/09/03 13:24:03 WARN config sections directory not found, using defaults path=/var/folders/kt/nq2q81cn4gx3y41r7x47ggmr0000gn/T/TestGETReadPathAllowsValidProfileName2240127605/001/.moai/config/sections
2026/09/03 13:24:03 WARN config sections directory not found, using defaults path=/var/folders/kt/nq2q81cn4gx3y41r7x47ggmr0000gn/T/TestSameOriginPostAllowed2249996286/001/.moai/config/sections
2026/09/03 13:24:03 WARN config sections directory not found, using defaults path=/var/folders/kt/nq2q81cn4gx3y41r7x47ggmr0000gn/T/TestSameOriginPostAllowed2249996286/001/.moai/config/sections
2026/09/03 13:24:03 WARN config sections directory not found, using defaults path=/var/folders/kt/nq2q81cn4gx3y41r7x47ggmr0000gn/T/TestSameOriginPostAllowed2249996286/001/.moai/config/sections
2026/09/03 13:24:03 WARN config sections directory not found, using defaults path=/var/folders/kt/nq2q81cn4gx3y41r7x47ggmr0000gn/T/TestSameOriginPostAllowed2249996286/001/.moai/config/sections
2026/09/03 13:24:03 WARN config sections directory not found, using defaults path=/var/folders/kt/nq2q81cn4gx3y41r7x47ggmr0000gn/T/TestSameOriginPostAllowed2249996286/001/.moai/config/sections
moai web: could not open browser (no browser available); open http://127.0.0.1:52661 manually
2026/09/03 13:24:03 WARN config sections directory not found, using defaults path=/var/folders/kt/nq2q81cn4gx3y41r7x47ggmr0000gn/T/TestServer_AutoOpenFailureNonFatal986953277/001/.moai/config/sections
2026/09/03 13:24:03 WARN config sections directory not found, using defaults path=/var/folders/kt/nq2q81cn4gx3y41r7x47ggmr0000gn/T/TestStatuslineSectionAbsentFromConsole4037911892/001/.moai/config/sections
2026/09/03 13:24:03 WARN config sections directory not found, using defaults path=/var/folders/kt/nq2q81cn4gx3y41r7x47ggmr0000gn/T/TestStatuslineSectionAbsentFromConsole4037911892/001/.moai/config/sections
2026/09/03 13:24:03 WARN config sections directory not found, using defaults path=/var/folders/kt/nq2q81cn4gx3y41r7x47ggmr0000gn/T/TestStatuslineSectionAbsentFromConsole4037911892/001/.moai/config/sections
--- FAIL: TestConsoleTabsOrder (0.00s)
    tab_layout_test.go:34: consoleTabs() returned 13 tabs [identity language launch llm workflow git-worktree audit agentfm report mcp crosssession feedback gate], want 12 [identity language launch llm workflow git-worktree audit agentfm report mcp crosssession feedback]
2026/09/03 13:24:03 WARN config sections directory not found, using defaults path=/var/folders/kt/nq2q81cn4gx3y41r7x47ggmr0000gn/T/TestTabPanelRenderOrderMatchesTabs237332172/001/.moai/config/sections
2026/09/03 13:24:03 WARN config sections directory not found, using defaults path=/var/folders/kt/nq2q81cn4gx3y41r7x47ggmr0000gn/T/TestTabPanelRenderOrderMatchesTabs237332172/001/.moai/config/sections
2026/09/03 13:24:03 WARN config sections directory not found, using defaults path=/var/folders/kt/nq2q81cn4gx3y41r7x47ggmr0000gn/T/TestTabPanelRenderOrderMatchesTabs237332172/001/.moai/config/sections
--- FAIL: TestTabPanelRenderOrderMatchesTabs (0.01s)
    tab_layout_test.go:65: rendered 13 tabpanels [identity language launch llm workflow git-worktree audit agentfm report mcp crosssession feedback gate], want 12 [identity language launch llm workflow git-worktree audit agentfm report mcp crosssession feedback]
2026/09/03 13:24:03 WARN config sections directory not found, using defaults path=/var/folders/kt/nq2q81cn4gx3y41r7x47ggmr0000gn/T/TestWorkflowTabRetainsProseConsumedFields3463259109/001/.moai/config/sections
2026/09/03 13:24:03 WARN config sections directory not found, using defaults path=/var/folders/kt/nq2q81cn4gx3y41r7x47ggmr0000gn/T/TestWorkflowTabRetainsProseConsumedFields3463259109/001/.moai/config/sections
2026/09/03 13:24:03 WARN config sections directory not found, using defaults path=/var/folders/kt/nq2q81cn4gx3y41r7x47ggmr0000gn/T/TestWorkflowTabRetainsProseConsumedFields3463259109/001/.moai/config/sections
2026/09/03 13:24:03 WARN config sections directory not found, using defaults path=/var/folders/kt/nq2q81cn4gx3y41r7x47ggmr0000gn/T/TestGitWorktreeTabFields2181904140/001/.moai/config/sections
2026/09/03 13:24:03 WARN config sections directory not found, using defaults path=/var/folders/kt/nq2q81cn4gx3y41r7x47ggmr0000gn/T/TestGitWorktreeTabFields2181904140/001/.moai/config/sections
2026/09/03 13:24:03 WARN config sections directory not found, using defaults path=/var/folders/kt/nq2q81cn4gx3y41r7x47ggmr0000gn/T/TestGitWorktreeTabFields2181904140/001/.moai/config/sections
2026/09/03 13:24:03 WARN config sections directory not found, using defaults path=/var/folders/kt/nq2q81cn4gx3y41r7x47ggmr0000gn/T/TestAuditTabFields1391689058/001/.moai/config/sections
2026/09/03 13:24:03 WARN config sections directory not found, using defaults path=/var/folders/kt/nq2q81cn4gx3y41r7x47ggmr0000gn/T/TestAuditTabFields1391689058/001/.moai/config/sections
2026/09/03 13:24:03 WARN config sections directory not found, using defaults path=/var/folders/kt/nq2q81cn4gx3y41r7x47ggmr0000gn/T/TestAuditTabFields1391689058/001/.moai/config/sections
2026/09/03 13:24:03 WARN config sections directory not found, using defaults path=/var/folders/kt/nq2q81cn4gx3y41r7x47ggmr0000gn/T/TestEveryTabHasAPanel1698764484/001/.moai/config/sections
2026/09/03 13:24:03 WARN config sections directory not found, using defaults path=/var/folders/kt/nq2q81cn4gx3y41r7x47ggmr0000gn/T/TestEveryTabHasAPanel1698764484/001/.moai/config/sections
2026/09/03 13:24:03 WARN config sections directory not found, using defaults path=/var/folders/kt/nq2q81cn4gx3y41r7x47ggmr0000gn/T/TestEveryTabHasAPanel1698764484/001/.moai/config/sections
2026/09/03 13:24:03 WARN config sections directory not found, using defaults path=/var/folders/kt/nq2q81cn4gx3y41r7x47ggmr0000gn/T/TestTodoRouteServesPage1634191815/001/.moai/config/sections
2026/09/03 13:24:03 WARN config sections directory not found, using defaults path=/var/folders/kt/nq2q81cn4gx3y41r7x47ggmr0000gn/T/TestTodoNavRowIsSixthAndCurrent3656277182/001/.moai/config/sections
2026/09/03 13:24:04 WARN config sections directory not found, using defaults path=/var/folders/kt/nq2q81cn4gx3y41r7x47ggmr0000gn/T/TestTodoNavRowNotCurrentElsewhere3195879173/001/.moai/config/sections
2026/09/03 13:24:04 WARN config sections directory not found, using defaults path=/var/folders/kt/nq2q81cn4gx3y41r7x47ggmr0000gn/T/TestTodoSectionListsAllThreeStates899956232/002/.moai/config/sections
2026/09/03 13:24:04 WARN config sections directory not found, using defaults path=/var/folders/kt/nq2q81cn4gx3y41r7x47ggmr0000gn/T/TestTodoSectionEmptyStatesabsent_file3366891515/002/.moai/config/sections
2026/09/03 13:24:04 WARN config sections directory not found, using defaults path=/var/folders/kt/nq2q81cn4gx3y41r7x47ggmr0000gn/T/TestTodoSectionEmptyStatesempty_file382699483/002/.moai/config/sections
2026/09/03 13:24:04 WARN config sections directory not found, using defaults path=/var/folders/kt/nq2q81cn4gx3y41r7x47ggmr0000gn/T/TestTodoSectionEmptyStatesmalformed_JSON2455247317/002/.moai/config/sections
2026/09/03 13:24:04 WARN config sections directory not found, using defaults path=/var/folders/kt/nq2q81cn4gx3y41r7x47ggmr0000gn/T/TestTodoSectionCarriesExistingKanbanMarker1745346743/002/.moai/config/sections
2026/09/03 13:24:04 WARN config sections directory not found, using defaults path=/var/folders/kt/nq2q81cn4gx3y41r7x47ggmr0000gn/T/TestTodoSectionFromWorktreeReadsPrimaryQueue3404714341/003/wt/.moai/config/sections
2026/09/03 13:24:04 WARN config sections directory not found, using defaults path=/var/folders/kt/nq2q81cn4gx3y41r7x47ggmr0000gn/T/TestTodoSectionReadsThroughToProjectLocalQueue1176032764/002/.moai/config/sections
2026/09/03 13:24:04 WARN config sections directory not found, using defaults path=/var/folders/kt/nq2q81cn4gx3y41r7x47ggmr0000gn/T/TestConsoleRoutesLeaveBacklogUntouched1834744446/002/.moai/config/sections
2026/09/03 13:24:04 WARN config sections directory not found, using defaults path=/var/folders/kt/nq2q81cn4gx3y41r7x47ggmr0000gn/T/TestConsoleRoutesLeaveBacklogUntouched1834744446/002/.moai/config/sections
2026/09/03 13:24:04 WARN config sections directory not found, using defaults path=/var/folders/kt/nq2q81cn4gx3y41r7x47ggmr0000gn/T/TestConsoleRoutesLeaveBacklogUntouched1834744446/002/.moai/config/sections
2026/09/03 13:24:04 WARN config sections directory not found, using defaults path=/var/folders/kt/nq2q81cn4gx3y41r7x47ggmr0000gn/T/TestConsoleRoutesLeaveBacklogUntouched1834744446/002/.moai/config/sections
2026/09/03 13:24:04 WARN config sections directory not found, using defaults path=/var/folders/kt/nq2q81cn4gx3y41r7x47ggmr0000gn/T/TestConsoleRoutesLeaveBacklogUntouched1834744446/002/.moai/config/sections
2026/09/03 13:24:04 WARN config sections directory not found, using defaults path=/var/folders/kt/nq2q81cn4gx3y41r7x47ggmr0000gn/T/TestConsoleRoutesLeaveBacklogUntouched1834744446/002/.moai/config/sections
2026/09/03 13:24:04 WARN config sections directory not found, using defaults path=/var/folders/kt/nq2q81cn4gx3y41r7x47ggmr0000gn/T/TestConsoleRoutesLeaveBacklogUntouched1834744446/002/.moai/config/sections
2026/09/03 13:24:04 WARN config sections directory not found, using defaults path=/var/folders/kt/nq2q81cn4gx3y41r7x47ggmr0000gn/T/TestConsoleRoutesLeaveBacklogUntouched1834744446/002/.moai/config/sections
2026/09/03 13:24:04 WARN config sections directory not found, using defaults path=/var/folders/kt/nq2q81cn4gx3y41r7x47ggmr0000gn/T/TestSaveInvalidModelRejected2475353163/001/.moai/config/sections
2026/09/03 13:24:04 WARN config sections directory not found, using defaults path=/var/folders/kt/nq2q81cn4gx3y41r7x47ggmr0000gn/T/TestSaveInvalidModelRejected2475353163/001/.moai/config/sections
2026/09/03 13:24:04 WARN config sections directory not found, using defaults path=/var/folders/kt/nq2q81cn4gx3y41r7x47ggmr0000gn/T/TestSaveInvalidModelRejected2475353163/001/.moai/config/sections
2026/09/03 13:24:04 WARN config sections directory not found, using defaults path=/var/folders/kt/nq2q81cn4gx3y41r7x47ggmr0000gn/T/TestSaveValidModelPersisted1785433382/001/.moai/config/sections
2026/09/03 13:24:04 WARN config sections directory not found, using defaults path=/var/folders/kt/nq2q81cn4gx3y41r7x47ggmr0000gn/T/TestSaveValidModelPersisted1785433382/001/.moai/config/sections
2026/09/03 13:24:04 WARN config sections directory not found, using defaults path=/var/folders/kt/nq2q81cn4gx3y41r7x47ggmr0000gn/T/TestSaveValidModelPersisted1785433382/001/.moai/config/sections
2026/09/03 13:24:04 WARN config sections directory not found, using defaults path=/var/folders/kt/nq2q81cn4gx3y41r7x47ggmr0000gn/T/TestSaveValidModelPersisted1785433382/001/.moai/config/sections
2026/09/03 13:24:04 WARN config sections directory not found, using defaults path=/var/folders/kt/nq2q81cn4gx3y41r7x47ggmr0000gn/T/TestSaveValidModelPersisted1785433382/001/.moai/config/sections
2026/09/03 13:24:04 WARN config sections directory not found, using defaults path=/var/folders/kt/nq2q81cn4gx3y41r7x47ggmr0000gn/T/TestSaveInvalidEffortLevelRejected2316807279/001/.moai/config/sections
2026/09/03 13:24:04 WARN config sections directory not found, using defaults path=/var/folders/kt/nq2q81cn4gx3y41r7x47ggmr0000gn/T/TestSaveInvalidEffortLevelRejected2316807279/001/.moai/config/sections
2026/09/03 13:24:04 WARN config sections directory not found, using defaults path=/var/folders/kt/nq2q81cn4gx3y41r7x47ggmr0000gn/T/TestSaveInvalidEffortLevelRejected2316807279/001/.moai/config/sections
2026/09/03 13:24:04 WARN config sections directory not found, using defaults path=/var/folders/kt/nq2q81cn4gx3y41r7x47ggmr0000gn/T/TestSaveValidEffortLevelPersisted2050739957/001/.moai/config/sections
2026/09/03 13:24:04 WARN config sections directory not found, using defaults path=/var/folders/kt/nq2q81cn4gx3y41r7x47ggmr0000gn/T/TestSaveValidEffortLevelPersisted2050739957/001/.moai/config/sections
2026/09/03 13:24:04 WARN config sections directory not found, using defaults path=/var/folders/kt/nq2q81cn4gx3y41r7x47ggmr0000gn/T/TestSaveValidEffortLevelPersisted2050739957/001/.moai/config/sections
2026/09/03 13:24:04 WARN config sections directory not found, using defaults path=/var/folders/kt/nq2q81cn4gx3y41r7x47ggmr0000gn/T/TestSaveValidEffortLevelPersisted2050739957/001/.moai/config/sections
2026/09/03 13:24:04 WARN config sections directory not found, using defaults path=/var/folders/kt/nq2q81cn4gx3y41r7x47ggmr0000gn/T/TestSaveValidEffortLevelPersisted2050739957/001/.moai/config/sections
2026/09/03 13:24:04 WARN config sections directory not found, using defaults path=/var/folders/kt/nq2q81cn4gx3y41r7x47ggmr0000gn/T/TestSaveModelPolicyFormIgnored3096172594/001/.moai/config/sections
2026/09/03 13:24:04 WARN config sections directory not found, using defaults path=/var/folders/kt/nq2q81cn4gx3y41r7x47ggmr0000gn/T/TestSaveModelPolicyFormIgnored3096172594/001/.moai/config/sections
2026/09/03 13:24:04 WARN config sections directory not found, using defaults path=/var/folders/kt/nq2q81cn4gx3y41r7x47ggmr0000gn/T/TestSaveModelPolicyFormIgnored3096172594/001/.moai/config/sections
2026/09/03 13:24:04 WARN config sections directory not found, using defaults path=/var/folders/kt/nq2q81cn4gx3y41r7x47ggmr0000gn/T/TestSaveModelPolicyFormIgnored3096172594/001/.moai/config/sections
2026/09/03 13:24:04 WARN config sections directory not found, using defaults path=/var/folders/kt/nq2q81cn4gx3y41r7x47ggmr0000gn/T/TestSaveModelPolicyFormIgnored3096172594/001/.moai/config/sections
2026/09/03 13:24:04 WARN config sections directory not found, using defaults path=/var/folders/kt/nq2q81cn4gx3y41r7x47ggmr0000gn/T/TestRenderModelEffortPolicyAreSelects28838509/001/.moai/config/sections
2026/09/03 13:24:04 WARN config sections directory not found, using defaults path=/var/folders/kt/nq2q81cn4gx3y41r7x47ggmr0000gn/T/TestRenderModelEffortPolicyAreSelects28838509/001/.moai/config/sections
2026/09/03 13:24:04 WARN config sections directory not found, using defaults path=/var/folders/kt/nq2q81cn4gx3y41r7x47ggmr0000gn/T/TestRenderModelEffortPolicyAreSelects28838509/001/.moai/config/sections
2026/09/03 13:24:04 WARN config sections directory not found, using defaults path=/var/folders/kt/nq2q81cn4gx3y41r7x47ggmr0000gn/T/TestSaveModelPolicyCarriedForward1104856546/001/.moai/config/sections
2026/09/03 13:24:04 WARN config sections directory not found, using defaults path=/var/folders/kt/nq2q81cn4gx3y41r7x47ggmr0000gn/T/TestSaveModelPolicyCarriedForward1104856546/001/.moai/config/sections
2026/09/03 13:24:04 WARN config sections directory not found, using defaults path=/var/folders/kt/nq2q81cn4gx3y41r7x47ggmr0000gn/T/TestSaveModelPolicyCarriedForward1104856546/001/.moai/config/sections
2026/09/03 13:24:04 WARN config sections directory not found, using defaults path=/var/folders/kt/nq2q81cn4gx3y41r7x47ggmr0000gn/T/TestSaveModelPolicyCarriedForward1104856546/001/.moai/config/sections
2026/09/03 13:24:04 WARN config sections directory not found, using defaults path=/var/folders/kt/nq2q81cn4gx3y41r7x47ggmr0000gn/T/TestSaveModelPolicyCarriedForward1104856546/001/.moai/config/sections
2026/09/03 13:24:04 WARN config sections directory not found, using defaults path=/var/folders/kt/nq2q81cn4gx3y41r7x47ggmr0000gn/T/TestApplySchemaCurrentBestEffortKeepsValuesOnSuccess3424346801/001/.moai/config/sections
2026/09/03 13:24:04 WARN config sections directory not found, using defaults path=/nonexistent-root-for-board-test/.moai/config/sections
2026/09/03 13:24:04 WARN config sections directory not found, using defaults path=/var/folders/kt/nq2q81cn4gx3y41r7x47ggmr0000gn/T/TestBoolFieldsRenderAsRadio2042559632/001/.moai/config/sections
2026/09/03 13:24:04 WARN config sections directory not found, using defaults path=/var/folders/kt/nq2q81cn4gx3y41r7x47ggmr0000gn/T/TestBoolFieldsRenderAsRadio2042559632/001/.moai/config/sections
2026/09/03 13:24:04 WARN config sections directory not found, using defaults path=/var/folders/kt/nq2q81cn4gx3y41r7x47ggmr0000gn/T/TestBoolFieldsRenderAsRadio2042559632/001/.moai/config/sections
2026/09/03 13:24:04 WARN config sections directory not found, using defaults path=/var/folders/kt/nq2q81cn4gx3y41r7x47ggmr0000gn/T/TestSchemaTogglePresentCompanion226208707/001/.moai/config/sections
2026/09/03 13:24:04 WARN config sections directory not found, using defaults path=/var/folders/kt/nq2q81cn4gx3y41r7x47ggmr0000gn/T/TestSchemaTogglePresentCompanion226208707/001/.moai/config/sections
2026/09/03 13:24:04 WARN config sections directory not found, using defaults path=/var/folders/kt/nq2q81cn4gx3y41r7x47ggmr0000gn/T/TestSchemaTogglePresentCompanion226208707/001/.moai/config/sections
2026/09/03 13:24:04 WARN config sections directory not found, using defaults path=/var/folders/kt/nq2q81cn4gx3y41r7x47ggmr0000gn/T/TestWorktreeBaseBranchLiveKeyGuard3346593576/001/.moai/config/sections
2026/09/03 13:24:04 WARN config sections directory not found, using defaults path=/var/folders/kt/nq2q81cn4gx3y41r7x47ggmr0000gn/T/TestWorktreeBaseBranchLiveKeyGuard3346593576/001/.moai/config/sections
2026/09/03 13:24:04 WARN config sections directory not found, using defaults path=/var/folders/kt/nq2q81cn4gx3y41r7x47ggmr0000gn/T/TestWorktreeBaseBranchLiveKeyGuard3346593576/001/.moai/config/sections
notice: refs/remotes/origin/HEAD realigned from main to develop per git_strategy.worktree_base_branch
2026/09/03 13:24:04 WARN config sections directory not found, using defaults path=/var/folders/kt/nq2q81cn4gx3y41r7x47ggmr0000gn/T/TestWorktreeBaseBranchRendersFreeTextInput4279306581/001/.moai/config/sections
2026/09/03 13:24:04 WARN config sections directory not found, using defaults path=/var/folders/kt/nq2q81cn4gx3y41r7x47ggmr0000gn/T/TestWorktreeBaseBranchRendersFreeTextInput4279306581/001/.moai/config/sections
2026/09/03 13:24:04 WARN config sections directory not found, using defaults path=/var/folders/kt/nq2q81cn4gx3y41r7x47ggmr0000gn/T/TestWorktreeBaseBranchRendersFreeTextInput4279306581/001/.moai/config/sections
2026/09/03 13:24:04 WARN config sections directory not found, using defaults path=/var/folders/kt/nq2q81cn4gx3y41r7x47ggmr0000gn/T/TestProjectNestedReadFailureRendersInlineError3019379776/001/.moai/config/sections
2026/09/03 13:24:04 WARN config sections directory not found, using defaults path=/var/folders/kt/nq2q81cn4gx3y41r7x47ggmr0000gn/T/TestReadProjectConfig_AbsentFiles3003841567/001/.moai/config/sections
2026/09/03 13:24:04 WARN config sections directory not found, using defaults path=/var/folders/kt/nq2q81cn4gx3y41r7x47ggmr0000gn/T/TestReadProjectConfig_AbsentFiles3003841567/001/.moai/config/sections
2026/09/03 13:24:04 WARN config sections directory not found, using defaults path=/var/folders/kt/nq2q81cn4gx3y41r7x47ggmr0000gn/T/TestSaveRejectsBogusConvention1060040141/001/.moai/config/sections
2026/09/03 13:24:04 WARN config sections directory not found, using defaults path=/var/folders/kt/nq2q81cn4gx3y41r7x47ggmr0000gn/T/TestProjectNestedWriteFailureSurfacesError4251811044/001/.moai/config/sections
2026/09/03 13:24:04 WARN config sections directory not found, using defaults path=/var/folders/kt/nq2q81cn4gx3y41r7x47ggmr0000gn/T/TestProjectNestedWriteFailureSurfacesError4251811044/001/.moai/config/sections
2026/09/03 13:24:04 WARN config sections directory not found, using defaults path=/var/folders/kt/nq2q81cn4gx3y41r7x47ggmr0000gn/T/TestProjectNestedWriteFailureSurfacesError4251811044/001/.moai/config/sections
2026/09/03 13:24:04 WARN config sections directory not found, using defaults path=/var/folders/kt/nq2q81cn4gx3y41r7x47ggmr0000gn/T/TestSaveValidProjectConfigPersists160337639/001/.moai/config/sections
2026/09/03 13:24:04 WARN config sections directory not found, using defaults path=/var/folders/kt/nq2q81cn4gx3y41r7x47ggmr0000gn/T/TestSaveValidProjectConfigPersists160337639/001/.moai/config/sections
2026/09/03 13:24:04 WARN config sections directory not found, using defaults path=/var/folders/kt/nq2q81cn4gx3y41r7x47ggmr0000gn/T/TestSaveValidProjectConfigPersists160337639/001/.moai/config/sections
2026/09/03 13:24:05 WARN config sections directory not found, using defaults path=/var/folders/kt/nq2q81cn4gx3y41r7x47ggmr0000gn/T/TestSaveValidProjectConfigPersists160337639/001/.moai/config/sections
2026/09/03 13:24:05 WARN config sections directory not found, using defaults path=/var/folders/kt/nq2q81cn4gx3y41r7x47ggmr0000gn/T/TestSaveValidProjectConfigPersists160337639/001/.moai/config/sections
2026/09/03 13:24:05 WARN config sections directory not found, using defaults path=/var/folders/kt/nq2q81cn4gx3y41r7x47ggmr0000gn/T/TestSaveRejectsBogusConvention1060040141/001/.moai/config/sections
2026/09/03 13:24:05 WARN config sections directory not found, using defaults path=/var/folders/kt/nq2q81cn4gx3y41r7x47ggmr0000gn/T/TestSaveRejectsBogusConvention1060040141/001/.moai/config/sections
2026/09/03 13:24:05 WARN config sections directory not found, using defaults path=/var/folders/kt/nq2q81cn4gx3y41r7x47ggmr0000gn/T/TestSaveProjectWriteFailureSurfacesError4119894679/001/.moai/config/sections
2026/09/03 13:24:05 WARN config sections directory not found, using defaults path=/var/folders/kt/nq2q81cn4gx3y41r7x47ggmr0000gn/T/TestSaveProjectWriteFailureSurfacesError4119894679/001/.moai/config/sections
2026/09/03 13:24:05 WARN config sections directory not found, using defaults path=/var/folders/kt/nq2q81cn4gx3y41r7x47ggmr0000gn/T/TestSaveEC2AtomicReject486058752/001/.moai/config/sections
2026/09/03 13:24:05 WARN config sections directory not found, using defaults path=/var/folders/kt/nq2q81cn4gx3y41r7x47ggmr0000gn/T/TestSaveRejectsBogusDevelopmentMode3547284297/001/.moai/config/sections
2026/09/03 13:24:05 WARN config sections directory not found, using defaults path=/var/folders/kt/nq2q81cn4gx3y41r7x47ggmr0000gn/T/TestProjectNestedWriteFailureSurfacesError4251811044/001/.moai/config/sections
2026/09/03 13:24:05 WARN config sections directory not found, using defaults path=/var/folders/kt/nq2q81cn4gx3y41r7x47ggmr0000gn/T/TestSaveEC2AtomicReject486058752/001/.moai/config/sections
2026/09/03 13:24:05 WARN config sections directory not found, using defaults path=/var/folders/kt/nq2q81cn4gx3y41r7x47ggmr0000gn/T/TestSaveEC2AtomicReject486058752/001/.moai/config/sections
2026/09/03 13:24:05 WARN config sections directory not found, using defaults path=/var/folders/kt/nq2q81cn4gx3y41r7x47ggmr0000gn/T/TestSaveRejectsBogusDevelopmentMode3547284297/001/.moai/config/sections
2026/09/03 13:24:05 WARN config sections directory not found, using defaults path=/var/folders/kt/nq2q81cn4gx3y41r7x47ggmr0000gn/T/TestSaveRejectsBogusDevelopmentMode3547284297/001/.moai/config/sections
2026/09/03 13:24:05 WARN config sections directory not found, using defaults path=/var/folders/kt/nq2q81cn4gx3y41r7x47ggmr0000gn/T/TestSaveProjectWriteFailureSurfacesError4119894679/001/.moai/config/sections
2026/09/03 13:24:05 WARN config sections directory not found, using defaults path=/var/folders/kt/nq2q81cn4gx3y41r7x47ggmr0000gn/T/TestSaveEmptyProjectConfigPasses2808177795/001/.moai/config/sections
2026/09/03 13:24:05 WARN config sections directory not found, using defaults path=/var/folders/kt/nq2q81cn4gx3y41r7x47ggmr0000gn/T/TestSaveEmptyProjectConfigPasses2808177795/001/.moai/config/sections
2026/09/03 13:24:05 WARN config sections directory not found, using defaults path=/var/folders/kt/nq2q81cn4gx3y41r7x47ggmr0000gn/T/TestSaveEmptyProjectConfigPasses2808177795/001/.moai/config/sections
2026/09/03 13:24:05 WARN config sections directory not found, using defaults path=/var/folders/kt/nq2q81cn4gx3y41r7x47ggmr0000gn/T/TestWriteProjectConfigabsent_config_creates_section_(EC-5)1894015234/001/.moai/config/sections
2026/09/03 13:24:05 WARN config sections directory not found, using defaults path=/var/folders/kt/nq2q81cn4gx3y41r7x47ggmr0000gn/T/TestSaveEmptyProjectConfigPasses2808177795/001/.moai/config/sections
2026/09/03 13:24:05 WARN config sections directory not found, using defaults path=/var/folders/kt/nq2q81cn4gx3y41r7x47ggmr0000gn/T/TestSaveEmptyProjectConfigPasses2808177795/001/.moai/config/sections
2026/09/03 13:24:05 WARN config sections directory not found, using defaults path=/var/folders/kt/nq2q81cn4gx3y41r7x47ggmr0000gn/T/TestAppJsHxBoostPreserved2437296371/001/.moai/config/sections
2026/09/03 13:24:05 WARN config sections directory not found, using defaults path=/var/folders/kt/nq2q81cn4gx3y41r7x47ggmr0000gn/T/TestAppJsHxBoostPreserved2437296371/001/.moai/config/sections
2026/09/03 13:24:05 WARN config sections directory not found, using defaults path=/var/folders/kt/nq2q81cn4gx3y41r7x47ggmr0000gn/T/TestAppJsHxBoostPreserved2437296371/001/.moai/config/sections
2026/09/03 13:24:05 WARN config sections directory not found, using defaults path=/var/folders/kt/nq2q81cn4gx3y41r7x47ggmr0000gn/T/TestReadProjectNestedConfigDefaults3627361059/001/.moai/config/sections
FAIL
FAIL	github.com/modu-ai/moai-adk/internal/web	3.669s
FAIL
