.moai/specs/SPEC-AC-COLLECTOR-ANCHOR-001/spec.md	REQ-ACA-001-015
.moai/specs/SPEC-AC-COLLECTOR-ANCHOR-001/spec.md	REQ-ACA-001-016
.moai/specs/SPEC-ACHWD-STRIP-EXEMPT-001/spec.md	REQ-ASE-001
.moai/specs/SPEC-ACHWD-STRIP-EXEMPT-001/spec.md	REQ-ASE-002
.moai/specs/SPEC-ACHWD-STRIP-EXEMPT-001/spec.md	REQ-ASE-003
.moai/specs/SPEC-AGENT-MODEL-ENFORCE-001/spec.md	REQ-AME-001
.moai/specs/SPEC-AGENT-MODEL-ENFORCE-001/spec.md	REQ-AME-002
.moai/specs/SPEC-AGENT-MODEL-ENFORCE-001/spec.md	REQ-AME-003
.moai/specs/SPEC-AGENT-MODEL-ENFORCE-001/spec.md	REQ-AME-010
.moai/specs/SPEC-AGENT-MODEL-ENFORCE-001/spec.md	REQ-AME-011
.moai/specs/SPEC-AGENT-MODEL-ENFORCE-001/spec.md	REQ-AME-012
.moai/specs/SPEC-AGENT-MODEL-ENFORCE-001/spec.md	REQ-AME-013
.moai/specs/SPEC-AGENT-MODEL-ENFORCE-001/spec.md	REQ-AME-014
.moai/specs/SPEC-AGENT-MODEL-ENFORCE-001/spec.md	REQ-AME-015
.moai/specs/SPEC-AGENT-MODEL-ENFORCE-001/spec.md	REQ-AME-016
.moai/specs/SPEC-AGENT-MODEL-ENFORCE-001/spec.md	REQ-AME-020
.moai/specs/SPEC-AGENT-MODEL-ENFORCE-001/spec.md	REQ-AME-021
.moai/specs/SPEC-AGENT-MODEL-ENFORCE-001/spec.md	REQ-AME-022
.moai/specs/SPEC-AGENT-MODEL-ENFORCE-001/spec.md	REQ-AME-030
.moai/specs/SPEC-AGENT-MODEL-ENFORCE-001/spec.md	REQ-AME-031
.moai/specs/SPEC-AGENT-MODEL-ENFORCE-001/spec.md	REQ-AME-032
.moai/specs/SPEC-AGENT-MODEL-ENFORCE-001/spec.md	REQ-AME-033
.moai/specs/SPEC-AGENT-MODEL-ENFORCE-001/spec.md	REQ-AME-034
.moai/specs/SPEC-AGENT-MODEL-ENFORCE-001/spec.md	REQ-AME-035
.moai/specs/SPEC-AGENT-MODEL-ENFORCE-001/spec.md	REQ-AME-040
.moai/specs/SPEC-AGENT-MODEL-ENFORCE-001/spec.md	REQ-AME-041
.moai/specs/SPEC-AGENT-MODEL-ENFORCE-001/spec.md	REQ-AME-042
.moai/specs/SPEC-AGENT-MODEL-ENFORCE-001/spec.md	REQ-AME-043
.moai/specs/SPEC-AGENT-MODEL-ENFORCE-001/spec.md	REQ-AME-050
.moai/specs/SPEC-AGENT-MODEL-ENFORCE-001/spec.md	REQ-AME-051
.moai/specs/SPEC-AGENT-MODEL-ENFORCE-001/spec.md	REQ-AME-052
.moai/specs/SPEC-AGENT-MODEL-ENFORCE-001/spec.md	REQ-AME-053
.moai/specs/SPEC-AGENT-MODEL-ENFORCE-001/spec.md	REQ-AME-054
.moai/specs/SPEC-ALWAYS-LOADED-DIET-001/spec.md	REQ-ALD-007
.moai/specs/SPEC-ALWAYS-LOADED-DIET-001/spec.md	REQ-ALD-008
.moai/specs/SPEC-ALWAYS-LOADED-DIET-001/spec.md	REQ-ALD-009
.moai/specs/SPEC-AUDIT-PARTICIPANT-COUNT-001/spec.md	REQ-AMM-008
.moai/specs/SPEC-AUTONOMY-RUN-GOAL-001/spec.md	REQ-ARG-003
.moai/specs/SPEC-AUTONOMY-RUN-GOAL-001/spec.md	REQ-ARG-005
.moai/specs/SPEC-AUTONOMY-RUN-GOAL-001/spec.md	REQ-ARG-010
.moai/specs/SPEC-AUTONOMY-RUN-GOAL-001/spec.md	REQ-ARG-013
.moai/specs/SPEC-CACHE-ORDER-001/spec.md	REQ-CACHE-001
.moai/specs/SPEC-CACHE-ORDER-001/spec.md	REQ-CACHE-002
.moai/specs/SPEC-CACHE-ORDER-001/spec.md	REQ-CACHE-003
.moai/specs/SPEC-CACHE-ORDER-001/spec.md	REQ-CACHE-004
.moai/specs/SPEC-CACHE-ORDER-001/spec.md	REQ-CACHE-005
.moai/specs/SPEC-CACHE-ORDER-001/spec.md	REQ-CACHE-006
.moai/specs/SPEC-CACHE-ORDER-001/spec.md	REQ-CACHE-007
.moai/specs/SPEC-CACHE-ORDER-001/spec.md	REQ-CACHE-008
.moai/specs/SPEC-CACHE-ORDER-001/spec.md	REQ-CACHE-009
.moai/specs/SPEC-CACHE-ORDER-001/spec.md	REQ-CACHE-010
.moai/specs/SPEC-CACHE-ORDER-001/spec.md	REQ-CACHE-011
.moai/specs/SPEC-CACHE-ORDER-001/spec.md	REQ-CACHE-012
.moai/specs/SPEC-CACHE-ORDER-001/spec.md	REQ-CACHE-013
.moai/specs/SPEC-CACHE-ORDER-001/spec.md	REQ-CACHE-014
.moai/specs/SPEC-CACHE-ORDER-001/spec.md	REQ-CACHE-015
.moai/specs/SPEC-CACHE-ORDER-001/spec.md	REQ-CACHE-016
.moai/specs/SPEC-CC2178-TEAM-API-ALIGN-001/spec.md	REQ-CFG-002
.moai/specs/SPEC-CC2178-TEAM-API-ALIGN-001/spec.md	REQ-MIR-002
.moai/specs/SPEC-CC2178-TEAM-API-ALIGN-001/spec.md	REQ-TAA-002
.moai/specs/SPEC-CC2219-UPSTREAM-ALIGN-001/spec.md	REQ-F-001
.moai/specs/SPEC-CC2219-UPSTREAM-ALIGN-001/spec.md	REQ-F-002
.moai/specs/SPEC-CC2219-UPSTREAM-ALIGN-001/spec.md	REQ-GD1-001
.moai/specs/SPEC-CC2219-UPSTREAM-ALIGN-001/spec.md	REQ-GD1-002
.moai/specs/SPEC-CC2219-UPSTREAM-ALIGN-001/spec.md	REQ-GD1-003
.moai/specs/SPEC-CC2219-UPSTREAM-ALIGN-001/spec.md	REQ-GD1-004
.moai/specs/SPEC-CC2219-UPSTREAM-ALIGN-001/spec.md	REQ-GD1-005
.moai/specs/SPEC-CC2219-UPSTREAM-ALIGN-001/spec.md	REQ-GD1-006
.moai/specs/SPEC-CC2219-UPSTREAM-ALIGN-001/spec.md	REQ-GD2-001
.moai/specs/SPEC-CC2219-UPSTREAM-ALIGN-001/spec.md	REQ-GD2-002
.moai/specs/SPEC-CC2219-UPSTREAM-ALIGN-001/spec.md	REQ-GD2-003
.moai/specs/SPEC-CC2219-UPSTREAM-ALIGN-001/spec.md	REQ-GD2-004
.moai/specs/SPEC-CC2219-UPSTREAM-ALIGN-001/spec.md	REQ-GD4-001
.moai/specs/SPEC-CC2219-UPSTREAM-ALIGN-001/spec.md	REQ-GD4-002
.moai/specs/SPEC-CC2219-UPSTREAM-ALIGN-001/spec.md	REQ-GD4-003
.moai/specs/SPEC-CC2219-UPSTREAM-ALIGN-001/spec.md	REQ-GD4-004
.moai/specs/SPEC-CC2219-UPSTREAM-ALIGN-001/spec.md	REQ-GD4-005
.moai/specs/SPEC-CC2219-UPSTREAM-ALIGN-001/spec.md	REQ-GD5-001
.moai/specs/SPEC-CC2219-UPSTREAM-ALIGN-001/spec.md	REQ-GD6-001
.moai/specs/SPEC-CC2219-UPSTREAM-ALIGN-001/spec.md	REQ-GD7-001
.moai/specs/SPEC-CC2219-UPSTREAM-ALIGN-001/spec.md	REQ-GD8-001
.moai/specs/SPEC-CC2219-UPSTREAM-ALIGN-001/spec.md	REQ-GD9-001
.moai/specs/SPEC-CC2219-UPSTREAM-ALIGN-001/spec.md	REQ-X-001
.moai/specs/SPEC-CC2219-UPSTREAM-ALIGN-001/spec.md	REQ-X-002
.moai/specs/SPEC-CC2219-UPSTREAM-ALIGN-001/spec.md	REQ-X-003
.moai/specs/SPEC-CCSYNC-CLAUDEMD-001/spec.md	REQ-CCSYNC-001
.moai/specs/SPEC-CCSYNC-CLAUDEMD-001/spec.md	REQ-CCSYNC-002
.moai/specs/SPEC-CCSYNC-CLAUDEMD-001/spec.md	REQ-CCSYNC-003
.moai/specs/SPEC-CCSYNC-CLAUDEMD-001/spec.md	REQ-CCSYNC-004
.moai/specs/SPEC-CCSYNC-CLAUDEMD-001/spec.md	REQ-CCSYNC-005
.moai/specs/SPEC-CCSYNC-CLAUDEMD-001/spec.md	REQ-CCSYNC-006
.moai/specs/SPEC-CCSYNC-CLAUDEMD-001/spec.md	REQ-CCSYNC-007
.moai/specs/SPEC-CCSYNC-CLAUDEMD-001/spec.md	REQ-CCSYNC-008
.moai/specs/SPEC-CCSYNC-CLAUDEMD-001/spec.md	REQ-CCSYNC-009
.moai/specs/SPEC-CCSYNC-CLAUDEMD-001/spec.md	REQ-CCSYNC-010
.moai/specs/SPEC-CCSYNC-CLAUDEMD-001/spec.md	REQ-CCSYNC-011
.moai/specs/SPEC-CCSYNC-CLAUDEMD-001/spec.md	REQ-CCSYNC-012
.moai/specs/SPEC-CCSYNC-TOOLCAT-001/spec.md	REQ-CCSYNC-T-001
.moai/specs/SPEC-CCSYNC-TOOLCAT-001/spec.md	REQ-CCSYNC-T-002
.moai/specs/SPEC-CCSYNC-TOOLCAT-001/spec.md	REQ-CCSYNC-T-003
.moai/specs/SPEC-CCSYNC-TOOLCAT-001/spec.md	REQ-CCSYNC-T-005
.moai/specs/SPEC-CCSYNC-TOOLCAT-001/spec.md	REQ-CCSYNC-T-006
.moai/specs/SPEC-CCSYNC-TOOLCAT-001/spec.md	REQ-CCSYNC-T-007
.moai/specs/SPEC-CCSYNC-TOOLCAT-001/spec.md	REQ-CCSYNC-T-009
.moai/specs/SPEC-CCSYNC-TOOLCAT-001/spec.md	REQ-CCSYNC-T-010
.moai/specs/SPEC-CCSYNC-TOOLCAT-001/spec.md	REQ-CCSYNC-T-012
.moai/specs/SPEC-CI-TEST-OBSERVABILITY-001/spec.md	REQ-CTO-001
.moai/specs/SPEC-CI-TEST-OBSERVABILITY-001/spec.md	REQ-CTO-002
.moai/specs/SPEC-CI-TEST-OBSERVABILITY-001/spec.md	REQ-CTO-003
.moai/specs/SPEC-CI-TEST-OBSERVABILITY-001/spec.md	REQ-CTO-004
.moai/specs/SPEC-CI-TEST-OBSERVABILITY-001/spec.md	REQ-CTO-005
.moai/specs/SPEC-CI-TEST-OBSERVABILITY-001/spec.md	REQ-CTO-006
.moai/specs/SPEC-CI-TEST-OBSERVABILITY-001/spec.md	REQ-CTO-007
.moai/specs/SPEC-CI-TEST-OBSERVABILITY-001/spec.md	REQ-CTO-008
.moai/specs/SPEC-CI-TEST-OBSERVABILITY-001/spec.md	REQ-CTO-009
.moai/specs/SPEC-CI-TEST-OBSERVABILITY-001/spec.md	REQ-CTO-010
.moai/specs/SPEC-CI-TEST-OBSERVABILITY-001/spec.md	REQ-CTO-011
.moai/specs/SPEC-CLI-SUBPKG-SPLIT-001/spec.md	REQ-CSS-001
.moai/specs/SPEC-CLI-SUBPKG-SPLIT-001/spec.md	REQ-CSS-002
.moai/specs/SPEC-CLI-SUBPKG-SPLIT-001/spec.md	REQ-CSS-003
.moai/specs/SPEC-CLI-SUBPKG-SPLIT-001/spec.md	REQ-CSS-004
.moai/specs/SPEC-CLI-SUBPKG-SPLIT-001/spec.md	REQ-CSS-005
.moai/specs/SPEC-CLI-SUBPKG-SPLIT-001/spec.md	REQ-CSS-006
.moai/specs/SPEC-CLI-SUBPKG-SPLIT-001/spec.md	REQ-CSS-007
.moai/specs/SPEC-CLI-SUBPKG-SPLIT-001/spec.md	REQ-CSS-008
.moai/specs/SPEC-CLI-SUBPKG-SPLIT-001/spec.md	REQ-CSS-009
.moai/specs/SPEC-CLI-SUBPKG-SPLIT-001/spec.md	REQ-CSS-010
.moai/specs/SPEC-CLI-SUBPKG-SPLIT-001/spec.md	REQ-CSS-011
.moai/specs/SPEC-CLI-SUBPKG-SPLIT-001/spec.md	REQ-CSS-012
.moai/specs/SPEC-CLI-SUBPKG-SPLIT-001/spec.md	REQ-CSS-013
.moai/specs/SPEC-CLI-TUI-MODERNIZE-001/spec.md	REQ-TUIM-002
.moai/specs/SPEC-CLI-TUI-MODERNIZE-001/spec.md	REQ-TUIM-003
.moai/specs/SPEC-CLI-TUI-MODERNIZE-001/spec.md	REQ-TUIM-011
.moai/specs/SPEC-CLI-TUI-MODERNIZE-001/spec.md	REQ-TUIM-012
.moai/specs/SPEC-CLI-TUI-MODERNIZE-001/spec.md	REQ-TUIM-013
.moai/specs/SPEC-CLI-TUI-MODERNIZE-001/spec.md	REQ-TUIM-014
.moai/specs/SPEC-CLI-TUI-MODERNIZE-001/spec.md	REQ-TUIM-015
.moai/specs/SPEC-CLI-TUI-MODERNIZE-001/spec.md	REQ-TUIM-016
.moai/specs/SPEC-CLI-TUI-MODERNIZE-001/spec.md	REQ-TUIM-017
.moai/specs/SPEC-CLI-TUI-MODERNIZE-001/spec.md	REQ-TUIM-018
.moai/specs/SPEC-CLI-TUI-MODERNIZE-001/spec.md	REQ-TUIM-019
.moai/specs/SPEC-CLI-TUI-MODERNIZE-001/spec.md	REQ-TUIM-020
.moai/specs/SPEC-CLI-TUI-MODERNIZE-001/spec.md	REQ-TUIM-021
.moai/specs/SPEC-CLI-TUI-MODERNIZE-001/spec.md	REQ-TUIM-022
.moai/specs/SPEC-CLI-TUI-MODERNIZE-001/spec.md	REQ-TUIM-031
.moai/specs/SPEC-CLI-TUI-MODERNIZE-001/spec.md	REQ-TUIM-032
.moai/specs/SPEC-CLI-TUI-MODERNIZE-001/spec.md	REQ-TUIM-033
.moai/specs/SPEC-CLI-TUI-MODERNIZE-001/spec.md	REQ-TUIM-034
.moai/specs/SPEC-CLI-TUI-MODERNIZE-001/spec.md	REQ-TUIM-035
.moai/specs/SPEC-CLI-TUI-MODERNIZE-001/spec.md	REQ-TUIM-036
.moai/specs/SPEC-CLI-TUI-MODERNIZE-001/spec.md	REQ-TUIM-037
.moai/specs/SPEC-CLI-TUI-MODERNIZE-001/spec.md	REQ-TUIM-041
.moai/specs/SPEC-CLI-TUI-MODERNIZE-001/spec.md	REQ-TUIM-042
.moai/specs/SPEC-CLI-TUI-MODERNIZE-001/spec.md	REQ-TUIM-043
.moai/specs/SPEC-CLI-TUI-MODERNIZE-001/spec.md	REQ-TUIM-044
.moai/specs/SPEC-CLI-TUI-MODERNIZE-001/spec.md	REQ-TUIM-045
.moai/specs/SPEC-CLI-TUI-MODERNIZE-001/spec.md	REQ-TUIM-051
.moai/specs/SPEC-CLI-TUI-MODERNIZE-001/spec.md	REQ-TUIM-052
.moai/specs/SPEC-CLI-TUI-MODERNIZE-001/spec.md	REQ-TUIM-053
.moai/specs/SPEC-CLI-TUI-MODERNIZE-001/spec.md	REQ-TUIM-054
.moai/specs/SPEC-CLI-TUI-MODERNIZE-001/spec.md	REQ-TUIM-055
.moai/specs/SPEC-CLI-TUI-MODERNIZE-001/spec.md	REQ-TUIM-056
.moai/specs/SPEC-CLI-TUX-INIT-UPDATE-001/spec.md	REQ-TUXIU-002
.moai/specs/SPEC-CLI-TUX-INIT-UPDATE-001/spec.md	REQ-TUXIU-003
.moai/specs/SPEC-CLI-TUX-INIT-UPDATE-001/spec.md	REQ-TUXIU-013
.moai/specs/SPEC-CLI-TUX-INIT-UPDATE-001/spec.md	REQ-TUXIU-021
.moai/specs/SPEC-CLI-TUX-INIT-UPDATE-001/spec.md	REQ-TUXIU-052
.moai/specs/SPEC-CLI-TUX-INIT-UPDATE-001/spec.md	REQ-TUXIU-054
.moai/specs/SPEC-CLI-TUX-INIT-UPDATE-001/spec.md	REQ-TUXIU-056
.moai/specs/SPEC-CLI-TUX-V3-005/spec.md	REQ-CTX-017
.moai/specs/SPEC-CLI-UIKIT-KERNEL-001/spec.md	REQ-CUK-001
.moai/specs/SPEC-CLI-UIKIT-KERNEL-001/spec.md	REQ-CUK-002
.moai/specs/SPEC-CLI-UIKIT-KERNEL-001/spec.md	REQ-CUK-003
.moai/specs/SPEC-CLI-UIKIT-KERNEL-001/spec.md	REQ-CUK-004
.moai/specs/SPEC-CLI-UIKIT-KERNEL-001/spec.md	REQ-CUK-005
.moai/specs/SPEC-CLI-UIKIT-KERNEL-001/spec.md	REQ-CUK-006
.moai/specs/SPEC-CLI-UIKIT-KERNEL-001/spec.md	REQ-CUK-007
.moai/specs/SPEC-CLI-UIKIT-KERNEL-001/spec.md	REQ-CUK-008
.moai/specs/SPEC-CLI-UIKIT-KERNEL-001/spec.md	REQ-CUK-009
.moai/specs/SPEC-CLI-UIKIT-KERNEL-001/spec.md	REQ-CUK-010
.moai/specs/SPEC-CLI-UIKIT-KERNEL-001/spec.md	REQ-CUK-011
.moai/specs/SPEC-CLI-UIKIT-KERNEL-001/spec.md	REQ-CUK-012
.moai/specs/SPEC-CLI-UIKIT-KERNEL-001/spec.md	REQ-CUK-013
.moai/specs/SPEC-CODEMAPS-ACCURACY-001/spec.md	REQ-CMA-004
.moai/specs/SPEC-CODEMAPS-REFRESH-001/spec.md	REQ-CMR-001
.moai/specs/SPEC-CODEMAPS-REFRESH-001/spec.md	REQ-CMR-002
.moai/specs/SPEC-CODEMAPS-REFRESH-001/spec.md	REQ-CMR-003
.moai/specs/SPEC-CODEMAPS-REFRESH-001/spec.md	REQ-CMR-004
.moai/specs/SPEC-CODEMAPS-REFRESH-001/spec.md	REQ-CMR-005
.moai/specs/SPEC-CODEMAPS-REFRESH-001/spec.md	REQ-CMR-006
.moai/specs/SPEC-CODEMAPS-REFRESH-001/spec.md	REQ-CMR-007
.moai/specs/SPEC-CODEMAPS-REFRESH-001/spec.md	REQ-CMR-008
.moai/specs/SPEC-CODEMAPS-REFRESH-002/spec.md	REQ-CM2-011
.moai/specs/SPEC-CODEX-GHOST-SKILLS-MEASURE-001/spec.md	REQ-CGM-001
.moai/specs/SPEC-CODEX-GHOST-SKILLS-MEASURE-001/spec.md	REQ-CGM-002
.moai/specs/SPEC-CODEX-GHOST-SKILLS-MEASURE-001/spec.md	REQ-CGM-003
.moai/specs/SPEC-CODEX-GHOST-SKILLS-MEASURE-001/spec.md	REQ-CGM-004
.moai/specs/SPEC-CODEX-GHOST-SKILLS-MEASURE-001/spec.md	REQ-CGM-005
.moai/specs/SPEC-CODEX-GHOST-SKILLS-MEASURE-001/spec.md	REQ-CGM-006
.moai/specs/SPEC-CODEX-GHOST-SKILLS-MEASURE-001/spec.md	REQ-CGM-007
.moai/specs/SPEC-CODEX-GHOST-SKILLS-MEASURE-001/spec.md	REQ-CGM-008
.moai/specs/SPEC-CODEX-GHOST-SKILLS-MEASURE-001/spec.md	REQ-CGM-009
.moai/specs/SPEC-CODEX-GHOST-SKILLS-MEASURE-001/spec.md	REQ-CGM-010
.moai/specs/SPEC-CODEX-GHOST-SKILLS-MEASURE-001/spec.md	REQ-CGM-011
.moai/specs/SPEC-CODEX-INIT-001/spec.md	REQ-CI-001
.moai/specs/SPEC-CODEX-INIT-001/spec.md	REQ-CI-002
.moai/specs/SPEC-CODEX-INIT-001/spec.md	REQ-CI-003
.moai/specs/SPEC-CODEX-INIT-001/spec.md	REQ-CI-004
.moai/specs/SPEC-CODEX-INIT-001/spec.md	REQ-CI-005
.moai/specs/SPEC-CODEX-INIT-001/spec.md	REQ-CI-006
.moai/specs/SPEC-CODEX-INIT-001/spec.md	REQ-CI-007
.moai/specs/SPEC-CODEX-INIT-001/spec.md	REQ-CI-008
.moai/specs/SPEC-CODEX-INIT-001/spec.md	REQ-CI-009
.moai/specs/SPEC-CODEX-INIT-001/spec.md	REQ-CI-010
.moai/specs/SPEC-CODEX-INIT-001/spec.md	REQ-CI-011
.moai/specs/SPEC-CODEX-LAUNCHER-001/spec.md	REQ-CL-001
.moai/specs/SPEC-CODEX-LAUNCHER-001/spec.md	REQ-CL-002
.moai/specs/SPEC-CODEX-LAUNCHER-001/spec.md	REQ-CL-003
.moai/specs/SPEC-CODEX-LAUNCHER-001/spec.md	REQ-CL-004
.moai/specs/SPEC-CODEX-LAUNCHER-001/spec.md	REQ-CL-005
.moai/specs/SPEC-CODEX-LAUNCHER-001/spec.md	REQ-CL-006
.moai/specs/SPEC-CODEX-LAUNCHER-001/spec.md	REQ-CL-007
.moai/specs/SPEC-CODEX-LAUNCHER-001/spec.md	REQ-CL-008
.moai/specs/SPEC-CODEX-LAUNCHER-001/spec.md	REQ-CL-009
.moai/specs/SPEC-CODEX-LAUNCHER-001/spec.md	REQ-CL-010
.moai/specs/SPEC-CODEX-LAUNCHER-001/spec.md	REQ-CL-011
.moai/specs/SPEC-CODEX-LAUNCHER-001/spec.md	REQ-CL-012
.moai/specs/SPEC-CODEX-LAUNCHER-001/spec.md	REQ-CL-013
.moai/specs/SPEC-CODEX-LAUNCHER-001/spec.md	REQ-CL-014
.moai/specs/SPEC-CODEX-SKILL-LOADER-001/spec.md	REQ-CSL-001
.moai/specs/SPEC-CODEX-SKILL-LOADER-001/spec.md	REQ-CSL-002
.moai/specs/SPEC-CODEX-SKILL-LOADER-001/spec.md	REQ-CSL-003
.moai/specs/SPEC-CODEX-SKILL-LOADER-001/spec.md	REQ-CSL-004
.moai/specs/SPEC-CODEX-SKILL-LOADER-001/spec.md	REQ-CSL-005
.moai/specs/SPEC-CODEX-SKILL-LOADER-001/spec.md	REQ-CSL-006
.moai/specs/SPEC-CODEX-SKILL-LOADER-001/spec.md	REQ-CSL-007
.moai/specs/SPEC-CODEX-SKILL-LOADER-001/spec.md	REQ-CSL-008
.moai/specs/SPEC-CODEX-SKILL-LOADER-001/spec.md	REQ-CSL-009
.moai/specs/SPEC-CODEX-SKILL-LOADER-001/spec.md	REQ-CSL-010
.moai/specs/SPEC-CODEX-SKILL-LOADER-001/spec.md	REQ-CSL-011
.moai/specs/SPEC-CODEX-SKILL-LOADER-001/spec.md	REQ-CSL-012
.moai/specs/SPEC-CODEX-SKILL-LOADER-001/spec.md	REQ-CSL-013
.moai/specs/SPEC-CODEX-SKILL-NEUTRAL-001/spec.md	REQ-CSN-012
.moai/specs/SPEC-CODEX-SKILLCONFIG-SHAPE-001/spec.md	REQ-CSS-001
.moai/specs/SPEC-CODEX-SKILLCONFIG-SHAPE-001/spec.md	REQ-CSS-002
.moai/specs/SPEC-CODEX-SKILLCONFIG-SHAPE-001/spec.md	REQ-CSS-003
.moai/specs/SPEC-CODEX-SKILLCONFIG-SHAPE-001/spec.md	REQ-CSS-004
.moai/specs/SPEC-CODEX-SKILLCONFIG-SHAPE-001/spec.md	REQ-CSS-005
.moai/specs/SPEC-CODEX-SKILLCONFIG-SHAPE-001/spec.md	REQ-CSS-006
.moai/specs/SPEC-CODEX-SKILLCONFIG-SHAPE-001/spec.md	REQ-CSS-007
.moai/specs/SPEC-CODEX-SKILLCONFIG-SHAPE-001/spec.md	REQ-CSS-008
.moai/specs/SPEC-COMPLETION-MARKER-RETIRE-001/spec.md	REQ-CMR-001
.moai/specs/SPEC-COMPLETION-MARKER-RETIRE-001/spec.md	REQ-CMR-002
.moai/specs/SPEC-COMPLETION-MARKER-RETIRE-001/spec.md	REQ-CMR-003
.moai/specs/SPEC-COMPLETION-MARKER-RETIRE-001/spec.md	REQ-CMR-004
.moai/specs/SPEC-COMPLETION-MARKER-RETIRE-001/spec.md	REQ-CMR-005
.moai/specs/SPEC-COMPLETION-MARKER-RETIRE-001/spec.md	REQ-CMR-006
.moai/specs/SPEC-COMPLETION-MARKER-RETIRE-001/spec.md	REQ-CMR-007
.moai/specs/SPEC-COMPLETION-MARKER-RETIRE-001/spec.md	REQ-CMR-008
.moai/specs/SPEC-COMPLETION-MARKER-RETIRE-001/spec.md	REQ-CMR-009
.moai/specs/SPEC-COMPLETION-MARKER-RETIRE-001/spec.md	REQ-CMR-010
.moai/specs/SPEC-COMPLETION-MARKER-RETIRE-001/spec.md	REQ-CMR-011
.moai/specs/SPEC-COMPLETION-MARKER-RETIRE-001/spec.md	REQ-CMR-012
.moai/specs/SPEC-COMPLETION-MARKER-RETIRE-001/spec.md	REQ-CMR-013
.moai/specs/SPEC-COMPLETION-MARKER-RETIRE-001/spec.md	REQ-CMR-014
.moai/specs/SPEC-COMPLETION-MARKER-RETIRE-001/spec.md	REQ-CMR-015
.moai/specs/SPEC-CONFIG-001/spec.md	REQ-METHOD-001
.moai/specs/SPEC-CONFIG-001/spec.md	REQ-METHOD-002
.moai/specs/SPEC-CONFIG-001/spec.md	REQ-METHOD-003
.moai/specs/SPEC-CONFIG-001/spec.md	REQ-METHOD-004
.moai/specs/SPEC-CONFIG-001/spec.md	REQ-METHOD-005
.moai/specs/SPEC-CONFIG-001/spec.md	REQ-METHOD-006
.moai/specs/SPEC-CONFIG-AUDIT-REPAIR-001/spec.md	REQ-CAR-001
.moai/specs/SPEC-CONFIG-AUDIT-REPAIR-001/spec.md	REQ-CAR-002
.moai/specs/SPEC-CONFIG-AUDIT-REPAIR-001/spec.md	REQ-CAR-003
.moai/specs/SPEC-CONFIG-AUDIT-REPAIR-001/spec.md	REQ-CAR-004
.moai/specs/SPEC-CONFIG-AUDIT-REPAIR-001/spec.md	REQ-CAR-005
.moai/specs/SPEC-CONFIG-AUDIT-REPAIR-001/spec.md	REQ-CAR-006
.moai/specs/SPEC-CONFIG-AUDIT-REPAIR-001/spec.md	REQ-CAR-007
.moai/specs/SPEC-CONFIG-AUDIT-REPAIR-001/spec.md	REQ-CAR-008
.moai/specs/SPEC-CONFIG-AUDIT-REPAIR-001/spec.md	REQ-CAR-009
.moai/specs/SPEC-CONFIG-AUDIT-REPAIR-001/spec.md	REQ-CAR-010
.moai/specs/SPEC-CONFIG-AUDIT-REPAIR-001/spec.md	REQ-CAR-011
.moai/specs/SPEC-CONFIG-AUDIT-REPAIR-001/spec.md	REQ-CAR-012
.moai/specs/SPEC-CONFIG-AUDIT-REPAIR-001/spec.md	REQ-CAR-013
.moai/specs/SPEC-CONFIG-AUDIT-REPAIR-001/spec.md	REQ-CAR-014
.moai/specs/SPEC-CONFIG-AUDIT-REPAIR-001/spec.md	REQ-CAR-015
.moai/specs/SPEC-CONFIG-AUDIT-REPAIR-001/spec.md	REQ-CAR-016
.moai/specs/SPEC-CONFIG-AUDIT-REPAIR-001/spec.md	REQ-CAR-017
.moai/specs/SPEC-CONFIG-AUDIT-REPAIR-001/spec.md	REQ-CAR-018
.moai/specs/SPEC-CONFIG-AUDIT-REPAIR-001/spec.md	REQ-CAR-019
.moai/specs/SPEC-CONFIG-AUDIT-REPAIR-001/spec.md	REQ-CAR-020
.moai/specs/SPEC-CONFIG-AUDIT-REPAIR-001/spec.md	REQ-CAR-021
.moai/specs/SPEC-CONFIG-MODE-MIGRATE-001/spec.md	REQ-MIG-001
.moai/specs/SPEC-CONFIG-MODE-MIGRATE-001/spec.md	REQ-MIG-002
.moai/specs/SPEC-CONFIG-SECTION-INTEGRITY-001/spec.md	REQ-CSI-001
.moai/specs/SPEC-CONFIG-SECTION-INTEGRITY-001/spec.md	REQ-CSI-002
.moai/specs/SPEC-CONFIG-SECTION-INTEGRITY-001/spec.md	REQ-CSI-003
.moai/specs/SPEC-CONFIG-SECTION-INTEGRITY-001/spec.md	REQ-CSI-004
.moai/specs/SPEC-CONFIG-SECTION-INTEGRITY-001/spec.md	REQ-CSI-005
.moai/specs/SPEC-CONFIG-SECTION-INTEGRITY-001/spec.md	REQ-CSI-006
.moai/specs/SPEC-CONFIG-SECTION-INTEGRITY-001/spec.md	REQ-CSI-007
.moai/specs/SPEC-CONFIG-SECTION-INTEGRITY-001/spec.md	REQ-CSI-008
.moai/specs/SPEC-CONFIG-SECTION-INTEGRITY-001/spec.md	REQ-CSI-009
.moai/specs/SPEC-CONFIG-SECTION-INTEGRITY-001/spec.md	REQ-CSI-010
.moai/specs/SPEC-CONFIG-SECTION-INTEGRITY-001/spec.md	REQ-CSI-011
.moai/specs/SPEC-CONFIG-SECTION-INTEGRITY-001/spec.md	REQ-CSI-012
.moai/specs/SPEC-CONFIG-SECTION-INTEGRITY-001/spec.md	REQ-CSI-013
.moai/specs/SPEC-CONFIG-SECTION-INTEGRITY-001/spec.md	REQ-CSI-014
.moai/specs/SPEC-CONFIG-TIER-PERSIST-001/spec.md	REQ-CTP-001
.moai/specs/SPEC-CONFIG-TIER-PERSIST-001/spec.md	REQ-CTP-002
.moai/specs/SPEC-CONFIG-TIER-PERSIST-001/spec.md	REQ-CTP-003
.moai/specs/SPEC-CONFIG-TIER-PERSIST-001/spec.md	REQ-CTP-004
.moai/specs/SPEC-CONFIG-TIER-PERSIST-001/spec.md	REQ-CTP-006
.moai/specs/SPEC-CONFIG-TIER-PERSIST-001/spec.md	REQ-CTP-007
.moai/specs/SPEC-CONFIG-TIER-PERSIST-001/spec.md	REQ-CTP-008
.moai/specs/SPEC-CONFIG-TIER-PERSIST-001/spec.md	REQ-CTP-009
.moai/specs/SPEC-CONFIG-TIER-PERSIST-001/spec.md	REQ-CTP-010
.moai/specs/SPEC-CONFIG-TIER-PERSIST-001/spec.md	REQ-CTP-011
.moai/specs/SPEC-CONFIG-TIER-PERSIST-001/spec.md	REQ-CTP-012
.moai/specs/SPEC-CONFIG-TIER-PERSIST-001/spec.md	REQ-CTP-013
.moai/specs/SPEC-CONFIG-TIER-PERSIST-001/spec.md	REQ-CTP-014
.moai/specs/SPEC-CONFIG-TIER-PERSIST-001/spec.md	REQ-CTP-015
.moai/specs/SPEC-CONFIG-TIER-PERSIST-001/spec.md	REQ-CTP-016
.moai/specs/SPEC-CONFIG-TIER-PERSIST-001/spec.md	REQ-CTP-017
.moai/specs/SPEC-CONFIG-TIER-PERSIST-001/spec.md	REQ-CTP-018
.moai/specs/SPEC-CONFIG-TIER-PERSIST-001/spec.md	REQ-CTP-019
.moai/specs/SPEC-CONFIG-TIER-PERSIST-001/spec.md	REQ-CTP-020
.moai/specs/SPEC-CONFIG-TIER-PERSIST-001/spec.md	REQ-CTP-021
.moai/specs/SPEC-CONFIG-TIER-PERSIST-001/spec.md	REQ-CTP-022
.moai/specs/SPEC-CONFIG-TIER-PERSIST-001/spec.md	REQ-CTP-023
.moai/specs/SPEC-CONFIG-TIER-PERSIST-001/spec.md	REQ-CTP-024
.moai/specs/SPEC-CONFIG-TIER-PERSIST-001/spec.md	REQ-CTP-025
.moai/specs/SPEC-CONFIG-TIER-PERSIST-001/spec.md	REQ-CTP-026
.moai/specs/SPEC-CONFIG-TIER-PERSIST-001/spec.md	REQ-CTP-027
.moai/specs/SPEC-CONFIG-TIER-PERSIST-001/spec.md	REQ-CTP-028
.moai/specs/SPEC-CONFIG-TIER-PERSIST-001/spec.md	REQ-CTP-029
.moai/specs/SPEC-CONFIG-TIER-PERSIST-001/spec.md	REQ-CTP-030
.moai/specs/SPEC-CONFIG-TIER-PERSIST-001/spec.md	REQ-CTP-031
.moai/specs/SPEC-CONFIG-TIER-PERSIST-001/spec.md	REQ-CTP-032
.moai/specs/SPEC-CONFIG-TIER-PERSIST-001/spec.md	REQ-CTP-033
.moai/specs/SPEC-CONFIG-TIER-PERSIST-001/spec.md	REQ-CTP-034
.moai/specs/SPEC-CONFIG-TIER-PERSIST-001/spec.md	REQ-CTP-035
.moai/specs/SPEC-CONFIG-TIER-RESOLVE-001/spec.md	REQ-CTR-001
.moai/specs/SPEC-CONFIG-TIER-RESOLVE-001/spec.md	REQ-CTR-002
.moai/specs/SPEC-CONFIG-TIER-RESOLVE-001/spec.md	REQ-CTR-003
.moai/specs/SPEC-CONFIG-TIER-RESOLVE-001/spec.md	REQ-CTR-004
.moai/specs/SPEC-CONFIG-TIER-RESOLVE-001/spec.md	REQ-CTR-006
.moai/specs/SPEC-CONFIG-TIER-RESOLVE-001/spec.md	REQ-CTR-007
.moai/specs/SPEC-CONFIG-TIER-RESOLVE-001/spec.md	REQ-CTR-008
.moai/specs/SPEC-CONFIG-TIER-RESOLVE-001/spec.md	REQ-CTR-009
.moai/specs/SPEC-CONFIG-TIER-RESOLVE-001/spec.md	REQ-CTR-010
.moai/specs/SPEC-CONFIG-TIER-RESOLVE-001/spec.md	REQ-CTR-011
.moai/specs/SPEC-CONFIG-TIER-RESOLVE-001/spec.md	REQ-CTR-012
.moai/specs/SPEC-CONFIG-TIER-RESOLVE-001/spec.md	REQ-CTR-013
.moai/specs/SPEC-CONFIG-TIER-RESOLVE-001/spec.md	REQ-CTR-014
.moai/specs/SPEC-CONTEXT-INJ-001/spec.md	REQ-CI-001
.moai/specs/SPEC-CONTEXT-INJ-001/spec.md	REQ-CI-002
.moai/specs/SPEC-CONTEXT-INJ-001/spec.md	REQ-CI-003
.moai/specs/SPEC-CONTEXT-INJ-001/spec.md	REQ-CI-004
.moai/specs/SPEC-CONTEXT-INJ-001/spec.md	REQ-CI-005
.moai/specs/SPEC-CONTEXT-INJ-001/spec.md	REQ-CI-006
.moai/specs/SPEC-CONTEXT-INJ-001/spec.md	REQ-CI-007
.moai/specs/SPEC-CONTEXT-INJ-001/spec.md	REQ-CI-008
.moai/specs/SPEC-CONTEXT-INJ-001/spec.md	REQ-CI-009
.moai/specs/SPEC-CONTEXT-INJ-001/spec.md	REQ-CI-010
.moai/specs/SPEC-CONTEXT-INJ-001/spec.md	REQ-CI-011
.moai/specs/SPEC-CONTEXT-INJ-001/spec.md	REQ-CI-012
.moai/specs/SPEC-CONTEXT-INJ-001/spec.md	REQ-CI-013
.moai/specs/SPEC-CONTEXT-INJ-001/spec.md	REQ-CI-014
.moai/specs/SPEC-CONTEXT-INJ-001/spec.md	REQ-CI-015
.moai/specs/SPEC-CONTEXT-INJ-001/spec.md	REQ-CI-016
.moai/specs/SPEC-CRON-PATTERN-001/spec.md	REQ-CRON-001
.moai/specs/SPEC-CRON-PATTERN-001/spec.md	REQ-CRON-002
.moai/specs/SPEC-CRON-PATTERN-001/spec.md	REQ-CRON-003
.moai/specs/SPEC-CRON-PATTERN-001/spec.md	REQ-CRON-004
.moai/specs/SPEC-CRON-PATTERN-001/spec.md	REQ-CRON-005
.moai/specs/SPEC-CRON-PATTERN-001/spec.md	REQ-CRON-006
.moai/specs/SPEC-CRON-PATTERN-001/spec.md	REQ-CRON-007
.moai/specs/SPEC-CRON-PATTERN-001/spec.md	REQ-CRON-008
.moai/specs/SPEC-CRON-PATTERN-001/spec.md	REQ-CRON-009
.moai/specs/SPEC-CRON-PATTERN-001/spec.md	REQ-CRON-010
.moai/specs/SPEC-CRON-PATTERN-001/spec.md	REQ-CRON-011
.moai/specs/SPEC-CRON-PATTERN-001/spec.md	REQ-CRON-012
.moai/specs/SPEC-CRON-PATTERN-001/spec.md	REQ-CRON-013
.moai/specs/SPEC-CRON-PATTERN-001/spec.md	REQ-CRON-014
.moai/specs/SPEC-CRON-PATTERN-001/spec.md	REQ-CRON-015
.moai/specs/SPEC-CRON-PATTERN-001/spec.md	REQ-CRON-016
.moai/specs/SPEC-DB-SYNC-RELOC-001/spec.md	REQ-RELOC-COMPAT-001
.moai/specs/SPEC-DB-SYNC-RELOC-001/spec.md	REQ-RELOC-COMPAT-002
.moai/specs/SPEC-DB-SYNC-RELOC-001/spec.md	REQ-RELOC-COMPAT-003
.moai/specs/SPEC-DB-SYNC-RELOC-001/spec.md	REQ-RELOC-CONFIG-001
.moai/specs/SPEC-DB-SYNC-RELOC-001/spec.md	REQ-RELOC-CONFIG-002
.moai/specs/SPEC-DB-SYNC-RELOC-001/spec.md	REQ-RELOC-HOOK-001
.moai/specs/SPEC-DB-SYNC-RELOC-001/spec.md	REQ-RELOC-HOOK-002
.moai/specs/SPEC-DB-SYNC-RELOC-001/spec.md	REQ-RELOC-HOOK-003
.moai/specs/SPEC-DB-SYNC-RELOC-001/spec.md	REQ-RELOC-SYNC-001
.moai/specs/SPEC-DB-SYNC-RELOC-001/spec.md	REQ-RELOC-SYNC-002
.moai/specs/SPEC-DB-SYNC-RELOC-001/spec.md	REQ-RELOC-SYNC-003
.moai/specs/SPEC-DEADPKG-INVESTIGATE-001/spec.md	REQ-DPI-003
.moai/specs/SPEC-DESIGN-DOCSV2-001/spec.md	REQ-BLD-003
.moai/specs/SPEC-DESIGN-DOCSV2-001/spec.md	REQ-BLD-004
.moai/specs/SPEC-DESIGN-DOCSV2-001/spec.md	REQ-CMP-002
.moai/specs/SPEC-DESIGN-DOCSV2-001/spec.md	REQ-CMP-004
.moai/specs/SPEC-DESIGN-DOCSV2-001/spec.md	REQ-CMP-007
.moai/specs/SPEC-DESIGN-DOCSV2-001/spec.md	REQ-I18N-002
.moai/specs/SPEC-DESIGN-DOCSV2-001/spec.md	REQ-LAY-006
.moai/specs/SPEC-DESIGN-DOCSV2-001/spec.md	REQ-LIT-002
.moai/specs/SPEC-DESIGN-DOCSV2-001/spec.md	REQ-MAS-004
.moai/specs/SPEC-DESIGN-DOCSV2-001/spec.md	REQ-MER-003
.moai/specs/SPEC-DESIGN-DOCSV2-001/spec.md	REQ-TOK-008
.moai/specs/SPEC-DESIGN-DOCSV2-001/spec.md	REQ-TOK-009
.moai/specs/SPEC-DESIGN-DOCSV2-001/spec.md	REQ-TYP-002
.moai/specs/SPEC-DESIGN-DOCSV2-001/spec.md	REQ-TYP-006
.moai/specs/SPEC-DESIGN-MOAIWEBV2-001/spec.md	REQ-MWV2-014
.moai/specs/SPEC-DESIGN-MOAIWEBV2-001/spec.md	REQ-MWV2-021
.moai/specs/SPEC-DESIGN-MOAIWEBV2-001/spec.md	REQ-MWV2-041
.moai/specs/SPEC-DESIGN-MOAIWEBV2-002/spec.md	REQ-MWA-011
.moai/specs/SPEC-DESKTOP-NATIVE-E2E-001/spec.md	REQ-DNE-001
.moai/specs/SPEC-DESKTOP-NATIVE-E2E-001/spec.md	REQ-DNE-002
.moai/specs/SPEC-DESKTOP-NATIVE-E2E-001/spec.md	REQ-DNE-003
.moai/specs/SPEC-DESKTOP-NATIVE-E2E-001/spec.md	REQ-DNE-004
.moai/specs/SPEC-DESKTOP-NATIVE-E2E-001/spec.md	REQ-DNE-005
.moai/specs/SPEC-DESKTOP-NATIVE-E2E-001/spec.md	REQ-DNE-006
.moai/specs/SPEC-DESKTOP-NATIVE-E2E-001/spec.md	REQ-DNE-007
.moai/specs/SPEC-DESKTOP-NATIVE-E2E-001/spec.md	REQ-DNE-008
.moai/specs/SPEC-DESKTOP-NATIVE-E2E-001/spec.md	REQ-DNE-009
.moai/specs/SPEC-DESKTOP-NATIVE-E2E-001/spec.md	REQ-DNE-100
.moai/specs/SPEC-DESKTOP-NATIVE-E2E-001/spec.md	REQ-DNE-101
.moai/specs/SPEC-DESKTOP-NATIVE-E2E-001/spec.md	REQ-DNE-102
.moai/specs/SPEC-DESKTOP-NATIVE-E2E-001/spec.md	REQ-DNE-103
.moai/specs/SPEC-DESKTOP-NATIVE-E2E-001/spec.md	REQ-DNE-104
.moai/specs/SPEC-DESKTOP-NATIVE-E2E-001/spec.md	REQ-DNE-105
.moai/specs/SPEC-DESKTOP-NATIVE-E2E-001/spec.md	REQ-DNE-106
.moai/specs/SPEC-DESKTOP-NATIVE-E2E-001/spec.md	REQ-DNE-107
.moai/specs/SPEC-DESKTOP-NATIVE-E2E-001/spec.md	REQ-DNE-108
.moai/specs/SPEC-DESKTOP-NATIVE-E2E-001/spec.md	REQ-DNE-109
.moai/specs/SPEC-DESKTOP-NATIVE-E2E-001/spec.md	REQ-DNE-110
.moai/specs/SPEC-DESKTOP-NATIVE-E2E-001/spec.md	REQ-DNE-111
.moai/specs/SPEC-DESKTOP-NATIVE-E2E-001/spec.md	REQ-DNE-112
.moai/specs/SPEC-DESKTOP-NATIVE-E2E-001/spec.md	REQ-DNE-200
.moai/specs/SPEC-DESKTOP-NATIVE-E2E-001/spec.md	REQ-DNE-201
.moai/specs/SPEC-DESKTOP-NATIVE-E2E-001/spec.md	REQ-DNE-300
.moai/specs/SPEC-DESKTOP-NATIVE-E2E-001/spec.md	REQ-DNE-301
.moai/specs/SPEC-DESKTOP-NATIVE-E2E-001/spec.md	REQ-DNE-302
.moai/specs/SPEC-DESKTOP-NATIVE-E2E-001/spec.md	REQ-DNE-303
.moai/specs/SPEC-DESKTOP-NATIVE-E2E-001/spec.md	REQ-DNE-304
.moai/specs/SPEC-DESKTOP-NATIVE-E2E-001/spec.md	REQ-DNE-305
.moai/specs/SPEC-DISCOVERY-UNKNOWNS-001/spec.md	REQ-DU-001
.moai/specs/SPEC-DISCOVERY-UNKNOWNS-001/spec.md	REQ-DU-002
.moai/specs/SPEC-DISCOVERY-UNKNOWNS-001/spec.md	REQ-DU-003
.moai/specs/SPEC-DISCOVERY-UNKNOWNS-001/spec.md	REQ-DU-004
.moai/specs/SPEC-DISCOVERY-UNKNOWNS-001/spec.md	REQ-DU-005
.moai/specs/SPEC-DISCOVERY-UNKNOWNS-001/spec.md	REQ-DU-006
.moai/specs/SPEC-DISCOVERY-UNKNOWNS-001/spec.md	REQ-DU-007
.moai/specs/SPEC-DISCOVERY-UNKNOWNS-001/spec.md	REQ-DU-008
.moai/specs/SPEC-DISCOVERY-UNKNOWNS-001/spec.md	REQ-DU-009
.moai/specs/SPEC-DISCOVERY-UNKNOWNS-001/spec.md	REQ-DU-010
.moai/specs/SPEC-DISCOVERY-UNKNOWNS-001/spec.md	REQ-DU-011
.moai/specs/SPEC-DISCOVERY-UNKNOWNS-001/spec.md	REQ-DU-012
.moai/specs/SPEC-DISCOVERY-UNKNOWNS-001/spec.md	REQ-DU-013
.moai/specs/SPEC-DISCOVERY-UNKNOWNS-001/spec.md	REQ-DU-014
.moai/specs/SPEC-DISCOVERY-UNKNOWNS-001/spec.md	REQ-DU-015
.moai/specs/SPEC-DIVECC-HOOK-FAILURE-MODE-AUDIT-001/spec.md	REQ-DIVECC-001
.moai/specs/SPEC-DIVECC-HOOK-FAILURE-MODE-AUDIT-001/spec.md	REQ-DIVECC-002
.moai/specs/SPEC-DIVECC-HOOK-FAILURE-MODE-AUDIT-001/spec.md	REQ-DIVECC-003
.moai/specs/SPEC-DIVECC-HOOK-FAILURE-MODE-AUDIT-001/spec.md	REQ-DIVECC-004
.moai/specs/SPEC-DIVECC-HOOK-FAILURE-MODE-AUDIT-001/spec.md	REQ-DIVECC-005
.moai/specs/SPEC-DIVECC-HOOK-FAILURE-MODE-AUDIT-001/spec.md	REQ-DIVECC-006
.moai/specs/SPEC-DIVECC-HOOK-FAILURE-MODE-AUDIT-001/spec.md	REQ-DIVECC-007
.moai/specs/SPEC-DIVECC-HOOK-FAILURE-MODE-AUDIT-001/spec.md	REQ-DIVECC-008
.moai/specs/SPEC-DIVECC-HOOK-FAILURE-MODE-AUDIT-001/spec.md	REQ-DIVECC-009
.moai/specs/SPEC-DIVECC-HOOK-FAILURE-MODE-AUDIT-001/spec.md	REQ-DIVECC-010
.moai/specs/SPEC-DIVECC-HOOK-FAILURE-MODE-AUDIT-001/spec.md	REQ-DIVECC-011
.moai/specs/SPEC-DIVECC-HOOK-FAILURE-MODE-AUDIT-001/spec.md	REQ-DIVECC-012
.moai/specs/SPEC-DIVECC-HOOK-FAILURE-MODE-AUDIT-001/spec.md	REQ-DIVECC-013
.moai/specs/SPEC-DIVECC-HOOK-FAILURE-MODE-AUDIT-001/spec.md	REQ-DIVECC-014
.moai/specs/SPEC-DIVECC-OBSERVABILITY-LOOP-001/spec.md	REQ-OBL-001
.moai/specs/SPEC-DIVECC-OBSERVABILITY-LOOP-001/spec.md	REQ-OBL-002
.moai/specs/SPEC-DIVECC-OBSERVABILITY-LOOP-001/spec.md	REQ-OBL-003
.moai/specs/SPEC-DIVECC-OBSERVABILITY-LOOP-001/spec.md	REQ-OBL-004
.moai/specs/SPEC-DIVECC-OBSERVABILITY-LOOP-001/spec.md	REQ-OBL-005
.moai/specs/SPEC-DIVECC-OBSERVABILITY-LOOP-001/spec.md	REQ-OBL-006
.moai/specs/SPEC-DIVECC-OBSERVABILITY-LOOP-001/spec.md	REQ-OBL-007
.moai/specs/SPEC-DIVECC-OBSERVABILITY-LOOP-001/spec.md	REQ-OBL-008
.moai/specs/SPEC-DIVECC-OBSERVABILITY-LOOP-001/spec.md	REQ-OBL-009
.moai/specs/SPEC-DIVECC-OBSERVABILITY-LOOP-001/spec.md	REQ-OBL-010
.moai/specs/SPEC-DIVECC-OBSERVABILITY-LOOP-001/spec.md	REQ-OBL-011
.moai/specs/SPEC-DIVECC-OBSERVABILITY-LOOP-001/spec.md	REQ-OBL-012
.moai/specs/SPEC-DIVECC-OBSERVABILITY-LOOP-001/spec.md	REQ-OBL-013
.moai/specs/SPEC-DIVECC-OBSERVABILITY-LOOP-001/spec.md	REQ-OBL-014
.moai/specs/SPEC-DIVECC-OBSERVABILITY-LOOP-001/spec.md	REQ-OBL-015
.moai/specs/SPEC-DOCS-CODEX-WIRING-CALLOUT-001/spec.md	REQ-DWC-001
.moai/specs/SPEC-DOCS-CODEX-WIRING-CALLOUT-001/spec.md	REQ-DWC-002
.moai/specs/SPEC-DOCS-CODEX-WIRING-CALLOUT-001/spec.md	REQ-DWC-003
.moai/specs/SPEC-DOCS-CODEX-WIRING-CALLOUT-001/spec.md	REQ-DWC-004
.moai/specs/SPEC-DOCS-CODEX-WIRING-CALLOUT-001/spec.md	REQ-DWC-005
.moai/specs/SPEC-DOCS-CODEX-WIRING-CALLOUT-001/spec.md	REQ-DWC-006
.moai/specs/SPEC-DOCS-CODEX-WIRING-CALLOUT-001/spec.md	REQ-DWC-007
.moai/specs/SPEC-DOCS-CODEX-WIRING-CALLOUT-001/spec.md	REQ-DWC-008
.moai/specs/SPEC-DOCS-CODEX-WIRING-CALLOUT-001/spec.md	REQ-DWC-009
.moai/specs/SPEC-DOCS-CODEX-WIRING-CALLOUT-001/spec.md	REQ-DWC-010
.moai/specs/SPEC-DOCS-CODEX-WIRING-CALLOUT-001/spec.md	REQ-DWC-011
.moai/specs/SPEC-DOCS-CODEX-WIRING-CALLOUT-001/spec.md	REQ-DWC-012
.moai/specs/SPEC-DOCS-CODEX-WIRING-CALLOUT-001/spec.md	REQ-DWC-013
.moai/specs/SPEC-DOCS-CODEX-WIRING-CALLOUT-001/spec.md	REQ-DWC-014
.moai/specs/SPEC-DOCS-CODEX-WIRING-CALLOUT-001/spec.md	REQ-DWC-015
.moai/specs/SPEC-DOCS-SB-REMOVE-001/spec.md	REQ-DOCS-BUILD-001
.moai/specs/SPEC-DOCS-SB-REMOVE-001/spec.md	REQ-DOCS-BUILD-002
.moai/specs/SPEC-DOCS-SB-REMOVE-001/spec.md	REQ-DOCS-EN-001
.moai/specs/SPEC-DOCS-SB-REMOVE-001/spec.md	REQ-DOCS-JA-001
.moai/specs/SPEC-DOCS-SB-REMOVE-001/spec.md	REQ-DOCS-KO-001
.moai/specs/SPEC-DOCS-SB-REMOVE-001/spec.md	REQ-DOCS-KO-002
.moai/specs/SPEC-DOCS-SB-REMOVE-001/spec.md	REQ-DOCS-KO-003
.moai/specs/SPEC-DOCS-SB-REMOVE-001/spec.md	REQ-DOCS-KO-004
.moai/specs/SPEC-DOCS-SB-REMOVE-001/spec.md	REQ-DOCS-ZH-001
.moai/specs/SPEC-DOCS-V313-CATCHUP-001/spec.md	REQ-DVC-001
.moai/specs/SPEC-DOCS-V313-CATCHUP-001/spec.md	REQ-DVC-002
.moai/specs/SPEC-DOCS-V313-CATCHUP-001/spec.md	REQ-DVC-003
.moai/specs/SPEC-DOCS-V313-CATCHUP-001/spec.md	REQ-DVC-004
.moai/specs/SPEC-DOCS-V313-CATCHUP-001/spec.md	REQ-DVC-005
.moai/specs/SPEC-DOCS-V313-CATCHUP-001/spec.md	REQ-DVC-006
.moai/specs/SPEC-DOCS-V313-CATCHUP-001/spec.md	REQ-DVC-007
.moai/specs/SPEC-DOCS-V313-CATCHUP-001/spec.md	REQ-DVC-008
.moai/specs/SPEC-DOCSITE-E2E-001/spec.md	REQ-DSE-203
.moai/specs/SPEC-ERA-H3-NARROWING-001/spec.md	REQ-EH3-001
.moai/specs/SPEC-ERA-H3-NARROWING-001/spec.md	REQ-EH3-002
.moai/specs/SPEC-ERA-H3-NARROWING-001/spec.md	REQ-EH3-003
.moai/specs/SPEC-ERA-H3-NARROWING-001/spec.md	REQ-EH3-004
.moai/specs/SPEC-ERA-H3-NARROWING-001/spec.md	REQ-EH3-005
.moai/specs/SPEC-ERA-H3-NARROWING-001/spec.md	REQ-EH3-006
.moai/specs/SPEC-FACTORY-WORKER-FANOUT-001/spec.md	REQ-FF-001
.moai/specs/SPEC-FACTORY-WORKER-FANOUT-001/spec.md	REQ-FF-002
.moai/specs/SPEC-FACTORY-WORKER-FANOUT-001/spec.md	REQ-FF-003
.moai/specs/SPEC-FACTORY-WORKER-FANOUT-001/spec.md	REQ-FF-004
.moai/specs/SPEC-FACTORY-WORKER-FANOUT-001/spec.md	REQ-FF-005
.moai/specs/SPEC-FACTORY-WORKER-FANOUT-001/spec.md	REQ-FF-006
.moai/specs/SPEC-FACTORY-WORKER-FANOUT-001/spec.md	REQ-FF-007
.moai/specs/SPEC-FACTORY-WORKER-FANOUT-001/spec.md	REQ-FF-008
.moai/specs/SPEC-FALSE-ALLCLEAR-GUARD-001/spec.md	REQ-FAG-001
.moai/specs/SPEC-FALSE-ALLCLEAR-GUARD-001/spec.md	REQ-FAG-002
.moai/specs/SPEC-FALSE-ALLCLEAR-GUARD-001/spec.md	REQ-FAG-003
.moai/specs/SPEC-FALSE-ALLCLEAR-GUARD-001/spec.md	REQ-FAG-004
.moai/specs/SPEC-FALSE-ALLCLEAR-GUARD-001/spec.md	REQ-FAG-005
.moai/specs/SPEC-FALSE-ALLCLEAR-GUARD-001/spec.md	REQ-FAG-006
.moai/specs/SPEC-FALSE-ALLCLEAR-GUARD-001/spec.md	REQ-FAG-007
.moai/specs/SPEC-FALSE-ALLCLEAR-GUARD-001/spec.md	REQ-FAG-008
.moai/specs/SPEC-FALSE-ALLCLEAR-GUARD-001/spec.md	REQ-FAG-009
.moai/specs/SPEC-FALSE-ALLCLEAR-GUARD-001/spec.md	REQ-FAG-010
.moai/specs/SPEC-FALSE-ALLCLEAR-GUARD-001/spec.md	REQ-FAG-011
.moai/specs/SPEC-FALSE-ALLCLEAR-GUARD-001/spec.md	REQ-FAG-012
.moai/specs/SPEC-FALSE-ALLCLEAR-GUARD-001/spec.md	REQ-FAG-013
.moai/specs/SPEC-FALSE-ALLCLEAR-GUARD-001/spec.md	REQ-FAG-014
.moai/specs/SPEC-FALSE-ALLCLEAR-GUARD-001/spec.md	REQ-FAG-015
.moai/specs/SPEC-FALSE-ALLCLEAR-GUARD-001/spec.md	REQ-FAG-016
.moai/specs/SPEC-FALSE-ALLCLEAR-GUARD-001/spec.md	REQ-FAG-017
.moai/specs/SPEC-FALSE-ALLCLEAR-GUARD-001/spec.md	REQ-FAG-018
.moai/specs/SPEC-FALSE-ALLCLEAR-GUARD-001/spec.md	REQ-FAG-019
.moai/specs/SPEC-FALSE-ALLCLEAR-GUARD-001/spec.md	REQ-FAG-020
.moai/specs/SPEC-FALSE-ALLCLEAR-GUARD-001/spec.md	REQ-FAG-021
.moai/specs/SPEC-FALSE-ALLCLEAR-GUARD-001/spec.md	REQ-FAG-022
.moai/specs/SPEC-FALSE-ALLCLEAR-GUARD-001/spec.md	REQ-FAG-023
.moai/specs/SPEC-FALSE-ALLCLEAR-GUARD-001/spec.md	REQ-FAG-024
.moai/specs/SPEC-FALSE-ALLCLEAR-GUARD-001/spec.md	REQ-FAG-025
.moai/specs/SPEC-FALSE-ALLCLEAR-GUARD-001/spec.md	REQ-FAG-026
.moai/specs/SPEC-FALSE-ALLCLEAR-GUARD-001/spec.md	REQ-FAG-027
.moai/specs/SPEC-FALSE-ALLCLEAR-GUARD-001/spec.md	REQ-FAG-028
.moai/specs/SPEC-FALSE-ALLCLEAR-GUARD-001/spec.md	REQ-FAG-029
.moai/specs/SPEC-FALSE-ALLCLEAR-GUARD-001/spec.md	REQ-FAG-030
.moai/specs/SPEC-FALSE-ALLCLEAR-GUARD-001/spec.md	REQ-FAG-031
.moai/specs/SPEC-FALSE-ALLCLEAR-GUARD-001/spec.md	REQ-FAG-032
.moai/specs/SPEC-GATE-ASTGREP-REPAIR-001/spec.md	REQ-GAR-009
.moai/specs/SPEC-GATE-ASTGREP-REPAIR-001/spec.md	REQ-GAR-010
.moai/specs/SPEC-GIT-STATUS-FIXTURE-001/spec.md	REQ-GSF-001
.moai/specs/SPEC-GIT-STATUS-FIXTURE-001/spec.md	REQ-GSF-002
.moai/specs/SPEC-GIT-STATUS-FIXTURE-001/spec.md	REQ-GSF-003
.moai/specs/SPEC-GIT-STATUS-FIXTURE-001/spec.md	REQ-GSF-004
.moai/specs/SPEC-GITIGNORE-ROOT-GUARD-001/spec.md	REQ-GRG-001
.moai/specs/SPEC-GITIGNORE-ROOT-GUARD-001/spec.md	REQ-GRG-002
.moai/specs/SPEC-GITIGNORE-ROOT-GUARD-001/spec.md	REQ-GRG-003
.moai/specs/SPEC-GITIGNORE-ROOT-GUARD-001/spec.md	REQ-GRG-004
.moai/specs/SPEC-GITIGNORE-ROOT-GUARD-001/spec.md	REQ-GRG-005
.moai/specs/SPEC-GITIGNORE-ROOT-GUARD-001/spec.md	REQ-GRG-006
.moai/specs/SPEC-GITIGNORE-ROOT-GUARD-001/spec.md	REQ-GRG-007
.moai/specs/SPEC-GITSTRATEGY-SAVE-ISOLATION-001/spec.md	REQ-GSI-001
.moai/specs/SPEC-GITSTRATEGY-SAVE-ISOLATION-001/spec.md	REQ-GSI-002
.moai/specs/SPEC-GITSTRATEGY-SAVE-ISOLATION-001/spec.md	REQ-GSI-003
.moai/specs/SPEC-GITSTRATEGY-SAVE-ISOLATION-001/spec.md	REQ-GSI-004
.moai/specs/SPEC-GITSTRATEGY-SAVE-ISOLATION-001/spec.md	REQ-GSI-005
.moai/specs/SPEC-GITSTRATEGY-SAVE-ISOLATION-001/spec.md	REQ-GSI-006
.moai/specs/SPEC-GOAL-HTML-FLOW-001/spec.md	REQ-GHF-003
.moai/specs/SPEC-GOAL-STOPFAILURE-CLEAR-001/spec.md	REQ-GSF-001
.moai/specs/SPEC-GOAL-STOPFAILURE-CLEAR-001/spec.md	REQ-GSF-002
.moai/specs/SPEC-GOAL-STOPFAILURE-CLEAR-001/spec.md	REQ-GSF-003
.moai/specs/SPEC-GOAL-STOPFAILURE-CLEAR-001/spec.md	REQ-GSF-004
.moai/specs/SPEC-GOAL-STOPFAILURE-CLEAR-001/spec.md	REQ-GSF-005
.moai/specs/SPEC-HANDOFF-CTXGUIDE-001/spec.md	REQ-256K-001
.moai/specs/SPEC-HANDOFF-CTXGUIDE-001/spec.md	REQ-256K-002
.moai/specs/SPEC-HANDOFF-CTXGUIDE-001/spec.md	REQ-256K-003
.moai/specs/SPEC-HANDOFF-CTXGUIDE-001/spec.md	REQ-256K-004
.moai/specs/SPEC-HANDOFF-CTXGUIDE-001/spec.md	REQ-256K-005
.moai/specs/SPEC-HANDOFF-CTXGUIDE-001/spec.md	REQ-256K-006
.moai/specs/SPEC-HANDOFF-MSGMODE-001/spec.md	REQ-MSGMODE-001
.moai/specs/SPEC-HANDOFF-MSGMODE-001/spec.md	REQ-MSGMODE-002
.moai/specs/SPEC-HANDOFF-MSGMODE-001/spec.md	REQ-MSGMODE-003
.moai/specs/SPEC-HANDOFF-MSGMODE-001/spec.md	REQ-MSGMODE-004
.moai/specs/SPEC-HANDOFF-MSGMODE-001/spec.md	REQ-MSGMODE-005
.moai/specs/SPEC-HANDOFF-MSGMODE-001/spec.md	REQ-MSGMODE-006
.moai/specs/SPEC-HANDOFF-MSGMODE-001/spec.md	REQ-MSGMODE-007
.moai/specs/SPEC-HANDOFF-MSGMODE-001/spec.md	REQ-MSGMODE-008
.moai/specs/SPEC-HANDOFF-MSGMODE-001/spec.md	REQ-MSGMODE-009
.moai/specs/SPEC-HANDOFF-MSGMODE-001/spec.md	REQ-MSGMODE-010
.moai/specs/SPEC-HANDOFF-MSGMODE-001/spec.md	REQ-MSGMODE-011
.moai/specs/SPEC-HANDOFF-MSGMODE-001/spec.md	REQ-MSGMODE-012
.moai/specs/SPEC-HANDOFF-MSGMODE-001/spec.md	REQ-MSGMODE-013
.moai/specs/SPEC-HARNESS-CADENCE-BUILD-001/spec.md	REQ-HCB-001
.moai/specs/SPEC-HARNESS-CADENCE-BUILD-001/spec.md	REQ-HCB-002
.moai/specs/SPEC-HARNESS-CADENCE-BUILD-001/spec.md	REQ-HCB-003
.moai/specs/SPEC-HARNESS-CADENCE-BUILD-001/spec.md	REQ-HCB-004
.moai/specs/SPEC-HARNESS-CADENCE-BUILD-001/spec.md	REQ-HCB-005
.moai/specs/SPEC-HARNESS-CADENCE-BUILD-001/spec.md	REQ-HCB-010
.moai/specs/SPEC-HARNESS-CADENCE-BUILD-001/spec.md	REQ-HCB-011
.moai/specs/SPEC-HARNESS-CADENCE-BUILD-001/spec.md	REQ-HCB-012
.moai/specs/SPEC-HARNESS-CADENCE-BUILD-001/spec.md	REQ-HCB-013
.moai/specs/SPEC-HARNESS-CADENCE-BUILD-001/spec.md	REQ-HCB-014
.moai/specs/SPEC-HARNESS-CADENCE-BUILD-001/spec.md	REQ-HCB-020
.moai/specs/SPEC-HARNESS-CADENCE-BUILD-001/spec.md	REQ-HCB-021
.moai/specs/SPEC-HARNESS-CADENCE-BUILD-001/spec.md	REQ-HCB-022
.moai/specs/SPEC-HARNESS-CADENCE-BUILD-001/spec.md	REQ-HCB-023
.moai/specs/SPEC-HARNESS-CADENCE-BUILD-001/spec.md	REQ-HCB-024
.moai/specs/SPEC-HARNESS-CADENCE-BUILD-001/spec.md	REQ-HCB-025
.moai/specs/SPEC-HARNESS-CADENCE-BUILD-001/spec.md	REQ-HCB-030
.moai/specs/SPEC-HARNESS-CADENCE-BUILD-001/spec.md	REQ-HCB-031
.moai/specs/SPEC-HARNESS-CADENCE-BUILD-001/spec.md	REQ-HCB-032
.moai/specs/SPEC-HARNESS-CADENCE-BUILD-001/spec.md	REQ-HCB-033
.moai/specs/SPEC-HARNESS-CADENCE-BUILD-001/spec.md	REQ-HCB-034
.moai/specs/SPEC-HARNESS-CADENCE-BUILD-001/spec.md	REQ-HCB-035
.moai/specs/SPEC-HARNESS-CADENCE-BUILD-001/spec.md	REQ-HCB-040
.moai/specs/SPEC-HARNESS-CADENCE-BUILD-001/spec.md	REQ-HCB-041
.moai/specs/SPEC-HARNESS-CADENCE-BUILD-001/spec.md	REQ-HCB-042
.moai/specs/SPEC-HARNESS-CADENCE-BUILD-001/spec.md	REQ-HCB-043
.moai/specs/SPEC-HARNESS-CADENCE-BUILD-001/spec.md	REQ-HCB-044
.moai/specs/SPEC-HARNESS-CADENCE-BUILD-001/spec.md	REQ-HCB-050
.moai/specs/SPEC-HARNESS-CADENCE-BUILD-001/spec.md	REQ-HCB-051
.moai/specs/SPEC-HARNESS-CADENCE-BUILD-001/spec.md	REQ-HCB-052
.moai/specs/SPEC-HARNESS-CADENCE-BUILD-001/spec.md	REQ-HCB-053
.moai/specs/SPEC-HARNESS-CADENCE-BUILD-001/spec.md	REQ-HCB-060
.moai/specs/SPEC-HARNESS-CADENCE-BUILD-001/spec.md	REQ-HCB-061
.moai/specs/SPEC-HARNESS-CADENCE-BUILD-001/spec.md	REQ-HCB-062
.moai/specs/SPEC-HARNESS-CLI-COVERAGE-001/spec.md	REQ-HCC-007
.moai/specs/SPEC-HARNESS-CLI-COVERAGE-001/spec.md	REQ-HCC-008
.moai/specs/SPEC-HARNESS-CLI-COVERAGE-001/spec.md	REQ-HCC-009
.moai/specs/SPEC-HARNESS-CLI-COVERAGE-001/spec.md	REQ-HCC-010
.moai/specs/SPEC-HARNESS-CLI-COVERAGE-001/spec.md	REQ-HCC-011
.moai/specs/SPEC-HARNESS-CLI-COVERAGE-001/spec.md	REQ-HCC-012
.moai/specs/SPEC-HARNESS-CLI-COVERAGE-001/spec.md	REQ-HCC-013
.moai/specs/SPEC-HARNESS-CLI-COVERAGE-001/spec.md	REQ-HCC-014
.moai/specs/SPEC-HARNESS-CLI-COVERAGE-001/spec.md	REQ-HCC-018
.moai/specs/SPEC-HARNESS-EVOLVE-003/spec.md	REQ-HEV3-001
.moai/specs/SPEC-HARNESS-EVOLVE-003/spec.md	REQ-HEV3-002
.moai/specs/SPEC-HARNESS-EVOLVE-003/spec.md	REQ-HEV3-003
.moai/specs/SPEC-HARNESS-EVOLVE-003/spec.md	REQ-HEV3-004
.moai/specs/SPEC-HARNESS-EVOLVE-003/spec.md	REQ-HEV3-005
.moai/specs/SPEC-HARNESS-EVOLVE-003/spec.md	REQ-HEV3-006
.moai/specs/SPEC-HARNESS-EVOLVE-003/spec.md	REQ-HEV3-007
.moai/specs/SPEC-HARNESS-EVOLVE-003/spec.md	REQ-HEV3-008
.moai/specs/SPEC-HARNESS-EVOLVE-003/spec.md	REQ-HEV3-010
.moai/specs/SPEC-HARNESS-EVOLVE-003/spec.md	REQ-HEV3-011
.moai/specs/SPEC-HARNESS-EVOLVE-003/spec.md	REQ-HEV3-012
.moai/specs/SPEC-HARNESS-EVOLVE-003/spec.md	REQ-HEV3-013
.moai/specs/SPEC-HARNESS-EVOLVE-003/spec.md	REQ-HEV3-014
.moai/specs/SPEC-HARNESS-EVOLVE-003/spec.md	REQ-HEV3-015
.moai/specs/SPEC-HARNESS-EVOLVE-003/spec.md	REQ-HEV3-016
.moai/specs/SPEC-HARNESS-EVOLVE-003/spec.md	REQ-HEV3-017
.moai/specs/SPEC-HARNESS-EVOLVE-003/spec.md	REQ-HEV3-018
.moai/specs/SPEC-HARNESS-EVOLVE-003/spec.md	REQ-HEV3-019
.moai/specs/SPEC-HARNESS-EVOLVE-003/spec.md	REQ-HEV3-020
.moai/specs/SPEC-HARNESS-EVOLVE-003/spec.md	REQ-HEV3-021
.moai/specs/SPEC-HARNESS-EVOLVE-003/spec.md	REQ-HEV3-022
.moai/specs/SPEC-HARNESS-EVOLVE-003/spec.md	REQ-HEV3-023
.moai/specs/SPEC-HARNESS-EVOLVE-003/spec.md	REQ-HEV3-024
.moai/specs/SPEC-HARNESS-EVOLVE-003/spec.md	REQ-HEV3-025
.moai/specs/SPEC-HARNESS-EVOLVE-003/spec.md	REQ-HEV3-026
.moai/specs/SPEC-HARNESS-EVOLVE-003/spec.md	REQ-HEV3-027
.moai/specs/SPEC-HARNESS-EVOLVE-003/spec.md	REQ-HEV3-028
.moai/specs/SPEC-HARNESS-EVOLVE-003/spec.md	REQ-HEV3-029
.moai/specs/SPEC-HARNESS-EVOLVE-003/spec.md	REQ-HEV3-030
.moai/specs/SPEC-HARNESS-EVOLVE-003/spec.md	REQ-HEV3-031
.moai/specs/SPEC-HARNESS-EVOLVE-003/spec.md	REQ-HEV3-032
.moai/specs/SPEC-HARNESS-EVOLVE-003/spec.md	REQ-HEV3-033
.moai/specs/SPEC-HARNESS-EVOLVE-003/spec.md	REQ-HEV3-034
.moai/specs/SPEC-HARNESS-EVOLVE-003/spec.md	REQ-HEV3-035
.moai/specs/SPEC-HARNESS-LOOP-CLOSURE-001/spec.md	REQ-HLC-001
.moai/specs/SPEC-HARNESS-LOOP-CLOSURE-001/spec.md	REQ-HLC-002
.moai/specs/SPEC-HARNESS-LOOP-CLOSURE-001/spec.md	REQ-HLC-003
.moai/specs/SPEC-HARNESS-LOOP-CLOSURE-001/spec.md	REQ-HLC-004
.moai/specs/SPEC-HARNESS-LOOP-CLOSURE-001/spec.md	REQ-HLC-005
.moai/specs/SPEC-HARNESS-LOOP-CLOSURE-001/spec.md	REQ-HLC-006
.moai/specs/SPEC-HARNESS-LOOP-CLOSURE-001/spec.md	REQ-HLC-007
.moai/specs/SPEC-HARNESS-LOOP-CLOSURE-001/spec.md	REQ-HLC-008
.moai/specs/SPEC-HARNESS-LOOP-CLOSURE-001/spec.md	REQ-HLC-009
.moai/specs/SPEC-HARNESS-LOOP-CLOSURE-001/spec.md	REQ-HLC-010
.moai/specs/SPEC-HARNESS-LOOP-CLOSURE-001/spec.md	REQ-HLC-011
.moai/specs/SPEC-HARNESS-LOOP-CLOSURE-001/spec.md	REQ-HLC-012
.moai/specs/SPEC-HARNESS-OUTCOME-ERRJOIN-001/spec.md	REQ-ERRJOIN-006
.moai/specs/SPEC-HOOK-DEADCODE-001/spec.md	REQ-HDC-001
.moai/specs/SPEC-HOOK-DEADCODE-001/spec.md	REQ-HDC-002
.moai/specs/SPEC-HOOK-DEADCODE-001/spec.md	REQ-HDC-003
.moai/specs/SPEC-HOOK-DEADCODE-001/spec.md	REQ-HDC-004
.moai/specs/SPEC-HOOK-DEADCODE-001/spec.md	REQ-HDC-005
.moai/specs/SPEC-HOOK-DEADCODE-001/spec.md	REQ-HDC-006
.moai/specs/SPEC-HOOK-DEADCODE-001/spec.md	REQ-HDC-007
.moai/specs/SPEC-HOOK-DEADCODE-001/spec.md	REQ-HDC-008
.moai/specs/SPEC-HOOK-DEADCODE-001/spec.md	REQ-HDC-009
.moai/specs/SPEC-HOOK-DEADCODE-001/spec.md	REQ-HDC-010
.moai/specs/SPEC-HUMANIZE-002/spec.md	REQ-H2-005
.moai/specs/SPEC-HUMANIZE-002/spec.md	REQ-H2-012
.moai/specs/SPEC-I18N-GOVERNANCE-001/spec.md	REQ-I18NGOV-001
.moai/specs/SPEC-I18N-GOVERNANCE-001/spec.md	REQ-I18NGOV-002
.moai/specs/SPEC-I18N-GOVERNANCE-001/spec.md	REQ-I18NGOV-003
.moai/specs/SPEC-I18N-GOVERNANCE-001/spec.md	REQ-I18NGOV-004
.moai/specs/SPEC-I18N-GOVERNANCE-001/spec.md	REQ-I18NGOV-005
.moai/specs/SPEC-I18N-GOVERNANCE-001/spec.md	REQ-I18NGOV-006
.moai/specs/SPEC-I18N-GOVERNANCE-001/spec.md	REQ-I18NGOV-007
.moai/specs/SPEC-I18N-GOVERNANCE-001/spec.md	REQ-I18NGOV-008
.moai/specs/SPEC-I18N-GOVERNANCE-001/spec.md	REQ-I18NGOV-009
.moai/specs/SPEC-I18N-GOVERNANCE-001/spec.md	REQ-I18NGOV-010
.moai/specs/SPEC-I18N-GOVERNANCE-001/spec.md	REQ-I18NGOV-011
.moai/specs/SPEC-I18N-GOVERNANCE-001/spec.md	REQ-I18NGOV-012
.moai/specs/SPEC-I18N-GOVERNANCE-001/spec.md	REQ-I18NGOV-013
.moai/specs/SPEC-I18N-GOVERNANCE-001/spec.md	REQ-I18NGOV-014
.moai/specs/SPEC-I18N-GOVERNANCE-001/spec.md	REQ-I18NGOV-015
.moai/specs/SPEC-I18N-GOVERNANCE-001/spec.md	REQ-I18NGOV-016
.moai/specs/SPEC-I18N-GOVERNANCE-001/spec.md	REQ-I18NGOV-017
.moai/specs/SPEC-I18N-GOVERNANCE-001/spec.md	REQ-I18NGOV-018
.moai/specs/SPEC-I18N-GOVERNANCE-001/spec.md	REQ-I18NGOV-019
.moai/specs/SPEC-I18N-GOVERNANCE-001/spec.md	REQ-I18NGOV-020
.moai/specs/SPEC-I18N-GOVERNANCE-001/spec.md	REQ-I18NGOV-021
.moai/specs/SPEC-I18N-GOVERNANCE-001/spec.md	REQ-I18NGOV-022
.moai/specs/SPEC-I18N-GOVERNANCE-001/spec.md	REQ-I18NGOV-023
.moai/specs/SPEC-INIT-001/spec.md	REQ-U-001
.moai/specs/SPEC-INIT-001/spec.md	REQ-U-002
.moai/specs/SPEC-INIT-001/spec.md	REQ-U-003
.moai/specs/SPEC-INIT-001/spec.md	REQ-U-004
.moai/specs/SPEC-INIT-001/spec.md	REQ-U-005
.moai/specs/SPEC-INTEGRATION-LOCK-ATOMIC-001/spec.md	REQ-ILA-011
.moai/specs/SPEC-LEARN-CHANNEL-SCOPE-001/spec.md	REQ-LCS-001
.moai/specs/SPEC-LEARN-CHANNEL-SCOPE-001/spec.md	REQ-LCS-002
.moai/specs/SPEC-LEARN-CHANNEL-SCOPE-001/spec.md	REQ-LCS-003
.moai/specs/SPEC-LEARN-CHANNEL-SCOPE-001/spec.md	REQ-LCS-004
.moai/specs/SPEC-LEARN-CHANNEL-SCOPE-001/spec.md	REQ-LCS-005
.moai/specs/SPEC-LEARN-CHANNEL-SCOPE-001/spec.md	REQ-LCS-006
.moai/specs/SPEC-LEARN-CHANNEL-SCOPE-001/spec.md	REQ-LCS-007
.moai/specs/SPEC-LLMCFG-PRESERVE-001/spec.md	REQ-LCP-001
.moai/specs/SPEC-LLMCFG-PRESERVE-001/spec.md	REQ-LCP-002
.moai/specs/SPEC-LLMCFG-PRESERVE-001/spec.md	REQ-LCP-003
.moai/specs/SPEC-LLMCFG-PRESERVE-001/spec.md	REQ-LCP-004
.moai/specs/SPEC-LLMCFG-PRESERVE-001/spec.md	REQ-LCP-005
.moai/specs/SPEC-LLMCFG-PRESERVE-001/spec.md	REQ-LCP-006
.moai/specs/SPEC-LSEL-DRAIN-STALL-001/spec.md	REQ-LDS-008
.moai/specs/SPEC-MEM-SCOPE-001/spec.md	REQ-MS-001
.moai/specs/SPEC-MEM-SCOPE-001/spec.md	REQ-MS-002
.moai/specs/SPEC-MEM-SCOPE-001/spec.md	REQ-MS-003
.moai/specs/SPEC-MEM-SCOPE-001/spec.md	REQ-MS-004
.moai/specs/SPEC-MEM-SCOPE-001/spec.md	REQ-MS-005
.moai/specs/SPEC-MEM-SCOPE-001/spec.md	REQ-MS-006
.moai/specs/SPEC-MEM-SCOPE-001/spec.md	REQ-MS-007
.moai/specs/SPEC-MEM-SCOPE-001/spec.md	REQ-MS-008
.moai/specs/SPEC-MEM-SCOPE-001/spec.md	REQ-MS-009
.moai/specs/SPEC-MEM-SCOPE-001/spec.md	REQ-MS-010
.moai/specs/SPEC-MEM-SCOPE-001/spec.md	REQ-MS-011
.moai/specs/SPEC-MEM-SCOPE-001/spec.md	REQ-MS-012
.moai/specs/SPEC-MEM-SCOPE-001/spec.md	REQ-MS-013
.moai/specs/SPEC-MEM-SCOPE-001/spec.md	REQ-MS-014
.moai/specs/SPEC-MEM-SCOPE-001/spec.md	REQ-MS-015
.moai/specs/SPEC-MEM-SCOPE-001/spec.md	REQ-MS-016
.moai/specs/SPEC-MEM-SCOPE-001/spec.md	REQ-MS-017
.moai/specs/SPEC-MEM-SCOPE-001/spec.md	REQ-MS-018
.moai/specs/SPEC-MEM-SCOPE-001/spec.md	REQ-MS-019
.moai/specs/SPEC-MERGE-METHOD-CONFIG-001/spec.md	REQ-MMC-008
.moai/specs/SPEC-MERGE-METHOD-CONFIG-001/spec.md	REQ-MMC-011
.moai/specs/SPEC-METRICS-001/spec.md	REQ-METRICS-001
.moai/specs/SPEC-METRICS-001/spec.md	REQ-METRICS-002
.moai/specs/SPEC-METRICS-001/spec.md	REQ-METRICS-003
.moai/specs/SPEC-METRICS-001/spec.md	REQ-METRICS-004
.moai/specs/SPEC-METRICS-001/spec.md	REQ-METRICS-005
.moai/specs/SPEC-METRICS-001/spec.md	REQ-METRICS-006
.moai/specs/SPEC-METRICS-001/spec.md	REQ-METRICS-007
.moai/specs/SPEC-METRICS-001/spec.md	REQ-METRICS-008
.moai/specs/SPEC-METRICS-001/spec.md	REQ-METRICS-009
.moai/specs/SPEC-METRICS-001/spec.md	REQ-METRICS-010
.moai/specs/SPEC-METRICS-001/spec.md	REQ-METRICS-011
.moai/specs/SPEC-METRICS-001/spec.md	REQ-METRICS-012
.moai/specs/SPEC-METRICS-001/spec.md	REQ-METRICS-013
.moai/specs/SPEC-METRICS-001/spec.md	REQ-METRICS-014
.moai/specs/SPEC-METRICS-001/spec.md	REQ-METRICS-015
.moai/specs/SPEC-METRICS-001/spec.md	REQ-METRICS-016
.moai/specs/SPEC-MOAI-AGENTIC-LOOP-001/spec.md	REQ-MAL-001
.moai/specs/SPEC-MOAI-AGENTIC-LOOP-001/spec.md	REQ-MAL-002
.moai/specs/SPEC-MOAI-AGENTIC-LOOP-001/spec.md	REQ-MAL-003
.moai/specs/SPEC-MOAI-AGENTIC-LOOP-001/spec.md	REQ-MAL-004
.moai/specs/SPEC-MOAI-AGENTIC-LOOP-001/spec.md	REQ-MAL-005
.moai/specs/SPEC-MOAI-AGENTIC-LOOP-001/spec.md	REQ-MAL-010
.moai/specs/SPEC-MOAI-AGENTIC-LOOP-001/spec.md	REQ-MAL-011
.moai/specs/SPEC-MOAI-AGENTIC-LOOP-001/spec.md	REQ-MAL-012
.moai/specs/SPEC-MOAI-AGENTIC-LOOP-001/spec.md	REQ-MAL-013
.moai/specs/SPEC-MOAI-AGENTIC-LOOP-001/spec.md	REQ-MAL-014
.moai/specs/SPEC-MOAI-AGENTIC-LOOP-001/spec.md	REQ-MAL-015
.moai/specs/SPEC-MOAI-AGENTIC-LOOP-001/spec.md	REQ-MAL-016
.moai/specs/SPEC-MOAI-AGENTIC-LOOP-001/spec.md	REQ-MAL-021
.moai/specs/SPEC-MOAI-AGENTIC-LOOP-001/spec.md	REQ-MAL-022
.moai/specs/SPEC-MOAI-AGENTIC-LOOP-001/spec.md	REQ-MAL-023
.moai/specs/SPEC-MOAI-AGENTIC-LOOP-001/spec.md	REQ-MAL-024
.moai/specs/SPEC-MOAI-AGENTIC-LOOP-001/spec.md	REQ-MAL-025
.moai/specs/SPEC-MOAI-AGENTIC-LOOP-001/spec.md	REQ-MAL-026
.moai/specs/SPEC-MOAI-AGENTIC-LOOP-001/spec.md	REQ-MAL-027
.moai/specs/SPEC-MOAI-AGENTIC-LOOP-001/spec.md	REQ-MAL-028
.moai/specs/SPEC-MOAI-AGENTIC-LOOP-001/spec.md	REQ-MAL-029
.moai/specs/SPEC-MOAI-AGENTIC-LOOP-001/spec.md	REQ-MAL-030
.moai/specs/SPEC-MOAI-AGENTIC-LOOP-001/spec.md	REQ-MAL-031
.moai/specs/SPEC-MOAI-AGENTIC-LOOP-001/spec.md	REQ-MAL-032
.moai/specs/SPEC-MOAI-AGENTIC-LOOP-001/spec.md	REQ-MAL-042
.moai/specs/SPEC-MOAI-WORKFLOW-SCHEDULE-001/spec.md	REQ-MWS-001
.moai/specs/SPEC-MOAI-WORKFLOW-SCHEDULE-001/spec.md	REQ-MWS-002
.moai/specs/SPEC-MOAI-WORKFLOW-SCHEDULE-001/spec.md	REQ-MWS-003
.moai/specs/SPEC-MOAI-WORKFLOW-SCHEDULE-001/spec.md	REQ-MWS-004
.moai/specs/SPEC-MOAI-WORKFLOW-SCHEDULE-001/spec.md	REQ-MWS-005
.moai/specs/SPEC-MOAI-WORKFLOW-SCHEDULE-001/spec.md	REQ-MWS-006
.moai/specs/SPEC-MOAI-WORKFLOW-SCHEDULE-001/spec.md	REQ-MWS-007
.moai/specs/SPEC-MOAI-WORKFLOW-SCHEDULE-001/spec.md	REQ-MWS-008
.moai/specs/SPEC-MOAI-WORKFLOW-SCHEDULE-001/spec.md	REQ-MWS-009
.moai/specs/SPEC-MOAI-WORKFLOW-SCHEDULE-001/spec.md	REQ-MWS-010
.moai/specs/SPEC-MOAI-WORKFLOW-SCHEDULE-001/spec.md	REQ-MWS-011
.moai/specs/SPEC-MOAI-WORKFLOW-SCHEDULE-001/spec.md	REQ-MWS-012
.moai/specs/SPEC-MOAI-WORKFLOW-SCHEDULE-001/spec.md	REQ-MWS-013
.moai/specs/SPEC-MOAI-WORKFLOW-SCHEDULE-001/spec.md	REQ-MWS-014
.moai/specs/SPEC-MOAI-WORKFLOW-SCHEDULE-001/spec.md	REQ-MWS-015
.moai/specs/SPEC-MOAI-WORKFLOW-SCHEDULE-001/spec.md	REQ-MWS-016
.moai/specs/SPEC-MOAI-WORKFLOW-SCHEDULE-001/spec.md	REQ-MWS-017
.moai/specs/SPEC-MOAI-WORKFLOW-SCHEDULE-001/spec.md	REQ-MWS-018
.moai/specs/SPEC-MOAI-WORKFLOW-SCHEDULE-001/spec.md	REQ-MWS-019
.moai/specs/SPEC-MOAI-WORKFLOW-SCHEDULE-001/spec.md	REQ-MWS-020
.moai/specs/SPEC-MOAI-WORKFLOW-SCHEDULE-001/spec.md	REQ-MWS-021
.moai/specs/SPEC-MOAI-WORKFLOW-SCHEDULE-001/spec.md	REQ-MWS-022
.moai/specs/SPEC-MOAI-WORKFLOW-SCHEDULE-001/spec.md	REQ-MWS-023
.moai/specs/SPEC-MOAI-WORKFLOW-SCHEDULE-001/spec.md	REQ-MWS-024
.moai/specs/SPEC-MODEL-PROFILE-MATRIX-002/spec.md	REQ-MPM2-001
.moai/specs/SPEC-MODEL-PROFILE-MATRIX-002/spec.md	REQ-MPM2-002
.moai/specs/SPEC-MODEL-PROFILE-MATRIX-002/spec.md	REQ-MPM2-003
.moai/specs/SPEC-MODEL-PROFILE-MATRIX-002/spec.md	REQ-MPM2-004
.moai/specs/SPEC-MODEL-PROFILE-MATRIX-002/spec.md	REQ-MPM2-010
.moai/specs/SPEC-MODEL-PROFILE-MATRIX-002/spec.md	REQ-MPM2-011
.moai/specs/SPEC-MODEL-PROFILE-MATRIX-002/spec.md	REQ-MPM2-012
.moai/specs/SPEC-MODEL-PROFILE-MATRIX-002/spec.md	REQ-MPM2-013
.moai/specs/SPEC-MODEL-PROFILE-MATRIX-002/spec.md	REQ-MPM2-014
.moai/specs/SPEC-MODEL-PROFILE-MATRIX-002/spec.md	REQ-MPM2-015
.moai/specs/SPEC-MODEL-PROFILE-MATRIX-002/spec.md	REQ-MPM2-016
.moai/specs/SPEC-MODEL-PROFILE-MATRIX-002/spec.md	REQ-MPM2-017
.moai/specs/SPEC-MODEL-PROFILE-MATRIX-002/spec.md	REQ-MPM2-018
.moai/specs/SPEC-MODEL-PROFILE-MATRIX-002/spec.md	REQ-MPM2-019
.moai/specs/SPEC-MODEL-PROFILE-MATRIX-002/spec.md	REQ-MPM2-020
.moai/specs/SPEC-MODEL-PROFILE-MATRIX-002/spec.md	REQ-MPM2-021
.moai/specs/SPEC-MODEL-PROFILE-MATRIX-002/spec.md	REQ-MPM2-022
.moai/specs/SPEC-MODEL-PROFILE-MATRIX-002/spec.md	REQ-MPM2-023
.moai/specs/SPEC-MODEL-PROFILE-MATRIX-002/spec.md	REQ-MPM2-030
.moai/specs/SPEC-MODEL-PROFILE-MATRIX-002/spec.md	REQ-MPM2-031
.moai/specs/SPEC-MODEL-PROFILE-MATRIX-002/spec.md	REQ-MPM2-032
.moai/specs/SPEC-MODEL-PROFILE-MATRIX-002/spec.md	REQ-MPM2-033
.moai/specs/SPEC-MODEL-PROFILE-MATRIX-002/spec.md	REQ-MPM2-034
.moai/specs/SPEC-MODEL-PROFILE-MATRIX-002/spec.md	REQ-MPM2-035
.moai/specs/SPEC-MODEL-PROFILE-MATRIX-002/spec.md	REQ-MPM2-036
.moai/specs/SPEC-MODEL-PROFILE-MATRIX-002/spec.md	REQ-MPM2-037
.moai/specs/SPEC-MODEL-PROFILE-MATRIX-002/spec.md	REQ-MPM2-040
.moai/specs/SPEC-MODEL-PROFILE-MATRIX-002/spec.md	REQ-MPM2-041
.moai/specs/SPEC-MODEL-PROFILE-MATRIX-002/spec.md	REQ-MPM2-042
.moai/specs/SPEC-MODEL-PROFILE-MATRIX-002/spec.md	REQ-MPM2-043
.moai/specs/SPEC-MODEL-PROFILE-MATRIX-002/spec.md	REQ-MPM2-044
.moai/specs/SPEC-MODEL-PROFILE-MATRIX-002/spec.md	REQ-MPM2-045
.moai/specs/SPEC-MODEL-PROFILE-MATRIX-002/spec.md	REQ-MPM2-046
.moai/specs/SPEC-MODEL-PROFILE-MATRIX-002/spec.md	REQ-MPM2-047
.moai/specs/SPEC-MODEL-PROFILE-MATRIX-002/spec.md	REQ-MPM2-048
.moai/specs/SPEC-MODEL-PROFILE-MATRIX-002/spec.md	REQ-MPM2-049
.moai/specs/SPEC-MODEL-PROFILE-MATRIX-002/spec.md	REQ-MPM2-050
.moai/specs/SPEC-MODEL-PROFILE-MATRIX-002/spec.md	REQ-MPM2-051
.moai/specs/SPEC-MODEL-PROFILE-MATRIX-002/spec.md	REQ-MPM2-060
.moai/specs/SPEC-MODEL-PROFILE-MATRIX-002/spec.md	REQ-MPM2-061
.moai/specs/SPEC-MODEL-PROFILE-MATRIX-002/spec.md	REQ-MPM2-062
.moai/specs/SPEC-MODEL-PROFILE-MATRIX-002/spec.md	REQ-MPM2-063
.moai/specs/SPEC-MODEL-PROFILE-MATRIX-002/spec.md	REQ-MPM2-064
.moai/specs/SPEC-MODEL-PROFILE-MATRIX-002/spec.md	REQ-MPM2-065
.moai/specs/SPEC-MODEL-PROFILE-MATRIX-002/spec.md	REQ-MPM2-070
.moai/specs/SPEC-MODEL-PROFILE-MATRIX-002/spec.md	REQ-MPM2-071
.moai/specs/SPEC-MODEL-PROFILE-MATRIX-002/spec.md	REQ-MPM2-072
.moai/specs/SPEC-MODEL-PROFILE-MATRIX-002/spec.md	REQ-MPM2-073
.moai/specs/SPEC-MODEL-PROFILE-MATRIX-002/spec.md	REQ-MPM2-074
.moai/specs/SPEC-MODEL-PROFILE-MATRIX-002/spec.md	REQ-MPM2-080
.moai/specs/SPEC-MODEL-PROFILE-MATRIX-002/spec.md	REQ-MPM2-081
.moai/specs/SPEC-MODEL-PROFILE-MATRIX-002/spec.md	REQ-MPM2-082
.moai/specs/SPEC-MODEL-PROFILE-MATRIX-002/spec.md	REQ-MPM2-083
.moai/specs/SPEC-MODEL-PROFILE-MATRIX-002/spec.md	REQ-MPM2-084
.moai/specs/SPEC-MODEL-PROFILE-MATRIX-002/spec.md	REQ-MPM2-085
.moai/specs/SPEC-MODEL-PROFILE-MATRIX-002/spec.md	REQ-MPM2-086
.moai/specs/SPEC-MODEL-PROFILE-MATRIX-002/spec.md	REQ-MPM2-087
.moai/specs/SPEC-MODEL-PROFILE-MATRIX-002/spec.md	REQ-MPM2-088
.moai/specs/SPEC-MODEL-PROFILE-MATRIX-002/spec.md	REQ-MPM2-089
.moai/specs/SPEC-MODEL-PROFILE-MATRIX-002/spec.md	REQ-MPM2-090
.moai/specs/SPEC-MODEL-PROFILE-MATRIX-002/spec.md	REQ-MPM2-091
.moai/specs/SPEC-MODEL-PROFILE-MATRIX-002/spec.md	REQ-MPM2-092
.moai/specs/SPEC-MODEL-PROFILE-MATRIX-002/spec.md	REQ-MPM2-100
.moai/specs/SPEC-MODEL-PROFILE-MATRIX-002/spec.md	REQ-MPM2-101
.moai/specs/SPEC-MODEL-PROFILE-MATRIX-002/spec.md	REQ-MPM2-102
.moai/specs/SPEC-MODEL-PROFILE-MATRIX-002/spec.md	REQ-MPM2-103
.moai/specs/SPEC-MODEL-PROFILE-MATRIX-002/spec.md	REQ-MPM2-104
.moai/specs/SPEC-MODEL-PROFILE-MATRIX-002/spec.md	REQ-MPM2-105
.moai/specs/SPEC-MODEL-PROFILE-MATRIX-002/spec.md	REQ-MPM2-110
.moai/specs/SPEC-MODEL-PROFILE-MATRIX-002/spec.md	REQ-MPM2-111
.moai/specs/SPEC-MODEL-PROFILE-MATRIX-002/spec.md	REQ-MPM2-112
.moai/specs/SPEC-MODEL-PROFILE-MATRIX-002/spec.md	REQ-MPM2-113
.moai/specs/SPEC-MODEL-TIER-PLANTYPE-001/spec.md	REQ-MTP-001
.moai/specs/SPEC-MODEL-TIER-PLANTYPE-001/spec.md	REQ-MTP-002
.moai/specs/SPEC-MODEL-TIER-PLANTYPE-001/spec.md	REQ-MTP-003
.moai/specs/SPEC-MODEL-TIER-PLANTYPE-001/spec.md	REQ-MTP-004
.moai/specs/SPEC-MODEL-TIER-PLANTYPE-001/spec.md	REQ-MTP-005
.moai/specs/SPEC-MODEL-TIER-PLANTYPE-001/spec.md	REQ-MTP-006
.moai/specs/SPEC-MODEL-TIER-PLANTYPE-001/spec.md	REQ-MTP-007
.moai/specs/SPEC-MODEL-TIER-PLANTYPE-001/spec.md	REQ-MTP-008
.moai/specs/SPEC-MODEL-TIER-PLANTYPE-001/spec.md	REQ-MTP-009
.moai/specs/SPEC-MODEL-TIER-PLANTYPE-001/spec.md	REQ-MTP-010
.moai/specs/SPEC-MODEL-TIER-PLANTYPE-001/spec.md	REQ-MTP-011
.moai/specs/SPEC-MODEL-TIER-PLANTYPE-001/spec.md	REQ-MTP-012
.moai/specs/SPEC-MODEL-TIER-PLANTYPE-001/spec.md	REQ-MTP-013
.moai/specs/SPEC-MODEL-TIER-PLANTYPE-001/spec.md	REQ-MTP-014
.moai/specs/SPEC-MODEL-TIER-PLANTYPE-001/spec.md	REQ-MTP-015
.moai/specs/SPEC-MODEL-TIER-PLANTYPE-001/spec.md	REQ-MTP-016
.moai/specs/SPEC-MODEL-TIER-PLANTYPE-001/spec.md	REQ-MTP-017
.moai/specs/SPEC-MODEL-TIER-PLANTYPE-001/spec.md	REQ-MTP-018
.moai/specs/SPEC-MODEL-TIER-PLANTYPE-001/spec.md	REQ-MTP-019
.moai/specs/SPEC-MODEL-TIER-PLANTYPE-001/spec.md	REQ-MTP-020
.moai/specs/SPEC-MODEL-TIER-PLANTYPE-001/spec.md	REQ-MTP-021
.moai/specs/SPEC-MODEL-TIER-PLANTYPE-001/spec.md	REQ-MTP-022
.moai/specs/SPEC-MODEL-TIER-PLANTYPE-001/spec.md	REQ-MTP-023
.moai/specs/SPEC-MODEL-TIER-PLANTYPE-001/spec.md	REQ-MTP-024
.moai/specs/SPEC-MODEL-TIER-PLANTYPE-001/spec.md	REQ-MTP-026
.moai/specs/SPEC-MODEL-TIER-PLANTYPE-001/spec.md	REQ-MTP-027
.moai/specs/SPEC-MODEL-TIER-PLANTYPE-001/spec.md	REQ-MTP-028
.moai/specs/SPEC-MODEL-TIER-PLANTYPE-001/spec.md	REQ-MTP-029
.moai/specs/SPEC-MODEL-TIER-PLANTYPE-001/spec.md	REQ-MTP-030
.moai/specs/SPEC-MOVING-REF-GUARD-001/spec.md	REQ-MRG-001
.moai/specs/SPEC-MOVING-REF-GUARD-001/spec.md	REQ-MRG-002
.moai/specs/SPEC-MOVING-REF-GUARD-001/spec.md	REQ-MRG-003
.moai/specs/SPEC-MOVING-REF-GUARD-001/spec.md	REQ-MRG-004
.moai/specs/SPEC-MOVING-REF-GUARD-001/spec.md	REQ-MRG-005
.moai/specs/SPEC-MOVING-REF-GUARD-001/spec.md	REQ-MRG-006
.moai/specs/SPEC-MOVING-REF-GUARD-001/spec.md	REQ-MRG-007
.moai/specs/SPEC-MOVING-REF-GUARD-001/spec.md	REQ-MRG-008
.moai/specs/SPEC-MOVING-REF-GUARD-001/spec.md	REQ-MRG-011
.moai/specs/SPEC-NAVIGATOR-SYNC-003/spec.md	REQ-NA-011
.moai/specs/SPEC-NAVIGATOR-SYNC-003/spec.md	REQ-PN-016
.moai/specs/SPEC-NO-HYBRID-001/spec.md	REQ-SRP-001
.moai/specs/SPEC-NO-HYBRID-001/spec.md	REQ-SRP-002
.moai/specs/SPEC-NO-HYBRID-001/spec.md	REQ-SRP-003
.moai/specs/SPEC-NO-HYBRID-001/spec.md	REQ-SRP-004
.moai/specs/SPEC-NO-HYBRID-001/spec.md	REQ-SRP-005
.moai/specs/SPEC-NO-HYBRID-001/spec.md	REQ-SRP-006
.moai/specs/SPEC-NO-HYBRID-001/spec.md	REQ-SRP-007
.moai/specs/SPEC-NO-HYBRID-001/spec.md	REQ-SRP-008
.moai/specs/SPEC-NO-HYBRID-001/spec.md	REQ-SRP-009
.moai/specs/SPEC-NO-HYBRID-001/spec.md	REQ-SRP-010
.moai/specs/SPEC-NO-HYBRID-001/spec.md	REQ-SRP-011
.moai/specs/SPEC-NO-HYBRID-001/spec.md	REQ-SRP-012
.moai/specs/SPEC-NO-HYBRID-001/spec.md	REQ-SRP-013
.moai/specs/SPEC-NO-HYBRID-001/spec.md	REQ-SRP-014
.moai/specs/SPEC-NO-HYBRID-001/spec.md	REQ-SRP-015
.moai/specs/SPEC-NO-HYBRID-001/spec.md	REQ-SRP-016
.moai/specs/SPEC-OWASP-CHECKLIST-GAP-001/spec.md	REQ-OCG-001
.moai/specs/SPEC-OWASP-CHECKLIST-GAP-001/spec.md	REQ-OCG-002
.moai/specs/SPEC-OWASP-CHECKLIST-GAP-001/spec.md	REQ-OCG-003
.moai/specs/SPEC-OWASP-CHECKLIST-GAP-001/spec.md	REQ-OCG-004
.moai/specs/SPEC-OWASP-CHECKLIST-GAP-001/spec.md	REQ-OCG-005
.moai/specs/SPEC-OWASP-CHECKLIST-GAP-001/spec.md	REQ-OCG-006
.moai/specs/SPEC-OWASP-CHECKLIST-GAP-001/spec.md	REQ-OCG-007
.moai/specs/SPEC-OWASP-CHECKLIST-GAP-001/spec.md	REQ-OCG-008
.moai/specs/SPEC-OWASP-CHECKLIST-GAP-001/spec.md	REQ-OCG-009
.moai/specs/SPEC-OWASP-CHECKLIST-GAP-001/spec.md	REQ-OCG-010
.moai/specs/SPEC-OWNERSHIP-SILENCE-001/spec.md	REQ-OWN-001
.moai/specs/SPEC-OWNERSHIP-SILENCE-001/spec.md	REQ-OWN-002
.moai/specs/SPEC-OWNERSHIP-SILENCE-001/spec.md	REQ-OWN-003
.moai/specs/SPEC-OWNERSHIP-SILENCE-001/spec.md	REQ-OWN-004
.moai/specs/SPEC-OWNERSHIP-SILENCE-001/spec.md	REQ-OWN-005
.moai/specs/SPEC-OWNERSHIP-SILENCE-001/spec.md	REQ-OWN-006
.moai/specs/SPEC-OWNERSHIP-SILENCE-001/spec.md	REQ-OWN-007
.moai/specs/SPEC-OWNERSHIP-SILENCE-001/spec.md	REQ-OWN-008
.moai/specs/SPEC-OWNERSHIP-SILENCE-001/spec.md	REQ-OWN-009
.moai/specs/SPEC-OWNERSHIP-SILENCE-001/spec.md	REQ-OWN-010
.moai/specs/SPEC-PARALLEL-COOK-001/spec.md	REQ-PC-001
.moai/specs/SPEC-PARALLEL-COOK-001/spec.md	REQ-PC-002
.moai/specs/SPEC-PARALLEL-COOK-001/spec.md	REQ-PC-003
.moai/specs/SPEC-PARALLEL-COOK-001/spec.md	REQ-PC-004
.moai/specs/SPEC-PARALLEL-COOK-001/spec.md	REQ-PC-005
.moai/specs/SPEC-PARALLEL-COOK-001/spec.md	REQ-PC-006
.moai/specs/SPEC-PARALLEL-COOK-001/spec.md	REQ-PC-007
.moai/specs/SPEC-PARALLEL-COOK-001/spec.md	REQ-PC-008
.moai/specs/SPEC-PARALLEL-COOK-001/spec.md	REQ-PC-009
.moai/specs/SPEC-PARALLEL-COOK-001/spec.md	REQ-PC-010
.moai/specs/SPEC-PARALLEL-COOK-001/spec.md	REQ-PC-011
.moai/specs/SPEC-PARALLEL-COOK-001/spec.md	REQ-PC-012
.moai/specs/SPEC-PARALLEL-COOK-001/spec.md	REQ-PC-013
.moai/specs/SPEC-PARALLEL-COOK-001/spec.md	REQ-PC-014
.moai/specs/SPEC-PARALLEL-COOK-001/spec.md	REQ-PC-015
.moai/specs/SPEC-PHASE-FRONTMATTER-OWNER-001/spec.md	REQ-PFO-001
.moai/specs/SPEC-PHASE-FRONTMATTER-OWNER-001/spec.md	REQ-PFO-002
.moai/specs/SPEC-PHASE-FRONTMATTER-OWNER-001/spec.md	REQ-PFO-003
.moai/specs/SPEC-PHASE-FRONTMATTER-OWNER-001/spec.md	REQ-PFO-004
.moai/specs/SPEC-PHASE-FRONTMATTER-OWNER-001/spec.md	REQ-PFO-006
.moai/specs/SPEC-PHASE-FRONTMATTER-OWNER-001/spec.md	REQ-PFO-007
.moai/specs/SPEC-PHASE-FRONTMATTER-OWNER-001/spec.md	REQ-PFO-016
.moai/specs/SPEC-PRECOMMIT-PRESERVE-001/spec.md	REQ-PCP-001
.moai/specs/SPEC-PRECOMMIT-PRESERVE-001/spec.md	REQ-PCP-002
.moai/specs/SPEC-PRECOMMIT-PRESERVE-001/spec.md	REQ-PCP-003
.moai/specs/SPEC-PRECOMMIT-PRESERVE-001/spec.md	REQ-PCP-004
.moai/specs/SPEC-PRECOMMIT-PRESERVE-001/spec.md	REQ-PCP-005
.moai/specs/SPEC-PRECOMMIT-PRESERVE-001/spec.md	REQ-PCP-006
.moai/specs/SPEC-PRECOMMIT-PRESERVE-001/spec.md	REQ-PCP-007
.moai/specs/SPEC-PRECOMMIT-PRESERVE-001/spec.md	REQ-PCP-008
.moai/specs/SPEC-PRECOMMIT-PRESERVE-001/spec.md	REQ-PCP-009
.moai/specs/SPEC-PRECOMMIT-PRESERVE-001/spec.md	REQ-PCP-010
.moai/specs/SPEC-PRECOMMIT-PRESERVE-001/spec.md	REQ-PCP-013
.moai/specs/SPEC-PRECOMMIT-PRESERVE-001/spec.md	REQ-PCP-014
.moai/specs/SPEC-PREPUSH-MODE-WIRING-001/spec.md	REQ-PMW-001
.moai/specs/SPEC-PREPUSH-MODE-WIRING-001/spec.md	REQ-PMW-002
.moai/specs/SPEC-PREPUSH-MODE-WIRING-001/spec.md	REQ-PMW-003
.moai/specs/SPEC-PREPUSH-MODE-WIRING-001/spec.md	REQ-PMW-004
.moai/specs/SPEC-PREPUSH-MODE-WIRING-001/spec.md	REQ-PMW-005
.moai/specs/SPEC-PREPUSH-MODE-WIRING-001/spec.md	REQ-PMW-006
.moai/specs/SPEC-PREPUSH-MODE-WIRING-001/spec.md	REQ-PMW-007
.moai/specs/SPEC-PREPUSH-MODE-WIRING-001/spec.md	REQ-PMW-008
.moai/specs/SPEC-PREPUSH-MODE-WIRING-001/spec.md	REQ-PMW-009
.moai/specs/SPEC-PREPUSH-MODE-WIRING-001/spec.md	REQ-PMW-010
.moai/specs/SPEC-PREPUSH-MODE-WIRING-001/spec.md	REQ-PMW-011
.moai/specs/SPEC-PREPUSH-MODE-WIRING-001/spec.md	REQ-PMW-012
.moai/specs/SPEC-PREPUSH-WIRING-001/spec.md	REQ-PPW-001
.moai/specs/SPEC-PREPUSH-WIRING-001/spec.md	REQ-PPW-002
.moai/specs/SPEC-PREPUSH-WIRING-001/spec.md	REQ-PPW-003
.moai/specs/SPEC-PREPUSH-WIRING-001/spec.md	REQ-PPW-004
.moai/specs/SPEC-PREPUSH-WIRING-001/spec.md	REQ-PPW-005
.moai/specs/SPEC-PREPUSH-WIRING-001/spec.md	REQ-PPW-006
.moai/specs/SPEC-PREPUSH-WIRING-001/spec.md	REQ-PPW-007
.moai/specs/SPEC-PREPUSH-WIRING-001/spec.md	REQ-PPW-008
.moai/specs/SPEC-PREPUSH-WIRING-001/spec.md	REQ-PPW-009
.moai/specs/SPEC-PREPUSH-WIRING-001/spec.md	REQ-PPW-010
.moai/specs/SPEC-PREPUSH-WIRING-001/spec.md	REQ-PPW-011
.moai/specs/SPEC-PRETOOL-GATE-MOVE-001/spec.md	REQ-PGM-003
.moai/specs/SPEC-PRETOOL-GATE-MOVE-001/spec.md	REQ-PGM-012
.moai/specs/SPEC-PRETOOL-GATE-MOVE-001/spec.md	REQ-PGM-013
.moai/specs/SPEC-PROFILE-MEMORY-001/spec.md	REQ-PM-018
.moai/specs/SPEC-PROJECT-HARNESS-BRIDGE-001/spec.md	REQ-PHB-009
.moai/specs/SPEC-PROJECT-HARNESS-BRIDGE-001/spec.md	REQ-PHB-014
.moai/specs/SPEC-PROJECT-HARNESS-BRIDGE-001/spec.md	REQ-PHB-017
.moai/specs/SPEC-REF-SEO-ABSORB-001/spec.md	REQ-SEO-010
.moai/specs/SPEC-REF-SEO-ABSORB-001/spec.md	REQ-SEO-026
.moai/specs/SPEC-RESUME-MSG-001/spec.md	REQ-RESUME-001
.moai/specs/SPEC-RESUME-MSG-001/spec.md	REQ-RESUME-002
.moai/specs/SPEC-RESUME-MSG-001/spec.md	REQ-RESUME-003
.moai/specs/SPEC-RESUME-MSG-001/spec.md	REQ-RESUME-004
.moai/specs/SPEC-RESUME-MSG-001/spec.md	REQ-RESUME-005
.moai/specs/SPEC-RESUME-MSG-001/spec.md	REQ-RESUME-006
.moai/specs/SPEC-RESUME-MSG-001/spec.md	REQ-RESUME-007
.moai/specs/SPEC-RESUME-MSG-001/spec.md	REQ-RESUME-008
.moai/specs/SPEC-RESUME-MSG-001/spec.md	REQ-RESUME-009
.moai/specs/SPEC-RESUME-MSG-001/spec.md	REQ-RESUME-010
.moai/specs/SPEC-RESUME-MSG-001/spec.md	REQ-RESUME-011
.moai/specs/SPEC-RESUME-MSG-001/spec.md	REQ-RESUME-012
.moai/specs/SPEC-RESUME-MSG-001/spec.md	REQ-RESUME-013
.moai/specs/SPEC-RESUME-MSG-001/spec.md	REQ-RESUME-014
.moai/specs/SPEC-RESUME-MSG-001/spec.md	REQ-RESUME-015
.moai/specs/SPEC-RESUME-MSG-001/spec.md	REQ-RESUME-016
.moai/specs/SPEC-RULE-DIET-002/spec.md	REQ-RD2-002
.moai/specs/SPEC-RULE-DIET-002/spec.md	REQ-RD2-003
.moai/specs/SPEC-SEC-HARDEN-001/spec.md	REQ-SEC-M1-001
.moai/specs/SPEC-SEC-HARDEN-001/spec.md	REQ-SEC-M1-002
.moai/specs/SPEC-SEC-HARDEN-001/spec.md	REQ-SEC-M1-003
.moai/specs/SPEC-SEC-HARDEN-001/spec.md	REQ-SEC-M1-004
.moai/specs/SPEC-SEC-HARDEN-001/spec.md	REQ-SEC-M2-001
.moai/specs/SPEC-SEC-HARDEN-001/spec.md	REQ-SEC-M2-002
.moai/specs/SPEC-SEC-HARDEN-001/spec.md	REQ-SEC-M2-003
.moai/specs/SPEC-SEC-HARDEN-001/spec.md	REQ-SEC-M2-004
.moai/specs/SPEC-SEC-HARDEN-001/spec.md	REQ-SEC-M3-001
.moai/specs/SPEC-SEC-HARDEN-001/spec.md	REQ-SEC-M3-002
.moai/specs/SPEC-SEC-HARDEN-001/spec.md	REQ-SEC-M3-003
.moai/specs/SPEC-SEC-HARDEN-001/spec.md	REQ-SEC-M3-004
.moai/specs/SPEC-SEC-HARDEN-001/spec.md	REQ-SEC-M4-001
.moai/specs/SPEC-SEC-HARDEN-001/spec.md	REQ-SEC-M4-002
.moai/specs/SPEC-SEC-HARDEN-001/spec.md	REQ-SEC-M4-003
.moai/specs/SPEC-SEC-HARDEN-001/spec.md	REQ-SEC-M5-001
.moai/specs/SPEC-SEC-HARDEN-001/spec.md	REQ-SEC-M5-002
.moai/specs/SPEC-SEC-HARDEN-001/spec.md	REQ-SEC-M5-003
.moai/specs/SPEC-SEC-HARDEN-001/spec.md	REQ-SEC-M5-004
.moai/specs/SPEC-SEC-HARDEN-002/spec.md	REQ-SEC2-M1-001
.moai/specs/SPEC-SEC-HARDEN-002/spec.md	REQ-SEC2-M1-002
.moai/specs/SPEC-SEC-HARDEN-002/spec.md	REQ-SEC2-M1-003
.moai/specs/SPEC-SEC-HARDEN-002/spec.md	REQ-SEC2-M1-004
.moai/specs/SPEC-SEC-HARDEN-002/spec.md	REQ-SEC2-M2-001
.moai/specs/SPEC-SEC-HARDEN-002/spec.md	REQ-SEC2-M2-002
.moai/specs/SPEC-SEC-HARDEN-002/spec.md	REQ-SEC2-M2-003
.moai/specs/SPEC-SEC-HARDEN-002/spec.md	REQ-SEC2-M2-004
.moai/specs/SPEC-SEC-HARDEN-002/spec.md	REQ-SEC2-M3-001
.moai/specs/SPEC-SEC-HARDEN-002/spec.md	REQ-SEC2-M3-002
.moai/specs/SPEC-SEC-HARDEN-002/spec.md	REQ-SEC2-M3-003
.moai/specs/SPEC-SEC-HARDEN-002/spec.md	REQ-SEC2-M4-001
.moai/specs/SPEC-SEC-HARDEN-002/spec.md	REQ-SEC2-M4-002
.moai/specs/SPEC-SEC-HARDEN-002/spec.md	REQ-SEC2-M4-003
.moai/specs/SPEC-SEC-HARDEN-002/spec.md	REQ-SEC2-M4-004
.moai/specs/SPEC-SEC-HARDEN-003/spec.md	REQ-SEC3-002
.moai/specs/SPEC-SEC-SCAN-SURFACE-001/spec.md	REQ-SSS-001
.moai/specs/SPEC-SEC-SCAN-SURFACE-001/spec.md	REQ-SSS-002
.moai/specs/SPEC-SEC-SCAN-SURFACE-001/spec.md	REQ-SSS-003
.moai/specs/SPEC-SEC-SCAN-SURFACE-001/spec.md	REQ-SSS-004
.moai/specs/SPEC-SEC-SCAN-SURFACE-001/spec.md	REQ-SSS-005
.moai/specs/SPEC-SEC-SCAN-SURFACE-001/spec.md	REQ-SSS-006
.moai/specs/SPEC-SEC-SCAN-SURFACE-001/spec.md	REQ-SSS-007
.moai/specs/SPEC-SEC-SCAN-SURFACE-001/spec.md	REQ-SSS-008
.moai/specs/SPEC-SEC-SCAN-SURFACE-001/spec.md	REQ-SSS-009
.moai/specs/SPEC-SEC-SCAN-SURFACE-001/spec.md	REQ-SSS-010
.moai/specs/SPEC-SEC-SCAN-SURFACE-001/spec.md	REQ-SSS-011
.moai/specs/SPEC-SEC-SCAN-SURFACE-001/spec.md	REQ-SSS-012
.moai/specs/SPEC-SEC-SCAN-SURFACE-001/spec.md	REQ-SSS-013
.moai/specs/SPEC-SEC-SCAN-SURFACE-001/spec.md	REQ-SSS-014
.moai/specs/SPEC-SEC-SCAN-SURFACE-001/spec.md	REQ-SSS-015
.moai/specs/SPEC-SEC-SCAN-SURFACE-001/spec.md	REQ-SSS-016
.moai/specs/SPEC-SESSIONSTART-PERF-001/spec.md	REQ-SSP-001
.moai/specs/SPEC-SESSIONSTART-PERF-001/spec.md	REQ-SSP-002
.moai/specs/SPEC-SESSIONSTART-PERF-001/spec.md	REQ-SSP-003
.moai/specs/SPEC-SESSIONSTART-PERF-001/spec.md	REQ-SSP-004
.moai/specs/SPEC-SESSIONSTART-PERF-001/spec.md	REQ-SSP-005
.moai/specs/SPEC-SESSIONSTART-PERF-001/spec.md	REQ-SSP-006
.moai/specs/SPEC-SESSIONSTART-PERF-001/spec.md	REQ-SSP-007
.moai/specs/SPEC-SESSIONSTART-PERF-001/spec.md	REQ-SSP-008
.moai/specs/SPEC-SESSIONSTART-PERF-001/spec.md	REQ-SSP-009
.moai/specs/SPEC-SESSIONSTART-PERF-001/spec.md	REQ-SSP-010
.moai/specs/SPEC-SESSIONSTART-PERF-001/spec.md	REQ-SSP-011
.moai/specs/SPEC-SESSIONSTART-PERF-001/spec.md	REQ-SSP-012
.moai/specs/SPEC-SESSIONSTART-PERF-001/spec.md	REQ-SSP-013
.moai/specs/SPEC-SESSIONSTART-PERF-001/spec.md	REQ-SSP-014
.moai/specs/SPEC-SESSIONSTART-PERF-001/spec.md	REQ-SSP-015
.moai/specs/SPEC-SESSIONSTART-PERF-001/spec.md	REQ-SSP-016
.moai/specs/SPEC-SESSIONSTART-PERF-001/spec.md	REQ-SSP-017
.moai/specs/SPEC-SESSIONSTART-PERF-001/spec.md	REQ-SSP-018
.moai/specs/SPEC-SKILL-DESC-001/spec.md	REQ-SD-001
.moai/specs/SPEC-SKILL-DESC-001/spec.md	REQ-SD-002
.moai/specs/SPEC-SKILL-DESC-001/spec.md	REQ-SD-003
.moai/specs/SPEC-SKILL-DESC-001/spec.md	REQ-SD-004
.moai/specs/SPEC-SKILL-DESC-001/spec.md	REQ-SD-005
.moai/specs/SPEC-SKILL-DESC-001/spec.md	REQ-SD-006
.moai/specs/SPEC-SKILL-DESC-001/spec.md	REQ-SD-007
.moai/specs/SPEC-SKILL-DESC-001/spec.md	REQ-SD-008
.moai/specs/SPEC-SKILL-DESC-001/spec.md	REQ-SD-009
.moai/specs/SPEC-SKILL-DESC-001/spec.md	REQ-SD-010
.moai/specs/SPEC-SKILL-DESC-001/spec.md	REQ-SD-011
.moai/specs/SPEC-SKILL-DESC-001/spec.md	REQ-SD-012
.moai/specs/SPEC-SKILL-DESC-001/spec.md	REQ-SD-013
.moai/specs/SPEC-SKILL-DESC-001/spec.md	REQ-SD-014
.moai/specs/SPEC-SKILL-DESC-001/spec.md	REQ-SD-015
.moai/specs/SPEC-SKILL-DESC-001/spec.md	REQ-SD-016
.moai/specs/SPEC-SKILL-DESC-001/spec.md	REQ-SD-017
.moai/specs/SPEC-SKILL-DESC-001/spec.md	REQ-SD-018
.moai/specs/SPEC-SKILL-DESC-001/spec.md	REQ-SD-019
.moai/specs/SPEC-SKILL-GATE-001/spec.md	REQ-BATCH-001
.moai/specs/SPEC-SKILL-GATE-001/spec.md	REQ-BATCH-002
.moai/specs/SPEC-SKILL-GATE-001/spec.md	REQ-BATCH-003
.moai/specs/SPEC-SKILL-GATE-001/spec.md	REQ-CONSISTENCY-001
.moai/specs/SPEC-SKILL-GATE-001/spec.md	REQ-CONSISTENCY-002
.moai/specs/SPEC-SKILL-GATE-001/spec.md	REQ-SIMPLIFY-001
.moai/specs/SPEC-SKILL-GATE-001/spec.md	REQ-SIMPLIFY-002
.moai/specs/SPEC-SKILL-GATE-001/spec.md	REQ-SIMPLIFY-003
.moai/specs/SPEC-SKILL-GATE-001/spec.md	REQ-SIMPLIFY-004
.moai/specs/SPEC-SPEC-LINT-BLIND-AXES-001/spec.md	REQ-SLB-011
.moai/specs/SPEC-STEERING-ALIGN-RULE-SCOPING-001/spec.md	REQ-SARS-003
.moai/specs/SPEC-STEERING-ALIGN-RULE-SCOPING-001/spec.md	REQ-SARS-004
.moai/specs/SPEC-STEERING-ALIGN-RULE-SCOPING-001/spec.md	REQ-SARS-005
.moai/specs/SPEC-STOP-HOOK-001/spec.md	REQ-SH-001
.moai/specs/SPEC-STOP-HOOK-001/spec.md	REQ-SH-002
.moai/specs/SPEC-STOP-HOOK-001/spec.md	REQ-SH-003
.moai/specs/SPEC-STOP-HOOK-001/spec.md	REQ-SH-004
.moai/specs/SPEC-STOP-HOOK-001/spec.md	REQ-SH-005
.moai/specs/SPEC-STOP-HOOK-001/spec.md	REQ-SH-006
.moai/specs/SPEC-STOP-HOOK-001/spec.md	REQ-SH-007
.moai/specs/SPEC-STOP-HOOK-001/spec.md	REQ-SH-008
.moai/specs/SPEC-STOP-HOOK-001/spec.md	REQ-SH-009
.moai/specs/SPEC-STOP-HOOK-001/spec.md	REQ-SH-010
.moai/specs/SPEC-STOP-HOOK-001/spec.md	REQ-SH-011
.moai/specs/SPEC-STOP-HOOK-001/spec.md	REQ-SH-012
.moai/specs/SPEC-STOP-HOOK-001/spec.md	REQ-SH-013
.moai/specs/SPEC-STOP-HOOK-001/spec.md	REQ-SH-014
.moai/specs/SPEC-STOP-HOOK-001/spec.md	REQ-SH-015
.moai/specs/SPEC-STOP-HOOK-001/spec.md	REQ-SH-016
.moai/specs/SPEC-STOP-HOOK-001/spec.md	REQ-SH-017
.moai/specs/SPEC-SUBAGENT-NESTING-DOCTRINE-001/spec.md	REQ-SND-001
.moai/specs/SPEC-SUBAGENT-NESTING-DOCTRINE-001/spec.md	REQ-SND-012
.moai/specs/SPEC-SUBAGENT-NESTING-DOCTRINE-001/spec.md	REQ-SND-014
.moai/specs/SPEC-SUBAGENT-NESTING-DOCTRINE-001/spec.md	REQ-SND-020
.moai/specs/SPEC-SUBAGENT-NESTING-DOCTRINE-001/spec.md	REQ-SND-021
.moai/specs/SPEC-SUBAGENT-NESTING-DOCTRINE-001/spec.md	REQ-SND-022
.moai/specs/SPEC-SVG-GEOMETRY-CHECKS-001/spec.md	REQ-SGC-001
.moai/specs/SPEC-SVG-GEOMETRY-CHECKS-001/spec.md	REQ-SGC-002
.moai/specs/SPEC-SVG-GEOMETRY-CHECKS-001/spec.md	REQ-SGC-003
.moai/specs/SPEC-SVG-GEOMETRY-CHECKS-001/spec.md	REQ-SGC-004
.moai/specs/SPEC-SVG-GEOMETRY-CHECKS-001/spec.md	REQ-SGC-005
.moai/specs/SPEC-SVG-GEOMETRY-CHECKS-001/spec.md	REQ-SGC-006
.moai/specs/SPEC-SVG-GEOMETRY-CHECKS-001/spec.md	REQ-SGC-007
.moai/specs/SPEC-SVG-GEOMETRY-CHECKS-001/spec.md	REQ-SGC-008
.moai/specs/SPEC-SVG-GEOMETRY-CHECKS-001/spec.md	REQ-SGC-009
.moai/specs/SPEC-SVG-GEOMETRY-CHECKS-001/spec.md	REQ-SGC-010
.moai/specs/SPEC-SVG-GEOMETRY-CHECKS-001/spec.md	REQ-SGC-011
.moai/specs/SPEC-SVG-GEOMETRY-CHECKS-001/spec.md	REQ-SGC-012
.moai/specs/SPEC-SVG-GEOMETRY-CHECKS-001/spec.md	REQ-SGC-013
.moai/specs/SPEC-SVG-GEOMETRY-CHECKS-001/spec.md	REQ-SGC-014
.moai/specs/SPEC-SVG-GEOMETRY-CHECKS-001/spec.md	REQ-SGC-015
.moai/specs/SPEC-SVG-GEOMETRY-CHECKS-001/spec.md	REQ-SGC-016
.moai/specs/SPEC-SYNC-STRATEGY-KEY-001/spec.md	REQ-SYK-001
.moai/specs/SPEC-SYNC-STRATEGY-KEY-001/spec.md	REQ-SYK-002
.moai/specs/SPEC-SYNC-STRATEGY-KEY-001/spec.md	REQ-SYK-003
.moai/specs/SPEC-SYNC-STRATEGY-KEY-001/spec.md	REQ-SYK-004
.moai/specs/SPEC-SYNC-STRATEGY-KEY-001/spec.md	REQ-SYK-005
.moai/specs/SPEC-SYNC-STRATEGY-KEY-001/spec.md	REQ-SYK-006
.moai/specs/SPEC-SYNC-STRATEGY-KEY-001/spec.md	REQ-SYK-007
.moai/specs/SPEC-SYNC-STRATEGY-KEY-001/spec.md	REQ-SYK-008
.moai/specs/SPEC-SYNC-STRATEGY-KEY-001/spec.md	REQ-SYK-009
.moai/specs/SPEC-SYNC-STRATEGY-KEY-001/spec.md	REQ-SYK-010
.moai/specs/SPEC-SYNC-STRATEGY-KEY-001/spec.md	REQ-SYK-011
.moai/specs/SPEC-TABSCHEMA-AUTOBRANCH-001/spec.md	REQ-TSA-001
.moai/specs/SPEC-TABSCHEMA-AUTOBRANCH-001/spec.md	REQ-TSA-002
.moai/specs/SPEC-TABSCHEMA-AUTOBRANCH-001/spec.md	REQ-TSA-003
.moai/specs/SPEC-TABSCHEMA-AUTOBRANCH-001/spec.md	REQ-TSA-004
.moai/specs/SPEC-TABSCHEMA-AUTOBRANCH-001/spec.md	REQ-TSA-005
.moai/specs/SPEC-TABSCHEMA-AUTOBRANCH-001/spec.md	REQ-TSA-006
.moai/specs/SPEC-TABSCHEMA-AUTOBRANCH-001/spec.md	REQ-TSA-007
.moai/specs/SPEC-TABSCHEMA-AUTOBRANCH-001/spec.md	REQ-TSA-008
.moai/specs/SPEC-TABSCHEMA-AUTOBRANCH-001/spec.md	REQ-TSA-009
.moai/specs/SPEC-TDD-ANTICHEAT-001/spec.md	REQ-TDD-001
.moai/specs/SPEC-TDD-ANTICHEAT-001/spec.md	REQ-TDD-002
.moai/specs/SPEC-TDD-ANTICHEAT-001/spec.md	REQ-TDD-003
.moai/specs/SPEC-TDD-ANTICHEAT-001/spec.md	REQ-TDD-004
.moai/specs/SPEC-TDD-ANTICHEAT-001/spec.md	REQ-TDD-005
.moai/specs/SPEC-TDD-ANTICHEAT-001/spec.md	REQ-TDD-006
.moai/specs/SPEC-TDD-ANTICHEAT-001/spec.md	REQ-TDD-007
.moai/specs/SPEC-TDD-ANTICHEAT-001/spec.md	REQ-TDD-008
.moai/specs/SPEC-TEAMMATE-REVIVAL-GUARD-001/spec.md	REQ-TRG-001
.moai/specs/SPEC-TEAMMATE-REVIVAL-GUARD-001/spec.md	REQ-TRG-002
.moai/specs/SPEC-TEAMMATE-REVIVAL-GUARD-001/spec.md	REQ-TRG-003
.moai/specs/SPEC-TEAMMATE-REVIVAL-GUARD-001/spec.md	REQ-TRG-004
.moai/specs/SPEC-TEAMMATE-REVIVAL-GUARD-001/spec.md	REQ-TRG-005
.moai/specs/SPEC-TEAMMATE-REVIVAL-GUARD-001/spec.md	REQ-TRG-006
.moai/specs/SPEC-TEAMMATE-REVIVAL-GUARD-001/spec.md	REQ-TRG-007
.moai/specs/SPEC-TEAMMATE-REVIVAL-GUARD-001/spec.md	REQ-TRG-008
.moai/specs/SPEC-TEAMMATE-REVIVAL-SOLE-WRITER-001/spec.md	REQ-TRSW-001
.moai/specs/SPEC-TEAMMATE-REVIVAL-SOLE-WRITER-001/spec.md	REQ-TRSW-002
.moai/specs/SPEC-TEAMMATE-REVIVAL-SOLE-WRITER-001/spec.md	REQ-TRSW-003
.moai/specs/SPEC-TEAMMATE-REVIVAL-SOLE-WRITER-001/spec.md	REQ-TRSW-004
.moai/specs/SPEC-TEAMMATE-REVIVAL-SOLE-WRITER-001/spec.md	REQ-TRSW-005
.moai/specs/SPEC-TEMPLATE-RULES-CLEANUP-001/spec.md	REQ-TRC-061
.moai/specs/SPEC-TEMPLATE-RULES-CLEANUP-001/spec.md	REQ-TRC-062
.moai/specs/SPEC-TEMPLATE-RULES-CLEANUP-001/spec.md	REQ-TRC-063
.moai/specs/SPEC-TEST-AUTH-001/spec.md	REQ-TEST-AUTH-001-001
.moai/specs/SPEC-TEST-AUTH-001/spec.md	REQ-TEST-AUTH-001-002
.moai/specs/SPEC-TEST-AUTH-001/spec.md	REQ-TEST-AUTH-001-003
.moai/specs/SPEC-TEST-ORC-LIKE-001/spec.md	REQ-TEST-ORC-001-001
.moai/specs/SPEC-TEST-ORC-LIKE-001/spec.md	REQ-TEST-ORC-001-002
.moai/specs/SPEC-TEST-ORC-LIKE-001/spec.md	REQ-TEST-ORC-001-003
.moai/specs/SPEC-TEST-ORC-LIKE-001/spec.md	REQ-TEST-ORC-001-004
.moai/specs/SPEC-TEST-OVERRIDE-001/spec.md	REQ-TEST-OVR-001-001
.moai/specs/SPEC-TODO-DESTRUCTIVE-GUARD-001/spec.md	REQ-TDG-001
.moai/specs/SPEC-TODO-DESTRUCTIVE-GUARD-001/spec.md	REQ-TDG-002
.moai/specs/SPEC-TODO-DESTRUCTIVE-GUARD-001/spec.md	REQ-TDG-003
.moai/specs/SPEC-TODO-DESTRUCTIVE-GUARD-001/spec.md	REQ-TDG-004
.moai/specs/SPEC-TODO-DESTRUCTIVE-GUARD-001/spec.md	REQ-TDG-005
.moai/specs/SPEC-TODO-DESTRUCTIVE-GUARD-001/spec.md	REQ-TDG-006
.moai/specs/SPEC-TODO-DESTRUCTIVE-GUARD-001/spec.md	REQ-TDG-007
.moai/specs/SPEC-TODO-DESTRUCTIVE-GUARD-001/spec.md	REQ-TDG-008
.moai/specs/SPEC-TODO-DESTRUCTIVE-GUARD-001/spec.md	REQ-TDG-009
.moai/specs/SPEC-TODO-DESTRUCTIVE-GUARD-001/spec.md	REQ-TDG-010
.moai/specs/SPEC-TODO-DESTRUCTIVE-GUARD-001/spec.md	REQ-TDG-011
.moai/specs/SPEC-TODO-DESTRUCTIVE-GUARD-001/spec.md	REQ-TDG-012
.moai/specs/SPEC-TODO-DESTRUCTIVE-GUARD-001/spec.md	REQ-TDG-013
.moai/specs/SPEC-TODO-DESTRUCTIVE-GUARD-001/spec.md	REQ-TDG-014
.moai/specs/SPEC-TODO-DESTRUCTIVE-GUARD-001/spec.md	REQ-TDG-015
.moai/specs/SPEC-TODO-DESTRUCTIVE-GUARD-001/spec.md	REQ-TDG-016
.moai/specs/SPEC-TODO-LANDING-STATE-001/spec.md	REQ-TLS-001
.moai/specs/SPEC-TODO-LANDING-STATE-001/spec.md	REQ-TLS-002
.moai/specs/SPEC-TODO-LANDING-STATE-001/spec.md	REQ-TLS-003
.moai/specs/SPEC-TODO-LANDING-STATE-001/spec.md	REQ-TLS-004
.moai/specs/SPEC-TODO-LANDING-STATE-001/spec.md	REQ-TLS-005
.moai/specs/SPEC-TODO-LANDING-STATE-001/spec.md	REQ-TLS-006
.moai/specs/SPEC-TODO-LANDING-STATE-001/spec.md	REQ-TLS-007
.moai/specs/SPEC-TODO-LANDING-STATE-001/spec.md	REQ-TLS-008
.moai/specs/SPEC-TODO-LANDING-STATE-001/spec.md	REQ-TLS-009
.moai/specs/SPEC-TODO-LANDING-STATE-001/spec.md	REQ-TLS-010
.moai/specs/SPEC-TODO-LANDING-STATE-001/spec.md	REQ-TLS-011
.moai/specs/SPEC-TODO-SQLITE-001/spec.md	REQ-TOSQ-001
.moai/specs/SPEC-TODO-SQLITE-001/spec.md	REQ-TOSQ-002
.moai/specs/SPEC-TODO-SQLITE-001/spec.md	REQ-TOSQ-003
.moai/specs/SPEC-TODO-SQLITE-001/spec.md	REQ-TOSQ-004
.moai/specs/SPEC-TODO-SQLITE-001/spec.md	REQ-TOSQ-005
.moai/specs/SPEC-TODO-SQLITE-001/spec.md	REQ-TOSQ-006
.moai/specs/SPEC-TODO-SQLITE-001/spec.md	REQ-TOSQ-007
.moai/specs/SPEC-TODO-SQLITE-001/spec.md	REQ-TOSQ-008
.moai/specs/SPEC-TODO-SQLITE-001/spec.md	REQ-TOSQ-009
.moai/specs/SPEC-TODO-SQLITE-001/spec.md	REQ-TOSQ-010
.moai/specs/SPEC-TODO-SQLITE-001/spec.md	REQ-TOSQ-011
.moai/specs/SPEC-TODO-SQLITE-001/spec.md	REQ-TOSQ-012
.moai/specs/SPEC-TODO-SQLITE-001/spec.md	REQ-TOSQ-013
.moai/specs/SPEC-TODO-SQLITE-001/spec.md	REQ-TOSQ-014
.moai/specs/SPEC-TODO-SQLITE-001/spec.md	REQ-TOSQ-015
.moai/specs/SPEC-TODO-SQLITE-001/spec.md	REQ-TOSQ-016
.moai/specs/SPEC-TODO-SQLITE-001/spec.md	REQ-TOSQ-017
.moai/specs/SPEC-TODO-SQLITE-001/spec.md	REQ-TOSQ-018
.moai/specs/SPEC-TOOL-AUDIT-001/spec.md	REQ-TA-001
.moai/specs/SPEC-TOOL-AUDIT-001/spec.md	REQ-TA-002
.moai/specs/SPEC-TOOL-AUDIT-001/spec.md	REQ-TA-003
.moai/specs/SPEC-TOOL-AUDIT-001/spec.md	REQ-TA-004
.moai/specs/SPEC-TOOL-AUDIT-001/spec.md	REQ-TA-005
.moai/specs/SPEC-TOOL-AUDIT-001/spec.md	REQ-TA-006
.moai/specs/SPEC-TOOL-AUDIT-001/spec.md	REQ-TA-007
.moai/specs/SPEC-TOOL-AUDIT-001/spec.md	REQ-TA-008
.moai/specs/SPEC-TOOL-AUDIT-001/spec.md	REQ-TA-009
.moai/specs/SPEC-TOOL-AUDIT-001/spec.md	REQ-TA-010
.moai/specs/SPEC-TOOL-AUDIT-001/spec.md	REQ-TA-011
.moai/specs/SPEC-TOOL-AUDIT-001/spec.md	REQ-TA-012
.moai/specs/SPEC-TOOL-AUDIT-001/spec.md	REQ-TA-013
.moai/specs/SPEC-TOOL-AUDIT-001/spec.md	REQ-TA-014
.moai/specs/SPEC-TOOL-AUDIT-001/spec.md	REQ-TA-015
.moai/specs/SPEC-TOOL-AUDIT-001/spec.md	REQ-TA-016
.moai/specs/SPEC-TOOL-AUDIT-001/spec.md	REQ-TA-017
.moai/specs/SPEC-TOOLPOLICY-DEPLOY-REVIEW-001/spec.md	REQ-TDR-001
.moai/specs/SPEC-TOOLPOLICY-DEPLOY-REVIEW-001/spec.md	REQ-TDR-002
.moai/specs/SPEC-TOOLPOLICY-DEPLOY-REVIEW-001/spec.md	REQ-TDR-003
.moai/specs/SPEC-TOOLPOLICY-DEPLOY-REVIEW-001/spec.md	REQ-TDR-004
.moai/specs/SPEC-TOOLPOLICY-DEPLOY-REVIEW-001/spec.md	REQ-TDR-005
.moai/specs/SPEC-UPDATE-LEGACY-SKILL-LIST-001/spec.md	REQ-LSL-001
.moai/specs/SPEC-UPDATE-LEGACY-SKILL-LIST-001/spec.md	REQ-LSL-002
.moai/specs/SPEC-UPDATE-LEGACY-SKILL-LIST-001/spec.md	REQ-LSL-003
.moai/specs/SPEC-UPDATE-LEGACY-SKILL-LIST-001/spec.md	REQ-LSL-004
.moai/specs/SPEC-UPDATE-LEGACY-SKILL-LIST-001/spec.md	REQ-LSL-005
.moai/specs/SPEC-UPDATE-LEGACY-SKILL-LIST-001/spec.md	REQ-LSL-006
.moai/specs/SPEC-UPDATE-LEGACY-SKILL-LIST-001/spec.md	REQ-LSL-007
.moai/specs/SPEC-UPDATE-LEGACY-SKILL-LIST-001/spec.md	REQ-LSL-008
.moai/specs/SPEC-UPDATE-LEGACY-SKILL-LIST-001/spec.md	REQ-LSL-009
.moai/specs/SPEC-UPDATE-LEGACY-SKILL-LIST-001/spec.md	REQ-LSL-010
.moai/specs/SPEC-UPDATE-LEGACY-SKILL-LIST-001/spec.md	REQ-LSL-011
.moai/specs/SPEC-UPDATE-LEGACY-SKILL-LIST-001/spec.md	REQ-LSL-012
.moai/specs/SPEC-UPDATE-LEGACY-SKILL-LIST-001/spec.md	REQ-LSL-013
.moai/specs/SPEC-UPDATE-LEGACY-SKILL-LIST-001/spec.md	REQ-LSL-014
.moai/specs/SPEC-UPDATE-LEGACY-SKILL-LIST-001/spec.md	REQ-LSL-015
.moai/specs/SPEC-UPDATE-LEGACY-SKILL-LIST-001/spec.md	REQ-LSL-016
.moai/specs/SPEC-UPDATE-LEGACY-SKILL-LIST-001/spec.md	REQ-LSL-017
.moai/specs/SPEC-UPDATE-LEGACY-SKILL-LIST-001/spec.md	REQ-LSL-018
.moai/specs/SPEC-UPDATE-LEGACY-SKILL-LIST-001/spec.md	REQ-LSL-019
.moai/specs/SPEC-UPDATE-REINSTALL-LOOP-002/spec.md	REQ-RIL2-001
.moai/specs/SPEC-UPDATE-REINSTALL-LOOP-002/spec.md	REQ-RIL2-002
.moai/specs/SPEC-UPDATE-REINSTALL-LOOP-002/spec.md	REQ-RIL2-003
.moai/specs/SPEC-UPDATE-REINSTALL-LOOP-002/spec.md	REQ-RIL2-004
.moai/specs/SPEC-UPDATE-REINSTALL-LOOP-002/spec.md	REQ-RIL2-005
.moai/specs/SPEC-UPDATE-REINSTALL-LOOP-002/spec.md	REQ-RIL2-006
.moai/specs/SPEC-UPDATE-REINSTALL-LOOP-002/spec.md	REQ-RIL2-007
.moai/specs/SPEC-UPDATE-REINSTALL-LOOP-002/spec.md	REQ-RIL2-008
.moai/specs/SPEC-UPDATE-REINSTALL-LOOP-002/spec.md	REQ-RIL2-009
.moai/specs/SPEC-UPDATE-REINSTALL-LOOP-002/spec.md	REQ-RIL2-010
.moai/specs/SPEC-UPDATE-REINSTALL-LOOP-002/spec.md	REQ-RIL2-011
.moai/specs/SPEC-UPDATE-REINSTALL-LOOP-002/spec.md	REQ-RIL2-012
.moai/specs/SPEC-UPDATE-REINSTALL-LOOP-002/spec.md	REQ-RIL2-013
.moai/specs/SPEC-UPDATE-REINSTALL-LOOP-002/spec.md	REQ-RIL2-014
.moai/specs/SPEC-UPDATE-REINSTALL-LOOP-002/spec.md	REQ-RIL2-015
.moai/specs/SPEC-UPDATE-REINSTALL-LOOP-002/spec.md	REQ-RIL2-016
.moai/specs/SPEC-UPDATE-REINSTALL-LOOP-002/spec.md	REQ-RIL2-017
.moai/specs/SPEC-UPDATE-REINSTALL-LOOP-002/spec.md	REQ-RIL2-018
.moai/specs/SPEC-UPDATE-REINSTALL-LOOP-002/spec.md	REQ-RIL2-019
.moai/specs/SPEC-UPDATE-REINSTALL-LOOP-002/spec.md	REQ-RIL2-020
.moai/specs/SPEC-UPDATE-REINSTALL-LOOP-002/spec.md	REQ-RIL2-021
.moai/specs/SPEC-UPDATE-REINSTALL-LOOP-002/spec.md	REQ-RIL2-022
.moai/specs/SPEC-UPDATE-REINSTALL-LOOP-002/spec.md	REQ-RIL2-023
.moai/specs/SPEC-UPDATE-REINSTALL-LOOP-002/spec.md	REQ-RIL2-024
.moai/specs/SPEC-UPDATE-REINSTALL-LOOP-002/spec.md	REQ-RIL2-025
.moai/specs/SPEC-UPDATE-REINSTALL-LOOP-002/spec.md	REQ-RIL2-026
.moai/specs/SPEC-UPDATE-REINSTALL-LOOP-002/spec.md	REQ-RIL2-027
.moai/specs/SPEC-UTIL-002/spec.md	REQ-UTIL-002-001
.moai/specs/SPEC-UTIL-002/spec.md	REQ-UTIL-002-002
.moai/specs/SPEC-UTIL-002/spec.md	REQ-UTIL-002-003
.moai/specs/SPEC-UTIL-002/spec.md	REQ-UTIL-002-004
.moai/specs/SPEC-UTIL-002/spec.md	REQ-UTIL-002-005
.moai/specs/SPEC-UTIL-002/spec.md	REQ-UTIL-002-006
.moai/specs/SPEC-UTIL-002/spec.md	REQ-UTIL-002-007
.moai/specs/SPEC-UTIL-002/spec.md	REQ-UTIL-002-008
.moai/specs/SPEC-UTIL-002/spec.md	REQ-UTIL-002-009
.moai/specs/SPEC-UTIL-002/spec.md	REQ-UTIL-002-010
.moai/specs/SPEC-UTIL-002/spec.md	REQ-UTIL-002-011
.moai/specs/SPEC-UTIL-002/spec.md	REQ-UTIL-002-012
.moai/specs/SPEC-UTIL-002/spec.md	REQ-UTIL-002-013
.moai/specs/SPEC-UTIL-002/spec.md	REQ-UTIL-002-014
.moai/specs/SPEC-UTIL-002/spec.md	REQ-UTIL-002-015
.moai/specs/SPEC-UTIL-002/spec.md	REQ-UTIL-002-016
.moai/specs/SPEC-UTIL-002/spec.md	REQ-UTIL-002-017
.moai/specs/SPEC-UTIL-002/spec.md	REQ-UTIL-002-018
.moai/specs/SPEC-UTIL-002/spec.md	REQ-UTIL-002-019
.moai/specs/SPEC-UTIL-002/spec.md	REQ-UTIL-002-020
.moai/specs/SPEC-UTIL-002/spec.md	REQ-UTIL-002-021
.moai/specs/SPEC-UTIL-004/spec.md	REQ-UTIL-004-001
.moai/specs/SPEC-UTIL-004/spec.md	REQ-UTIL-004-002
.moai/specs/SPEC-UTIL-004/spec.md	REQ-UTIL-004-003
.moai/specs/SPEC-UTIL-004/spec.md	REQ-UTIL-004-004
.moai/specs/SPEC-UTIL-005/spec.md	REQ-UTIL-005-001
.moai/specs/SPEC-UTIL-005/spec.md	REQ-UTIL-005-002
.moai/specs/SPEC-UTIL-005/spec.md	REQ-UTIL-005-003
.moai/specs/SPEC-UTIL-005/spec.md	REQ-UTIL-005-004
.moai/specs/SPEC-UTIL-005/spec.md	REQ-UTIL-005-005
.moai/specs/SPEC-UTIL-005/spec.md	REQ-UTIL-005-006
.moai/specs/SPEC-UTIL-006/spec.md	REQ-UTIL-006-001
.moai/specs/SPEC-UTIL-006/spec.md	REQ-UTIL-006-002
.moai/specs/SPEC-UTIL-006/spec.md	REQ-UTIL-006-003
.moai/specs/SPEC-UTIL-006/spec.md	REQ-UTIL-006-004
.moai/specs/SPEC-UTIL-006/spec.md	REQ-UTIL-006-005
.moai/specs/SPEC-UTIL-006/spec.md	REQ-UTIL-006-006
.moai/specs/SPEC-V3R2-RT-001/spec.md	REQ-V3R2-RT-001-002
.moai/specs/SPEC-V3R2-RT-001/spec.md	REQ-V3R2-RT-001-004
.moai/specs/SPEC-V3R2-RT-001/spec.md	REQ-V3R2-RT-001-005
.moai/specs/SPEC-V3R2-RT-001/spec.md	REQ-V3R2-RT-001-007
.moai/specs/SPEC-V3R2-RT-001/spec.md	REQ-V3R2-RT-001-010
.moai/specs/SPEC-V3R2-RT-001/spec.md	REQ-V3R2-RT-001-011
.moai/specs/SPEC-V3R2-RT-001/spec.md	REQ-V3R2-RT-001-013
.moai/specs/SPEC-V3R2-RT-001/spec.md	REQ-V3R2-RT-001-019
.moai/specs/SPEC-V3R2-RT-001/spec.md	REQ-V3R2-RT-001-020
.moai/specs/SPEC-V3R2-RT-001/spec.md	REQ-V3R2-RT-001-023
.moai/specs/SPEC-V3R2-RT-002/spec.md	REQ-V3R2-RT-002-001
.moai/specs/SPEC-V3R2-RT-002/spec.md	REQ-V3R2-RT-002-002
.moai/specs/SPEC-V3R2-RT-002/spec.md	REQ-V3R2-RT-002-003
.moai/specs/SPEC-V3R2-RT-002/spec.md	REQ-V3R2-RT-002-005
.moai/specs/SPEC-V3R2-RT-002/spec.md	REQ-V3R2-RT-002-010
.moai/specs/SPEC-V3R2-RT-002/spec.md	REQ-V3R2-RT-002-015
.moai/specs/SPEC-V3R2-RT-002/spec.md	REQ-V3R2-RT-002-021
.moai/specs/SPEC-V3R2-RT-002/spec.md	REQ-V3R2-RT-002-030
.moai/specs/SPEC-V3R2-RT-002/spec.md	REQ-V3R2-RT-002-031
.moai/specs/SPEC-V3R2-RT-002/spec.md	REQ-V3R2-RT-002-032
.moai/specs/SPEC-V3R2-RT-002/spec.md	REQ-V3R2-RT-002-043
.moai/specs/SPEC-V3R2-RT-002/spec.md	REQ-V3R2-RT-002-051
.moai/specs/SPEC-V3R2-RT-003/spec.md	REQ-V3R2-RT-003-001
.moai/specs/SPEC-V3R2-RT-003/spec.md	REQ-V3R2-RT-003-002
.moai/specs/SPEC-V3R2-RT-003/spec.md	REQ-V3R2-RT-003-004
.moai/specs/SPEC-V3R2-RT-003/spec.md	REQ-V3R2-RT-003-007
.moai/specs/SPEC-V3R2-RT-003/spec.md	REQ-V3R2-RT-003-008
.moai/specs/SPEC-V3R2-RT-003/spec.md	REQ-V3R2-RT-003-013
.moai/specs/SPEC-V3R2-RT-003/spec.md	REQ-V3R2-RT-003-014
.moai/specs/SPEC-V3R2-RT-003/spec.md	REQ-V3R2-RT-003-021
.moai/specs/SPEC-V3R2-RT-003/spec.md	REQ-V3R2-RT-003-032
.moai/specs/SPEC-V3R2-RT-003/spec.md	REQ-V3R2-RT-003-043
.moai/specs/SPEC-V3R2-RT-003/spec.md	REQ-V3R2-RT-003-050
.moai/specs/SPEC-V3R2-RT-004/spec.md	REQ-V3R2-RT-004-001
.moai/specs/SPEC-V3R2-RT-004/spec.md	REQ-V3R2-RT-004-003
.moai/specs/SPEC-V3R2-RT-004/spec.md	REQ-V3R2-RT-004-005
.moai/specs/SPEC-V3R2-RT-004/spec.md	REQ-V3R2-RT-004-006
.moai/specs/SPEC-V3R2-RT-004/spec.md	REQ-V3R2-RT-004-008
.moai/specs/SPEC-V3R2-RT-004/spec.md	REQ-V3R2-RT-004-010
.moai/specs/SPEC-V3R2-RT-004/spec.md	REQ-V3R2-RT-004-013
.moai/specs/SPEC-V3R2-RT-004/spec.md	REQ-V3R2-RT-004-022
.moai/specs/SPEC-V3R2-RT-004/spec.md	REQ-V3R2-RT-004-030
.moai/specs/SPEC-V3R2-RT-004/spec.md	REQ-V3R2-RT-004-032
.moai/specs/SPEC-V3R2-RT-004/spec.md	REQ-V3R2-RT-004-043
.moai/specs/SPEC-V3R2-RT-004/spec.md	REQ-V3R2-RT-004-051
.moai/specs/SPEC-V3R2-RT-005/spec.md	REQ-V3R2-RT-005-001
.moai/specs/SPEC-V3R2-RT-005/spec.md	REQ-V3R2-RT-005-002
.moai/specs/SPEC-V3R2-RT-005/spec.md	REQ-V3R2-RT-005-003
.moai/specs/SPEC-V3R2-RT-005/spec.md	REQ-V3R2-RT-005-004
.moai/specs/SPEC-V3R2-RT-005/spec.md	REQ-V3R2-RT-005-008
.moai/specs/SPEC-V3R2-RT-005/spec.md	REQ-V3R2-RT-005-010
.moai/specs/SPEC-V3R2-RT-005/spec.md	REQ-V3R2-RT-005-012
.moai/specs/SPEC-V3R2-RT-005/spec.md	REQ-V3R2-RT-005-014
.moai/specs/SPEC-V3R2-RT-005/spec.md	REQ-V3R2-RT-005-015
.moai/specs/SPEC-V3R2-RT-005/spec.md	REQ-V3R2-RT-005-021
.moai/specs/SPEC-V3R2-RT-005/spec.md	REQ-V3R2-RT-005-031
.moai/specs/SPEC-V3R2-RT-005/spec.md	REQ-V3R2-RT-005-040
.moai/specs/SPEC-V3R2-RT-005/spec.md	REQ-V3R2-RT-005-051
.moai/specs/SPEC-V3R2-RT-006/spec.md	REQ-V3R2-RT-006-001
.moai/specs/SPEC-V3R2-RT-006/spec.md	REQ-V3R2-RT-006-004
.moai/specs/SPEC-V3R2-RT-006/spec.md	REQ-V3R2-RT-006-020
.moai/specs/SPEC-V3R2-RT-006/spec.md	REQ-V3R2-RT-006-021
.moai/specs/SPEC-V3R2-RT-006/spec.md	REQ-V3R2-RT-006-023
.moai/specs/SPEC-V3R2-RT-006/spec.md	REQ-V3R2-RT-006-024
.moai/specs/SPEC-V3R2-RT-006/spec.md	REQ-V3R2-RT-006-025
.moai/specs/SPEC-V3R2-RT-006/spec.md	REQ-V3R2-RT-006-026
.moai/specs/SPEC-V3R2-RT-006/spec.md	REQ-V3R2-RT-006-027
.moai/specs/SPEC-V3R2-RT-006/spec.md	REQ-V3R2-RT-006-028
.moai/specs/SPEC-V3R2-RT-006/spec.md	REQ-V3R2-RT-006-029
.moai/specs/SPEC-V3R2-RT-006/spec.md	REQ-V3R2-RT-006-030
.moai/specs/SPEC-V3R2-RT-006/spec.md	REQ-V3R2-RT-006-031
.moai/specs/SPEC-V3R2-RT-006/spec.md	REQ-V3R2-RT-006-032
.moai/specs/SPEC-V3R2-RT-006/spec.md	REQ-V3R2-RT-006-033
.moai/specs/SPEC-V3R2-RT-006/spec.md	REQ-V3R2-RT-006-041
.moai/specs/SPEC-V3R2-RT-006/spec.md	REQ-V3R2-RT-006-042
.moai/specs/SPEC-V3R2-RT-006/spec.md	REQ-V3R2-RT-006-051
.moai/specs/SPEC-V3R2-RT-006/spec.md	REQ-V3R2-RT-006-060
.moai/specs/SPEC-V3R2-RT-006/spec.md	REQ-V3R2-RT-006-062
.moai/specs/SPEC-V3R2-RT-007/spec.md	REQ-V3R2-RT-007-001
.moai/specs/SPEC-V3R2-RT-007/spec.md	REQ-V3R2-RT-007-004
.moai/specs/SPEC-V3R2-RT-007/spec.md	REQ-V3R2-RT-007-005
.moai/specs/SPEC-V3R2-RT-007/spec.md	REQ-V3R2-RT-007-006
.moai/specs/SPEC-V3R2-RT-007/spec.md	REQ-V3R2-RT-007-010
.moai/specs/SPEC-V3R2-RT-007/spec.md	REQ-V3R2-RT-007-012
.moai/specs/SPEC-V3R2-RT-007/spec.md	REQ-V3R2-RT-007-013
.moai/specs/SPEC-V3R2-RT-007/spec.md	REQ-V3R2-RT-007-014
.moai/specs/SPEC-V3R2-RT-007/spec.md	REQ-V3R2-RT-007-016
.moai/specs/SPEC-V3R2-RT-007/spec.md	REQ-V3R2-RT-007-020
.moai/specs/SPEC-V3R2-RT-007/spec.md	REQ-V3R2-RT-007-023
.moai/specs/SPEC-V3R2-RT-007/spec.md	REQ-V3R2-RT-007-025
.moai/specs/SPEC-V3R2-RT-007/spec.md	REQ-V3R2-RT-007-041
.moai/specs/SPEC-V3R2-RT-007/spec.md	REQ-V3R2-RT-007-042
.moai/specs/SPEC-V3R2-RT-007/spec.md	REQ-V3R2-RT-007-051
.moai/specs/SPEC-V3R2-RT-007/spec.md	REQ-V3R2-RT-007-052
.moai/specs/SPEC-V3R2-RT-007/spec.md	REQ-V3R2-RT-007-061
.moai/specs/SPEC-V3R3-UPDATE-CLEANUP-001/spec.md	REQ-UPC-001
.moai/specs/SPEC-V3R3-UPDATE-CLEANUP-001/spec.md	REQ-UPC-002
.moai/specs/SPEC-V3R3-UPDATE-CLEANUP-001/spec.md	REQ-UPC-003
.moai/specs/SPEC-V3R3-UPDATE-CLEANUP-001/spec.md	REQ-UPC-004
.moai/specs/SPEC-V3R3-UPDATE-CLEANUP-001/spec.md	REQ-UPC-005
.moai/specs/SPEC-V3R3-UPDATE-CLEANUP-001/spec.md	REQ-UPC-006
.moai/specs/SPEC-V3R3-UPDATE-CLEANUP-001/spec.md	REQ-UPC-007
.moai/specs/SPEC-V3R3-UPDATE-CLEANUP-001/spec.md	REQ-UPC-008
.moai/specs/SPEC-V3R3-UPDATE-CLEANUP-001/spec.md	REQ-UPC-009
.moai/specs/SPEC-V3R3-UPDATE-CLEANUP-001/spec.md	REQ-UPC-010
.moai/specs/SPEC-V3R3-UPDATE-CLEANUP-001/spec.md	REQ-UPC-011
.moai/specs/SPEC-V3R3-UPDATE-CLEANUP-001/spec.md	REQ-UPC-012
.moai/specs/SPEC-V3R3-UPDATE-CLEANUP-001/spec.md	REQ-UPC-013
.moai/specs/SPEC-V3R3-UPDATE-CLEANUP-001/spec.md	REQ-UPC-014
.moai/specs/SPEC-V3R3-UPDATE-CLEANUP-001/spec.md	REQ-UPC-015
.moai/specs/SPEC-V3R3-UPDATE-CLEANUP-001/spec.md	REQ-UPC-016
.moai/specs/SPEC-V3R3-UPDATE-CLEANUP-001/spec.md	REQ-UPC-017
.moai/specs/SPEC-V3R3-UPDATE-CLEANUP-001/spec.md	REQ-UPC-018
.moai/specs/SPEC-V3R3-UPDATE-CLEANUP-001/spec.md	REQ-UPC-019
.moai/specs/SPEC-V3R3-UPDATE-CLEANUP-001/spec.md	REQ-UPC-020
.moai/specs/SPEC-V3R3-UPDATE-CLEANUP-001/spec.md	REQ-UPC-021
.moai/specs/SPEC-V3R3-UPDATE-CLEANUP-001/spec.md	REQ-UPC-022
.moai/specs/SPEC-V3R3-UPDATE-CLEANUP-001/spec.md	REQ-UPC-023
.moai/specs/SPEC-V3R3-UPDATE-CLEANUP-001/spec.md	REQ-UPC-024
.moai/specs/SPEC-V3R3-UPDATE-CLEANUP-001/spec.md	REQ-UPC-025
.moai/specs/SPEC-V3R3-UPDATE-CLEANUP-001/spec.md	REQ-UPC-026
.moai/specs/SPEC-V3R4-LINT-SKIP-CLEANUP-001/spec.md	REQ-LSKC-001
.moai/specs/SPEC-V3R4-LINT-SKIP-CLEANUP-001/spec.md	REQ-LSKC-002
.moai/specs/SPEC-V3R4-LINT-SKIP-CLEANUP-001/spec.md	REQ-LSKC-003
.moai/specs/SPEC-V3R4-LINT-SKIP-CLEANUP-001/spec.md	REQ-LSKC-004
.moai/specs/SPEC-V3R4-LINT-SKIP-CLEANUP-001/spec.md	REQ-LSKC-005
.moai/specs/SPEC-V3R4-LINT-SKIP-CLEANUP-001/spec.md	REQ-LSKC-006
.moai/specs/SPEC-V3R4-LINT-SKIP-CLEANUP-001/spec.md	REQ-LSKC-007
.moai/specs/SPEC-V3R4-LINT-SKIP-CLEANUP-001/spec.md	REQ-LSKC-008
.moai/specs/SPEC-V3R4-LINT-SKIP-CLEANUP-001/spec.md	REQ-LSKC-009
.moai/specs/SPEC-V3R4-LINT-SKIP-CLEANUP-001/spec.md	REQ-LSKC-010
.moai/specs/SPEC-V3R5-CONSTITUTION-DUAL-001/spec.md	REQ-CDL-001
.moai/specs/SPEC-V3R5-CONSTITUTION-DUAL-001/spec.md	REQ-CDL-002
.moai/specs/SPEC-V3R5-CONSTITUTION-DUAL-001/spec.md	REQ-CDL-003
.moai/specs/SPEC-V3R5-CONSTITUTION-DUAL-001/spec.md	REQ-CDL-004
.moai/specs/SPEC-V3R5-CONSTITUTION-DUAL-001/spec.md	REQ-CDL-005
.moai/specs/SPEC-V3R5-CONSTITUTION-DUAL-001/spec.md	REQ-CDL-006
.moai/specs/SPEC-V3R5-CONSTITUTION-DUAL-001/spec.md	REQ-CDL-007
.moai/specs/SPEC-V3R5-CONSTITUTION-DUAL-001/spec.md	REQ-CDL-008
.moai/specs/SPEC-V3R5-CONSTITUTION-DUAL-001/spec.md	REQ-CDL-009
.moai/specs/SPEC-V3R5-CONSTITUTION-DUAL-001/spec.md	REQ-CDL-010
.moai/specs/SPEC-V3R5-CONSTITUTION-DUAL-001/spec.md	REQ-CDL-011
.moai/specs/SPEC-V3R5-CONSTITUTION-DUAL-001/spec.md	REQ-CDL-012
.moai/specs/SPEC-V3R5-CONSTITUTION-DUAL-001/spec.md	REQ-CDL-013
.moai/specs/SPEC-V3R5-CONSTITUTION-DUAL-001/spec.md	REQ-CDL-014
.moai/specs/SPEC-V3R5-CONSTITUTION-DUAL-001/spec.md	REQ-CDL-015
.moai/specs/SPEC-V3R5-CONSTITUTION-DUAL-001/spec.md	REQ-CDL-016
.moai/specs/SPEC-V3R5-CONSTITUTION-DUAL-001/spec.md	REQ-CDL-017
.moai/specs/SPEC-V3R5-CONSTITUTION-DUAL-001/spec.md	REQ-CDL-018
.moai/specs/SPEC-V3R5-CONSTITUTION-DUAL-001/spec.md	REQ-CDL-019
.moai/specs/SPEC-V3R5-CORE-SLIM-001/spec.md	REQ-CSLM-001
.moai/specs/SPEC-V3R5-CORE-SLIM-001/spec.md	REQ-CSLM-002
.moai/specs/SPEC-V3R5-CORE-SLIM-001/spec.md	REQ-CSLM-003
.moai/specs/SPEC-V3R5-CORE-SLIM-001/spec.md	REQ-CSLM-004
.moai/specs/SPEC-V3R5-CORE-SLIM-001/spec.md	REQ-CSLM-005
.moai/specs/SPEC-V3R5-CORE-SLIM-B-001/spec.md	REQ-CSB-001
.moai/specs/SPEC-V3R5-CORE-SLIM-B-001/spec.md	REQ-CSB-002
.moai/specs/SPEC-V3R5-CORE-SLIM-B-001/spec.md	REQ-CSB-003
.moai/specs/SPEC-V3R5-CORE-SLIM-B-001/spec.md	REQ-CSB-004
.moai/specs/SPEC-V3R5-CORE-SLIM-B-001/spec.md	REQ-CSB-005
.moai/specs/SPEC-V3R5-CORE-SLIM-B-001/spec.md	REQ-CSB-006
.moai/specs/SPEC-V3R5-CORE-SLIM-B-001/spec.md	REQ-CSB-007
.moai/specs/SPEC-V3R5-HARNESS-AUTONOMY-001/spec.md	REQ-HRA-001
.moai/specs/SPEC-V3R5-HARNESS-AUTONOMY-001/spec.md	REQ-HRA-002
.moai/specs/SPEC-V3R5-HARNESS-AUTONOMY-001/spec.md	REQ-HRA-003
.moai/specs/SPEC-V3R5-HARNESS-AUTONOMY-001/spec.md	REQ-HRA-004
.moai/specs/SPEC-V3R5-HARNESS-AUTONOMY-001/spec.md	REQ-HRA-005
.moai/specs/SPEC-V3R5-HARNESS-AUTONOMY-001/spec.md	REQ-HRA-006
.moai/specs/SPEC-V3R5-HARNESS-AUTONOMY-001/spec.md	REQ-HRA-007
.moai/specs/SPEC-V3R5-HARNESS-AUTONOMY-001/spec.md	REQ-HRA-008
.moai/specs/SPEC-V3R5-HARNESS-AUTONOMY-001/spec.md	REQ-HRA-009
.moai/specs/SPEC-V3R5-HARNESS-AUTONOMY-001/spec.md	REQ-HRA-010
.moai/specs/SPEC-V3R5-HARNESS-AUTONOMY-001/spec.md	REQ-HRA-011
.moai/specs/SPEC-V3R5-HARNESS-AUTONOMY-001/spec.md	REQ-HRA-012
.moai/specs/SPEC-V3R5-HARNESS-AUTONOMY-001/spec.md	REQ-HRA-013
.moai/specs/SPEC-V3R5-HARNESS-AUTONOMY-001/spec.md	REQ-HRA-014
.moai/specs/SPEC-V3R5-HARNESS-AUTONOMY-001/spec.md	REQ-HRA-015
.moai/specs/SPEC-V3R5-HARNESS-AUTONOMY-001/spec.md	REQ-HRA-016
.moai/specs/SPEC-V3R5-HARNESS-AUTONOMY-001/spec.md	REQ-HRA-017
.moai/specs/SPEC-V3R5-HARNESS-AUTONOMY-001/spec.md	REQ-HRA-018
.moai/specs/SPEC-V3R5-HARNESS-AUTONOMY-001/spec.md	REQ-HRA-019
.moai/specs/SPEC-V3R5-HARNESS-AUTONOMY-001/spec.md	REQ-HRA-020
.moai/specs/SPEC-V3R5-HARNESS-AUTONOMY-001/spec.md	REQ-HRA-021
.moai/specs/SPEC-V3R5-HARNESS-AUTONOMY-001/spec.md	REQ-HRA-022
.moai/specs/SPEC-V3R5-HARNESS-AUTONOMY-001/spec.md	REQ-HRA-023
.moai/specs/SPEC-V3R5-HARNESS-AUTONOMY-001/spec.md	REQ-HRA-024
.moai/specs/SPEC-V3R5-HARNESS-AUTONOMY-001/spec.md	REQ-HRA-025
.moai/specs/SPEC-V3R5-HARNESS-AUTONOMY-001/spec.md	REQ-HRA-026
.moai/specs/SPEC-V3R5-HARNESS-AUTONOMY-001/spec.md	REQ-HRA-027
.moai/specs/SPEC-V3R5-HARNESS-AUTONOMY-001/spec.md	REQ-HRA-028
.moai/specs/SPEC-V3R5-HARNESS-AUTONOMY-001/spec.md	REQ-HRA-029
.moai/specs/SPEC-V3R5-HARNESS-AUTONOMY-001/spec.md	REQ-HRA-030
.moai/specs/SPEC-V3R5-HARNESS-AUTONOMY-001/spec.md	REQ-HRA-031
.moai/specs/SPEC-V3R5-HARNESS-AUTONOMY-001/spec.md	REQ-HRA-032
.moai/specs/SPEC-V3R5-HARNESS-AUTONOMY-001/spec.md	REQ-HRA-033
.moai/specs/SPEC-V3R5-HARNESS-AUTONOMY-001/spec.md	REQ-HRA-034
.moai/specs/SPEC-V3R5-HARNESS-AUTONOMY-001/spec.md	REQ-HRA-035
.moai/specs/SPEC-V3R5-HARNESS-AUTONOMY-001/spec.md	REQ-HRA-036
.moai/specs/SPEC-V3R5-HARNESS-AUTONOMY-001/spec.md	REQ-HRA-037
.moai/specs/SPEC-V3R5-HARNESS-AUTONOMY-001/spec.md	REQ-HRA-038
.moai/specs/SPEC-V3R5-LINT-CLEAN-001/spec.md	REQ-LCLN-001
.moai/specs/SPEC-V3R5-LINT-CLEAN-001/spec.md	REQ-LCLN-002
.moai/specs/SPEC-V3R5-LINT-CLEAN-001/spec.md	REQ-LCLN-003
.moai/specs/SPEC-V3R5-LINT-CLEAN-001/spec.md	REQ-LCLN-004
.moai/specs/SPEC-V3R5-LINT-CLEAN-001/spec.md	REQ-LCLN-005
.moai/specs/SPEC-V3R5-LINT-CLEAN-001/spec.md	REQ-LCLN-006
.moai/specs/SPEC-V3R5-LINT-CLEAN-001/spec.md	REQ-LCLN-007
.moai/specs/SPEC-V3R5-LINT-CLEAN-001/spec.md	REQ-LCLN-008
.moai/specs/SPEC-V3R5-LINT-CLEAN-001/spec.md	REQ-LCLN-009
.moai/specs/SPEC-V3R5-LINT-CLEAN-001/spec.md	REQ-LCLN-010
.moai/specs/SPEC-V3R5-LINT-CLEAN-001/spec.md	REQ-LCLN-011
.moai/specs/SPEC-V3R5-LINT-CLEAN-001/spec.md	REQ-LCLN-012
.moai/specs/SPEC-V3R5-LINT-CLEAN-001/spec.md	REQ-LCLN-013
.moai/specs/SPEC-V3R5-WORKFLOW-LEAN-001/spec.md	REQ-WL-001
.moai/specs/SPEC-V3R5-WORKFLOW-LEAN-001/spec.md	REQ-WL-002
.moai/specs/SPEC-V3R5-WORKFLOW-LEAN-001/spec.md	REQ-WL-003
.moai/specs/SPEC-V3R5-WORKFLOW-LEAN-001/spec.md	REQ-WL-004
.moai/specs/SPEC-V3R5-WORKFLOW-LEAN-001/spec.md	REQ-WL-005
.moai/specs/SPEC-V3R5-WORKFLOW-LEAN-001/spec.md	REQ-WL-006
.moai/specs/SPEC-V3R5-WORKFLOW-LEAN-001/spec.md	REQ-WL-007
.moai/specs/SPEC-V3R5-WORKFLOW-LEAN-001/spec.md	REQ-WL-008
.moai/specs/SPEC-V3R5-WORKFLOW-LEAN-001/spec.md	REQ-WL-009
.moai/specs/SPEC-V3R5-WORKFLOW-LEAN-001/spec.md	REQ-WL-010
.moai/specs/SPEC-V3R5-WORKFLOW-LEAN-001/spec.md	REQ-WL-011
.moai/specs/SPEC-V3R5-WORKFLOW-LEAN-001/spec.md	REQ-WL-012
.moai/specs/SPEC-V3R5-WORKFLOW-LEAN-001/spec.md	REQ-WL-013
.moai/specs/SPEC-V3R5-WORKFLOW-LEAN-001/spec.md	REQ-WL-014
.moai/specs/SPEC-V3R5-WORKFLOW-OPT-001/spec.md	REQ-WO-030
.moai/specs/SPEC-V3R6-ABSORB-CLEANUP-001/spec.md	REQ-ACL-001
.moai/specs/SPEC-V3R6-ABSORB-CLEANUP-001/spec.md	REQ-ACL-002
.moai/specs/SPEC-V3R6-ABSORB-CLEANUP-001/spec.md	REQ-ACL-003
.moai/specs/SPEC-V3R6-ABSORB-CLEANUP-001/spec.md	REQ-ACL-004
.moai/specs/SPEC-V3R6-ABSORB-CLEANUP-001/spec.md	REQ-ACL-005
.moai/specs/SPEC-V3R6-ABSORB-CLEANUP-001/spec.md	REQ-ACL-006
.moai/specs/SPEC-V3R6-ABSORB-CLEANUP-001/spec.md	REQ-ACL-007
.moai/specs/SPEC-V3R6-AGENTIC-LOOP-CONFIG-001/spec.md	REQ-MAL-023
.moai/specs/SPEC-V3R6-ANTHROPIC-AUDIT-TIER3-001/spec.md	REQ-AAT-002
.moai/specs/SPEC-V3R6-ANTHROPIC-AUDIT-TIER3-001/spec.md	REQ-AAT-006
.moai/specs/SPEC-V3R6-ANTHROPIC-AUDIT-TIER3-001/spec.md	REQ-AAT-012
.moai/specs/SPEC-V3R6-AUDIT-MODEL-PIN-001/spec.md	REQ-AMP-001
.moai/specs/SPEC-V3R6-AUDIT-MODEL-PIN-001/spec.md	REQ-AMP-002
.moai/specs/SPEC-V3R6-AUDIT-MODEL-PIN-001/spec.md	REQ-AMP-003
.moai/specs/SPEC-V3R6-AUDIT-MODEL-PIN-001/spec.md	REQ-AMP-004
.moai/specs/SPEC-V3R6-AUDIT-MODEL-PIN-001/spec.md	REQ-AMP-005
.moai/specs/SPEC-V3R6-AUDIT-MODEL-PIN-001/spec.md	REQ-AMP-006
.moai/specs/SPEC-V3R6-AUDIT-MODEL-PIN-001/spec.md	REQ-AMP-007
.moai/specs/SPEC-V3R6-AUDIT-MODEL-PIN-001/spec.md	REQ-AMP-008
.moai/specs/SPEC-V3R6-AUDIT-MODEL-PIN-001/spec.md	REQ-AMP-009
.moai/specs/SPEC-V3R6-CATALOG-SSOT-001/spec.md	REQ-CSS-001
.moai/specs/SPEC-V3R6-CATALOG-SSOT-001/spec.md	REQ-CSS-002
.moai/specs/SPEC-V3R6-CATALOG-SSOT-001/spec.md	REQ-CSS-003
.moai/specs/SPEC-V3R6-CATALOG-SSOT-001/spec.md	REQ-CSS-004
.moai/specs/SPEC-V3R6-CATALOG-SSOT-001/spec.md	REQ-CSS-005
.moai/specs/SPEC-V3R6-CATALOG-SSOT-001/spec.md	REQ-CSS-006
.moai/specs/SPEC-V3R6-DOCS-I18N-COMPLETION-001/spec.md	REQ-DIC-001
.moai/specs/SPEC-V3R6-DOCS-I18N-COMPLETION-001/spec.md	REQ-DIC-002
.moai/specs/SPEC-V3R6-DOCS-I18N-COMPLETION-001/spec.md	REQ-DIC-003
.moai/specs/SPEC-V3R6-DOCS-I18N-COMPLETION-001/spec.md	REQ-DIC-004
.moai/specs/SPEC-V3R6-DOCS-I18N-COMPLETION-001/spec.md	REQ-DIC-005
.moai/specs/SPEC-V3R6-DOCS-POSTREBUILD-CLEANUP-001/spec.md	REQ-DPC-001
.moai/specs/SPEC-V3R6-DOCS-POSTREBUILD-CLEANUP-001/spec.md	REQ-DPC-002
.moai/specs/SPEC-V3R6-DOCS-POSTREBUILD-CLEANUP-001/spec.md	REQ-DPC-003
.moai/specs/SPEC-V3R6-DOCS-POSTREBUILD-CLEANUP-001/spec.md	REQ-DPC-004
.moai/specs/SPEC-V3R6-DOCS-POSTREBUILD-CLEANUP-001/spec.md	REQ-DPC-005
.moai/specs/SPEC-V3R6-DOCS-POSTREBUILD-CLEANUP-001/spec.md	REQ-DPC-006
.moai/specs/SPEC-V3R6-DOCS-V3-REBUILD-001/spec.md	REQ-DVR-001
.moai/specs/SPEC-V3R6-DOCS-V3-REBUILD-001/spec.md	REQ-DVR-002
.moai/specs/SPEC-V3R6-DOCS-V3-REBUILD-001/spec.md	REQ-DVR-003
.moai/specs/SPEC-V3R6-DOCS-V3-REBUILD-001/spec.md	REQ-DVR-004
.moai/specs/SPEC-V3R6-DOCS-V3-REBUILD-001/spec.md	REQ-DVR-005
.moai/specs/SPEC-V3R6-DOCS-V3-REBUILD-001/spec.md	REQ-DVR-006
.moai/specs/SPEC-V3R6-DOCS-V3-REBUILD-001/spec.md	REQ-DVR-007
.moai/specs/SPEC-V3R6-DOCS-V3-REBUILD-001/spec.md	REQ-DVR-008
.moai/specs/SPEC-V3R6-DOCS-V3-REBUILD-001/spec.md	REQ-DVR-009
.moai/specs/SPEC-V3R6-DOCS-V3-REBUILD-001/spec.md	REQ-DVR-010
.moai/specs/SPEC-V3R6-DOCS-V3-REBUILD-001/spec.md	REQ-DVR-011
.moai/specs/SPEC-V3R6-DOCS-V3-REBUILD-001/spec.md	REQ-DVR-012
.moai/specs/SPEC-V3R6-DOCS-V3-REBUILD-001/spec.md	REQ-DVR-013
.moai/specs/SPEC-V3R6-DOCS-V3-REBUILD-001/spec.md	REQ-DVR-014
.moai/specs/SPEC-V3R6-DOCS-V3-REBUILD-001/spec.md	REQ-DVR-015
.moai/specs/SPEC-V3R6-DOCS-V3-REBUILD-001/spec.md	REQ-DVR-016
.moai/specs/SPEC-V3R6-DOCS-V3-REBUILD-001/spec.md	REQ-DVR-017
.moai/specs/SPEC-V3R6-DOCS-V3-REBUILD-001/spec.md	REQ-DVR-018
.moai/specs/SPEC-V3R6-DOCS-V3-REBUILD-001/spec.md	REQ-DVR-019
.moai/specs/SPEC-V3R6-DOCS-V3-REBUILD-001/spec.md	REQ-DVR-020
.moai/specs/SPEC-V3R6-DRIFT-CONVENTION-ALIGN-001/spec.md	REQ-DCA-001
.moai/specs/SPEC-V3R6-DRIFT-CONVENTION-ALIGN-001/spec.md	REQ-DCA-002
.moai/specs/SPEC-V3R6-DRIFT-CONVENTION-ALIGN-001/spec.md	REQ-DCA-003
.moai/specs/SPEC-V3R6-DRIFT-CONVENTION-ALIGN-001/spec.md	REQ-DCA-004
.moai/specs/SPEC-V3R6-DRIFT-CONVENTION-ALIGN-001/spec.md	REQ-DCA-005
.moai/specs/SPEC-V3R6-DRIFT-CONVENTION-ALIGN-001/spec.md	REQ-DCA-006
.moai/specs/SPEC-V3R6-DRIFT-CONVENTION-ALIGN-001/spec.md	REQ-DCA-007
.moai/specs/SPEC-V3R6-DRIFT-CONVENTION-ALIGN-001/spec.md	REQ-DCA-008
.moai/specs/SPEC-V3R6-DRIFT-CONVENTION-ALIGN-001/spec.md	REQ-DCA-009
.moai/specs/SPEC-V3R6-DRIFT-CONVENTION-ALIGN-001/spec.md	REQ-DCA-010
.moai/specs/SPEC-V3R6-HARNESS-LEARNER-FIX-001/spec.md	REQ-HLF-001
.moai/specs/SPEC-V3R6-HARNESS-LEARNER-FIX-001/spec.md	REQ-HLF-002
.moai/specs/SPEC-V3R6-HARNESS-LEARNER-FIX-001/spec.md	REQ-HLF-003
.moai/specs/SPEC-V3R6-HARNESS-LEARNER-FIX-001/spec.md	REQ-HLF-004
.moai/specs/SPEC-V3R6-HARNESS-LEARNER-FIX-001/spec.md	REQ-HLF-005
.moai/specs/SPEC-V3R6-HARNESS-PROPOSAL-GEN-001/spec.md	REQ-PGN-001
.moai/specs/SPEC-V3R6-HARNESS-PROPOSAL-GEN-001/spec.md	REQ-PGN-002
.moai/specs/SPEC-V3R6-HARNESS-PROPOSAL-GEN-001/spec.md	REQ-PGN-003
.moai/specs/SPEC-V3R6-HARNESS-PROPOSAL-GEN-001/spec.md	REQ-PGN-004
.moai/specs/SPEC-V3R6-HARNESS-PROPOSAL-GEN-001/spec.md	REQ-PGN-005
.moai/specs/SPEC-V3R6-HARNESS-PROPOSAL-GEN-001/spec.md	REQ-PGN-006
.moai/specs/SPEC-V3R6-HARNESS-PROPOSAL-GEN-001/spec.md	REQ-PGN-007
.moai/specs/SPEC-V3R6-HARNESS-PROPOSAL-GEN-001/spec.md	REQ-PGN-008
.moai/specs/SPEC-V3R6-HARNESS-PROPOSAL-GEN-001/spec.md	REQ-PGN-009
.moai/specs/SPEC-V3R6-HARNESS-PROPOSAL-GEN-001/spec.md	REQ-PGN-010
.moai/specs/SPEC-V3R6-HARNESS-PROPOSAL-GEN-001/spec.md	REQ-PGN-011
.moai/specs/SPEC-V3R6-HARNESS-PROPOSAL-GEN-001/spec.md	REQ-PGN-012
.moai/specs/SPEC-V3R6-HARNESS-PROPOSAL-GEN-001/spec.md	REQ-PGN-013
.moai/specs/SPEC-V3R6-HARNESS-PROPOSAL-GEN-001/spec.md	REQ-PGN-014
.moai/specs/SPEC-V3R6-HARNESS-RENAME-001/spec.md	REQ-HRN-001
.moai/specs/SPEC-V3R6-HARNESS-RENAME-001/spec.md	REQ-HRN-002
.moai/specs/SPEC-V3R6-HARNESS-RENAME-001/spec.md	REQ-HRN-003
.moai/specs/SPEC-V3R6-HARNESS-RENAME-001/spec.md	REQ-HRN-004
.moai/specs/SPEC-V3R6-HARNESS-RENAME-001/spec.md	REQ-HRN-005
.moai/specs/SPEC-V3R6-HARNESS-RENAME-001/spec.md	REQ-HRN-006
.moai/specs/SPEC-V3R6-HARNESS-RENAME-001/spec.md	REQ-HRN-007
.moai/specs/SPEC-V3R6-HARNESS-RENAME-001/spec.md	REQ-HRN-008
.moai/specs/SPEC-V3R6-HARNESS-RENAME-001/spec.md	REQ-HRN-009
.moai/specs/SPEC-V3R6-HOOK-INPUT-SCHEMA-001/spec.md	REQ-HIS-001
.moai/specs/SPEC-V3R6-HOOK-INPUT-SCHEMA-001/spec.md	REQ-HIS-002
.moai/specs/SPEC-V3R6-HOOK-INPUT-SCHEMA-001/spec.md	REQ-HIS-003
.moai/specs/SPEC-V3R6-MAIN-RED-REMEDIATION-001/spec.md	REQ-MRR-001
.moai/specs/SPEC-V3R6-MAIN-RED-REMEDIATION-001/spec.md	REQ-MRR-002
.moai/specs/SPEC-V3R6-MAIN-RED-REMEDIATION-001/spec.md	REQ-MRR-003
.moai/specs/SPEC-V3R6-MAIN-RED-REMEDIATION-001/spec.md	REQ-MRR-004
.moai/specs/SPEC-V3R6-MAIN-RED-REMEDIATION-001/spec.md	REQ-MRR-005
.moai/specs/SPEC-V3R6-MAIN-RED-REMEDIATION-001/spec.md	REQ-MRR-006
.moai/specs/SPEC-V3R6-MAIN-RED-REMEDIATION-001/spec.md	REQ-MRR-007
.moai/specs/SPEC-V3R6-MAIN-RED-REMEDIATION-001/spec.md	REQ-MRR-008
.moai/specs/SPEC-V3R6-MAIN-RED-REMEDIATION-001/spec.md	REQ-MRR-009
.moai/specs/SPEC-V3R6-MAIN-RED-REMEDIATION-001/spec.md	REQ-MRR-010
.moai/specs/SPEC-V3R6-MAIN-RED-REMEDIATION-001/spec.md	REQ-MRR-011
.moai/specs/SPEC-V3R6-MOAI-CLEAN-HOME-001/spec.md	REQ-MCH-001
.moai/specs/SPEC-V3R6-MOAI-CLEAN-HOME-001/spec.md	REQ-MCH-002
.moai/specs/SPEC-V3R6-MOAI-CLEAN-HOME-001/spec.md	REQ-MCH-003
.moai/specs/SPEC-V3R6-MOAI-CLEAN-HOME-001/spec.md	REQ-MCH-004
.moai/specs/SPEC-V3R6-MOAI-CLEAN-HOME-001/spec.md	REQ-MCH-005
.moai/specs/SPEC-V3R6-MOAI-CLEAN-HOME-001/spec.md	REQ-MCH-006
.moai/specs/SPEC-V3R6-MOAI-CLEAN-HOME-001/spec.md	REQ-MCH-007
.moai/specs/SPEC-V3R6-MOAI-CLEAN-HOME-001/spec.md	REQ-MCH-008
.moai/specs/SPEC-V3R6-MOAI-HOME-PATHS-001/spec.md	REQ-MHP-001
.moai/specs/SPEC-V3R6-MOAI-HOME-PATHS-001/spec.md	REQ-MHP-002
.moai/specs/SPEC-V3R6-MOAI-HOME-PATHS-001/spec.md	REQ-MHP-003
.moai/specs/SPEC-V3R6-MOAI-HOME-PATHS-001/spec.md	REQ-MHP-004
.moai/specs/SPEC-V3R6-MOAI-HOME-PATHS-001/spec.md	REQ-MHP-005
.moai/specs/SPEC-V3R6-MOAI-HOME-PATHS-001/spec.md	REQ-MHP-006
.moai/specs/SPEC-V3R6-MOAI-HOME-PATHS-001/spec.md	REQ-MHP-007
.moai/specs/SPEC-V3R6-MOAI-HOME-PATHS-001/spec.md	REQ-MHP-008
.moai/specs/SPEC-V3R6-MOAI-HOME-PATHS-001/spec.md	REQ-MHP-009
.moai/specs/SPEC-V3R6-MOAI-HOME-PATHS-001/spec.md	REQ-MHP-010
.moai/specs/SPEC-V3R6-MOAI-HOME-PATHS-001/spec.md	REQ-MHP-011
.moai/specs/SPEC-V3R6-MOAI-HOME-PATHS-001/spec.md	REQ-MHP-012
.moai/specs/SPEC-V3R6-ORCH-IGGDA-001/spec.md	REQ-IGGDA-001
.moai/specs/SPEC-V3R6-ORCH-IGGDA-001/spec.md	REQ-IGGDA-002
.moai/specs/SPEC-V3R6-ORCH-IGGDA-001/spec.md	REQ-IGGDA-003
.moai/specs/SPEC-V3R6-ORCH-IGGDA-001/spec.md	REQ-IGGDA-004
.moai/specs/SPEC-V3R6-ORCH-IGGDA-001/spec.md	REQ-IGGDA-005
.moai/specs/SPEC-V3R6-ORCH-IGGDA-001/spec.md	REQ-IGGDA-006
.moai/specs/SPEC-V3R6-ORCH-IGGDA-001/spec.md	REQ-IGGDA-007
.moai/specs/SPEC-V3R6-ORCH-IGGDA-001/spec.md	REQ-IGGDA-008
.moai/specs/SPEC-V3R6-ORCH-IGGDA-001/spec.md	REQ-IGGDA-009
.moai/specs/SPEC-V3R6-ORCH-IGGDA-001/spec.md	REQ-IGGDA-010
.moai/specs/SPEC-V3R6-ORCH-IGGDA-001/spec.md	REQ-IGGDA-011
.moai/specs/SPEC-V3R6-ORCH-IGGDA-001/spec.md	REQ-IGGDA-012
.moai/specs/SPEC-V3R6-ORCH-IGGDA-001/spec.md	REQ-IGGDA-013
.moai/specs/SPEC-V3R6-ORCH-IGGDA-001/spec.md	REQ-IGGDA-014
.moai/specs/SPEC-V3R6-ORCH-IGGDA-001/spec.md	REQ-IGGDA-015
.moai/specs/SPEC-V3R6-ORCH-IGGDA-001/spec.md	REQ-IGGDA-016
.moai/specs/SPEC-V3R6-ORCH-IGGDA-001/spec.md	REQ-IGGDA-017
.moai/specs/SPEC-V3R6-ORCH-IGGDA-001/spec.md	REQ-IGGDA-018
.moai/specs/SPEC-V3R6-ORCH-IGGDA-001/spec.md	REQ-IGGDA-019
.moai/specs/SPEC-V3R6-ORCH-IGGDA-001/spec.md	REQ-IGGDA-020
.moai/specs/SPEC-V3R6-ORCH-IGGDA-001/spec.md	REQ-IGGDA-021
.moai/specs/SPEC-V3R6-ORCH-IGGDA-001/spec.md	REQ-IGGDA-022
.moai/specs/SPEC-V3R6-ORCH-IGGDA-001/spec.md	REQ-IGGDA-023
.moai/specs/SPEC-V3R6-ORCH-IGGDA-001/spec.md	REQ-IGGDA-024
.moai/specs/SPEC-V3R6-ORCH-IGGDA-001/spec.md	REQ-IGGDA-025
.moai/specs/SPEC-V3R6-ORCH-IGGDA-001/spec.md	REQ-IGGDA-026
.moai/specs/SPEC-V3R6-ORCH-IGGDA-001/spec.md	REQ-IGGDA-027
.moai/specs/SPEC-V3R6-ORCH-IGGDA-001/spec.md	REQ-IGGDA-028
.moai/specs/SPEC-V3R6-RULES-CATALOG-SCRUB-001/spec.md	REQ-RCS-001
.moai/specs/SPEC-V3R6-RULES-CATALOG-SCRUB-001/spec.md	REQ-RCS-002
.moai/specs/SPEC-V3R6-RULES-CATALOG-SCRUB-001/spec.md	REQ-RCS-003
.moai/specs/SPEC-V3R6-RULES-CATALOG-SCRUB-001/spec.md	REQ-RCS-004
.moai/specs/SPEC-V3R6-RULES-CATALOG-SCRUB-001/spec.md	REQ-RCS-005
.moai/specs/SPEC-V3R6-RULES-CATALOG-SCRUB-001/spec.md	REQ-RCS-006
.moai/specs/SPEC-V3R6-RULES-CATALOG-SCRUB-001/spec.md	REQ-RCS-007
.moai/specs/SPEC-V3R6-RULES-CATALOG-SCRUB-001/spec.md	REQ-RCS-008
.moai/specs/SPEC-V3R6-RULES-CATALOG-SCRUB-001/spec.md	REQ-RCS-009
.moai/specs/SPEC-V3R6-RULES-CATALOG-SCRUB-001/spec.md	REQ-RCS-010
.moai/specs/SPEC-V3R6-RULES-HOTFIX-001/spec.md	REQ-RHF-001
.moai/specs/SPEC-V3R6-RULES-HOTFIX-001/spec.md	REQ-RHF-002
.moai/specs/SPEC-V3R6-RULES-HOTFIX-001/spec.md	REQ-RHF-003
.moai/specs/SPEC-V3R6-RULES-HOTFIX-001/spec.md	REQ-RHF-004
.moai/specs/SPEC-V3R6-RULES-HOTFIX-001/spec.md	REQ-RHF-005
.moai/specs/SPEC-V3R6-RULES-HOTFIX-001/spec.md	REQ-RHF-006
.moai/specs/SPEC-V3R6-RULES-HOTFIX-001/spec.md	REQ-RHF-007
.moai/specs/SPEC-V3R6-RULES-HOTFIX-001/spec.md	REQ-RHF-008
.moai/specs/SPEC-V3R6-RULES-HOTFIX-001/spec.md	REQ-RHF-009
.moai/specs/SPEC-V3R6-UPDATE-NOISE-001/spec.md	REQ-DFF-004
.moai/specs/SPEC-V3R6-UPDATE-NOISE-001/spec.md	REQ-UN-003
.moai/specs/SPEC-V3R6-WORKFLOW-AGENT-DOC-ALIGN-001/spec.md	REQ-WADA-002
.moai/specs/SPEC-V3R6-WORKFLOW-AGENT-DOC-ALIGN-001/spec.md	REQ-WADA-003
.moai/specs/SPEC-V3R6-WORKFLOW-AGENT-DOC-ALIGN-001/spec.md	REQ-WADA-004
.moai/specs/SPEC-V3R6-WORKFLOW-AGENT-DOC-ALIGN-001/spec.md	REQ-WADA-005
.moai/specs/SPEC-V3R6-WORKFLOW-AGENT-DOC-ALIGN-001/spec.md	REQ-WADA-006
.moai/specs/SPEC-V3R6-WORKFLOW-AGENT-DOC-ALIGN-001/spec.md	REQ-WADA-007
.moai/specs/SPEC-V3R6-WORKFLOW-AGENT-DOC-ALIGN-001/spec.md	REQ-WADA-010
.moai/specs/SPEC-V3R6-WORKFLOW-AGENT-DOC-ALIGN-001/spec.md	REQ-WADA-012
.moai/specs/SPEC-V3R6-WORKFLOW-AGENT-DOC-ALIGN-001/spec.md	REQ-WADA-013
.moai/specs/SPEC-V3R6-WORKFLOW-AGENT-DOC-ALIGN-001/spec.md	REQ-WADA-015
.moai/specs/SPEC-V3R6-WORKFLOW-AGENT-DOC-ALIGN-001/spec.md	REQ-WADA-017
.moai/specs/SPEC-V3R6-WORKFLOW-DOCS-001/spec.md	REQ-WFD-008
.moai/specs/SPEC-V3R6-WORKFLOW-DOCS-001/spec.md	REQ-WFD-009
.moai/specs/SPEC-V3R6-WORKFLOW-DOCS-001/spec.md	REQ-WFD-012
.moai/specs/SPEC-VERIFICATION-COMPLETENESS-001/spec.md	REQ-VC-001
.moai/specs/SPEC-VERIFICATION-COMPLETENESS-001/spec.md	REQ-VC-002
.moai/specs/SPEC-VERIFICATION-COMPLETENESS-001/spec.md	REQ-VC-003
.moai/specs/SPEC-VERIFICATION-COMPLETENESS-001/spec.md	REQ-VC-004
.moai/specs/SPEC-VERIFICATION-COMPLETENESS-001/spec.md	REQ-VC-005
.moai/specs/SPEC-VERIFICATION-COMPLETENESS-001/spec.md	REQ-VC-006
.moai/specs/SPEC-VERIFICATION-COMPLETENESS-001/spec.md	REQ-VC-007
.moai/specs/SPEC-VERIFICATION-COMPLETENESS-001/spec.md	REQ-VC-008
.moai/specs/SPEC-WEB-CONSOLE-007/spec.md	REQ-WC7-001
.moai/specs/SPEC-WEB-CONSOLE-007/spec.md	REQ-WC7-002
.moai/specs/SPEC-WEB-CONSOLE-007/spec.md	REQ-WC7-003
.moai/specs/SPEC-WEB-CONSOLE-007/spec.md	REQ-WC7-004
.moai/specs/SPEC-WEB-CONSOLE-007/spec.md	REQ-WC7-005
.moai/specs/SPEC-WEB-CONSOLE-007/spec.md	REQ-WC7-006
.moai/specs/SPEC-WEB-CONSOLE-007/spec.md	REQ-WC7-007
.moai/specs/SPEC-WEB-CONSOLE-007/spec.md	REQ-WC7-008
.moai/specs/SPEC-WEB-CONSOLE-007/spec.md	REQ-WC7-009
.moai/specs/SPEC-WEB-CONSOLE-007/spec.md	REQ-WC7-010
.moai/specs/SPEC-WEB-CONSOLE-007/spec.md	REQ-WC7-011
.moai/specs/SPEC-WEB-CONSOLE-007/spec.md	REQ-WC7-012
.moai/specs/SPEC-WEB-CONSOLE-007/spec.md	REQ-WC7-013
.moai/specs/SPEC-WEB-CONSOLE-007/spec.md	REQ-WC7-014
.moai/specs/SPEC-WEB-CONSOLE-008/spec.md	REQ-WC8-001
.moai/specs/SPEC-WEB-CONSOLE-008/spec.md	REQ-WC8-002
.moai/specs/SPEC-WEB-CONSOLE-008/spec.md	REQ-WC8-003
.moai/specs/SPEC-WEB-CONSOLE-008/spec.md	REQ-WC8-004
.moai/specs/SPEC-WEB-CONSOLE-008/spec.md	REQ-WC8-005
.moai/specs/SPEC-WEB-CONSOLE-008/spec.md	REQ-WC8-006
.moai/specs/SPEC-WEB-CONSOLE-008/spec.md	REQ-WC8-007
.moai/specs/SPEC-WEB-CONSOLE-008/spec.md	REQ-WC8-008
.moai/specs/SPEC-WEB-CONSOLE-008/spec.md	REQ-WC8-009
.moai/specs/SPEC-WEB-CONSOLE-008/spec.md	REQ-WC8-010
.moai/specs/SPEC-WEB-CONSOLE-008/spec.md	REQ-WC8-011
.moai/specs/SPEC-WEB-CONSOLE-008/spec.md	REQ-WC8-012
.moai/specs/SPEC-WEB-CONSOLE-008/spec.md	REQ-WC8-013
.moai/specs/SPEC-WEB-CONSOLE-008/spec.md	REQ-WC8-014
.moai/specs/SPEC-WEB-CONSOLE-008/spec.md	REQ-WC8-015
.moai/specs/SPEC-WEB-CONSOLE-008/spec.md	REQ-WC8-016
.moai/specs/SPEC-WEB-CONSOLE-008/spec.md	REQ-WC8-017
.moai/specs/SPEC-WEB-CONSOLE-009/spec.md	REQ-WC9-001
.moai/specs/SPEC-WEB-CONSOLE-009/spec.md	REQ-WC9-002
.moai/specs/SPEC-WEB-CONSOLE-009/spec.md	REQ-WC9-003
.moai/specs/SPEC-WEB-CONSOLE-009/spec.md	REQ-WC9-004
.moai/specs/SPEC-WEB-CONSOLE-009/spec.md	REQ-WC9-005
.moai/specs/SPEC-WEB-CONSOLE-009/spec.md	REQ-WC9-006
.moai/specs/SPEC-WEB-CONSOLE-009/spec.md	REQ-WC9-007
.moai/specs/SPEC-WEB-CONSOLE-009/spec.md	REQ-WC9-008
.moai/specs/SPEC-WEB-CONSOLE-009/spec.md	REQ-WC9-009
.moai/specs/SPEC-WEB-CONSOLE-009/spec.md	REQ-WC9-010
.moai/specs/SPEC-WEB-CONSOLE-009/spec.md	REQ-WC9-011
.moai/specs/SPEC-WEB-CONSOLE-009/spec.md	REQ-WC9-012
.moai/specs/SPEC-WEB-CONSOLE-009/spec.md	REQ-WC9-013
.moai/specs/SPEC-WEB-CONSOLE-009/spec.md	REQ-WC9-014
.moai/specs/SPEC-WEB-CONSOLE-009/spec.md	REQ-WC9-015
.moai/specs/SPEC-WEB-CONSOLE-009/spec.md	REQ-WC9-016
.moai/specs/SPEC-WEB-CONSOLE-009/spec.md	REQ-WC9-017
.moai/specs/SPEC-WEB-CONSOLE-009/spec.md	REQ-WC9-018
.moai/specs/SPEC-WEB-CONSOLE-014/spec.md	REQ-WC14-001
.moai/specs/SPEC-WEB-CONSOLE-014/spec.md	REQ-WC14-002
.moai/specs/SPEC-WEB-CONSOLE-014/spec.md	REQ-WC14-003
.moai/specs/SPEC-WEB-CONSOLE-014/spec.md	REQ-WC14-010
.moai/specs/SPEC-WEB-CONSOLE-014/spec.md	REQ-WC14-011
.moai/specs/SPEC-WEB-CONSOLE-014/spec.md	REQ-WC14-012
.moai/specs/SPEC-WEB-CONSOLE-014/spec.md	REQ-WC14-020
.moai/specs/SPEC-WEB-CONSOLE-014/spec.md	REQ-WC14-021
.moai/specs/SPEC-WEB-CONSOLE-014/spec.md	REQ-WC14-030
.moai/specs/SPEC-WEB-CONSOLE-014/spec.md	REQ-WC14-031
.moai/specs/SPEC-WEB-CONSOLE-014/spec.md	REQ-WC14-040
.moai/specs/SPEC-WEB-CONSOLE-014/spec.md	REQ-WC14-050
.moai/specs/SPEC-WEB-CONSOLE-014/spec.md	REQ-WC14-051
.moai/specs/SPEC-WEB-CONSOLE-014/spec.md	REQ-WC14-060
.moai/specs/SPEC-WEB-CONSOLE-014/spec.md	REQ-WC14-061
.moai/specs/SPEC-WEB-CONSOLE-014/spec.md	REQ-WC14-062
.moai/specs/SPEC-WEB-CONSOLE-015/spec.md	REQ-WC15-001
.moai/specs/SPEC-WEB-CONSOLE-015/spec.md	REQ-WC15-002
.moai/specs/SPEC-WEB-CONSOLE-015/spec.md	REQ-WC15-021
.moai/specs/SPEC-WEB-CONSOLE-015/spec.md	REQ-WC15-023
.moai/specs/SPEC-WEB-CONSOLE-015/spec.md	REQ-WC15-043
.moai/specs/SPEC-WEB-CONSOLE-015/spec.md	REQ-WC15-044
.moai/specs/SPEC-WEB-CONSOLE-015/spec.md	REQ-WC15-045
.moai/specs/SPEC-WEB-CONSOLE-015/spec.md	REQ-WC15-046
.moai/specs/SPEC-WEB-CONSOLE-015/spec.md	REQ-WC15-047
.moai/specs/SPEC-WEB-CONSOLE-015/spec.md	REQ-WC15-050
.moai/specs/SPEC-WEB-CONSOLE-015/spec.md	REQ-WC15-051
.moai/specs/SPEC-WEB-CONSOLE-015/spec.md	REQ-WC15-052
.moai/specs/SPEC-WEB-CONSOLE-CONFIG-DIET-001/spec.md	REQ-CD-001
.moai/specs/SPEC-WEB-CONSOLE-CONFIG-DIET-001/spec.md	REQ-CD-002
.moai/specs/SPEC-WEB-CONSOLE-CONFIG-DIET-001/spec.md	REQ-CD-003
.moai/specs/SPEC-WEB-CONSOLE-CONFIG-DIET-001/spec.md	REQ-CD-010
.moai/specs/SPEC-WEB-CONSOLE-CONFIG-DIET-001/spec.md	REQ-CD-011
.moai/specs/SPEC-WEB-CONSOLE-CONFIG-DIET-001/spec.md	REQ-CD-012
.moai/specs/SPEC-WEB-CONSOLE-CONFIG-DIET-001/spec.md	REQ-CD-020
.moai/specs/SPEC-WEB-CONSOLE-CONFIG-DIET-001/spec.md	REQ-CD-021
.moai/specs/SPEC-WEB-CONSOLE-CONFIG-DIET-001/spec.md	REQ-CD-022
.moai/specs/SPEC-WEB-CONSOLE-CONFIG-DIET-001/spec.md	REQ-CD-023
.moai/specs/SPEC-WEB-CONSOLE-CONFIG-DIET-001/spec.md	REQ-CD-030
.moai/specs/SPEC-WEB-CONSOLE-CONFIG-DIET-001/spec.md	REQ-CD-031
.moai/specs/SPEC-WEB-CONSOLE-CONFIG-DIET-001/spec.md	REQ-CD-032
.moai/specs/SPEC-WEB-CONSOLE-CONFIG-DIET-001/spec.md	REQ-CD-033
.moai/specs/SPEC-WEB-CONSOLE-CONFIG-DIET-001/spec.md	REQ-CD-034
.moai/specs/SPEC-WEB-CONSOLE-CONFIG-DIET-001/spec.md	REQ-CD-040
.moai/specs/SPEC-WEB-CONSOLE-CONFIG-DIET-001/spec.md	REQ-CD-041
.moai/specs/SPEC-WEB-CONSOLE-CONFIG-DIET-001/spec.md	REQ-CD-042
.moai/specs/SPEC-WEB-CONSOLE-CONFIG-DIET-001/spec.md	REQ-CD-043
.moai/specs/SPEC-WEB-CONSOLE-CONFIG-DIET-001/spec.md	REQ-CD-050
.moai/specs/SPEC-WEB-CONSOLE-REDESIGN-001/spec.md	REQ-WCR-001
.moai/specs/SPEC-WEB-CONSOLE-REDESIGN-001/spec.md	REQ-WCR-002
.moai/specs/SPEC-WEB-CONSOLE-REDESIGN-001/spec.md	REQ-WCR-003
.moai/specs/SPEC-WEB-CONSOLE-REDESIGN-001/spec.md	REQ-WCR-004
.moai/specs/SPEC-WEB-CONSOLE-REDESIGN-001/spec.md	REQ-WCR-010
.moai/specs/SPEC-WEB-CONSOLE-REDESIGN-001/spec.md	REQ-WCR-011
.moai/specs/SPEC-WEB-CONSOLE-REDESIGN-001/spec.md	REQ-WCR-012
.moai/specs/SPEC-WEB-CONSOLE-REDESIGN-001/spec.md	REQ-WCR-013
.moai/specs/SPEC-WEB-CONSOLE-REDESIGN-001/spec.md	REQ-WCR-020
.moai/specs/SPEC-WEB-CONSOLE-REDESIGN-001/spec.md	REQ-WCR-021
.moai/specs/SPEC-WEB-CONSOLE-REDESIGN-001/spec.md	REQ-WCR-022
.moai/specs/SPEC-WEB-CONSOLE-REDESIGN-001/spec.md	REQ-WCR-023
.moai/specs/SPEC-WEB-CONSOLE-REDESIGN-001/spec.md	REQ-WCR-030
.moai/specs/SPEC-WEB-CONSOLE-REDESIGN-001/spec.md	REQ-WCR-031
.moai/specs/SPEC-WEB-CONSOLE-REDESIGN-001/spec.md	REQ-WCR-032
.moai/specs/SPEC-WEB-CONSOLE-REDESIGN-001/spec.md	REQ-WCR-033
.moai/specs/SPEC-WEB-CONSOLE-REDESIGN-001/spec.md	REQ-WCR-034
.moai/specs/SPEC-WEB-CONSOLE-REDESIGN-001/spec.md	REQ-WCR-040
.moai/specs/SPEC-WEB-CONSOLE-REDESIGN-001/spec.md	REQ-WCR-041
.moai/specs/SPEC-WEB-CONSOLE-REDESIGN-001/spec.md	REQ-WCR-042
.moai/specs/SPEC-WEB-CONSOLE-REDESIGN-001/spec.md	REQ-WCR-050
.moai/specs/SPEC-WEB-CONSOLE-REDESIGN-001/spec.md	REQ-WCR-060
.moai/specs/SPEC-WEB-CONSOLE-REDESIGN-001/spec.md	REQ-WCR-061
.moai/specs/SPEC-WEB-CONSOLE-REDESIGN-001/spec.md	REQ-WCR-062
.moai/specs/SPEC-WEB-CONSOLE-REDESIGN-001/spec.md	REQ-WCR-063
.moai/specs/SPEC-WORKTREE-REAPER-001/spec.md	REQ-WR-001
.moai/specs/SPEC-WORKTREE-REAPER-001/spec.md	REQ-WR-002
.moai/specs/SPEC-WORKTREE-REAPER-001/spec.md	REQ-WR-003
.moai/specs/SPEC-WORKTREE-REAPER-001/spec.md	REQ-WR-004
.moai/specs/SPEC-WORKTREE-REAPER-001/spec.md	REQ-WR-005
.moai/specs/SPEC-WORKTREE-REAPER-001/spec.md	REQ-WR-006
.moai/specs/SPEC-WORKTREE-REAPER-001/spec.md	REQ-WR-007
.moai/specs/SPEC-WORKTREE-REAPER-001/spec.md	REQ-WR-008
.moai/specs/SPEC-WORKTREE-REAPER-001/spec.md	REQ-WR-009
.moai/specs/SPEC-WORKTREE-REAPER-001/spec.md	REQ-WR-010
.moai/specs/SPEC-WORKTREE-REAPER-001/spec.md	REQ-WR-011
.moai/specs/SPEC-WORKTREE-REAPER-001/spec.md	REQ-WR-012
.moai/specs/SPEC-WORKTREE-REAPER-001/spec.md	REQ-WR-013
.moai/specs/SPEC-WORKTREE-REAPER-001/spec.md	REQ-WR-014
.moai/specs/SPEC-WORKTREE-REAPER-001/spec.md	REQ-WR-015
.moai/specs/SPEC-WORKTREE-REAPER-001/spec.md	REQ-WR-016
.moai/specs/SPEC-WORKTREE-REAPER-001/spec.md	REQ-WR-017
.moai/specs/SPEC-WORKTREE-REAPER-001/spec.md	REQ-WR-018
.moai/specs/SPEC-WORKTREE-REAPER-001/spec.md	REQ-WR-019
.moai/specs/SPEC-WORKTREE-REAPER-001/spec.md	REQ-WR-020
.moai/specs/SPEC-WORKTREE-REAPER-001/spec.md	REQ-WR-021
.moai/specs/SPEC-WORKTREE-REAPER-001/spec.md	REQ-WR-022
.moai/specs/SPEC-WORKTREE-REAPER-001/spec.md	REQ-WR-023
.moai/specs/SPEC-WORKTREE-REAPER-001/spec.md	REQ-WR-024
.moai/specs/SPEC-WORKTREE-REAPER-001/spec.md	REQ-WR-025
.moai/specs/SPEC-WT-DOC-001/spec.md	REQ-WD-001
.moai/specs/SPEC-WT-DOC-001/spec.md	REQ-WD-002
.moai/specs/SPEC-WT-DOC-001/spec.md	REQ-WD-003
.moai/specs/SPEC-WT-DOC-001/spec.md	REQ-WD-004
.moai/specs/SPEC-WT-DOC-001/spec.md	REQ-WD-005
.moai/specs/SPEC-WT-DOC-001/spec.md	REQ-WD-006
.moai/specs/SPEC-WT-DOC-001/spec.md	REQ-WD-007
.moai/specs/SPEC-WT-DOC-001/spec.md	REQ-WD-008
.moai/specs/SPEC-WT-DOC-001/spec.md	REQ-WD-009
.moai/specs/SPEC-WT-DOC-001/spec.md	REQ-WD-010
.moai/specs/SPEC-WT-DOC-001/spec.md	REQ-WD-011
.moai/specs/SPEC-WT-DOC-001/spec.md	REQ-WD-012
.moai/specs/SPEC-WT-DOC-001/spec.md	REQ-WD-013
.moai/specs/SPEC-WT-DOC-001/spec.md	REQ-WD-014
.moai/specs/SPEC-WT-DOC-001/spec.md	REQ-WD-015
